Weight Category,Rank,Boxer,Seed,Team Code
Elite Men - 50 Kg (EM-50kg),1,TASHKENBAY SANZHAR,,KAZ
Elite Men - 55 Kg (EM-55kg),1,SABYRKHAN MAKHMUD,,KAZ
Elite Men - 50 Kg (EM-50kg),2,MAGHRAOUI FRYHAH ISMAEL,,ESP
Elite Men - 55 Kg (EM-55kg),2,TROWBRIDGE ELLIS,,ENG
Elite Men - 50 Kg (EM-50kg),3,DIAZ LOPEZ CARLOS,,ESP
Elite Men - 55 Kg (EM-55kg),3,MANDENGBAM JADUMANI SINGH,,IND
Elite Men - 50 Kg (EM-50kg),3,ONGAROV NURZAT,,KAZ
Elite Men - 55 Kg (EM-55kg),3,TOMINES MAXIMUS,,CAN
Elite Men - 50 Kg (EM-50kg),5,SINGH RISHI,,IND
Elite Men - 55 Kg (EM-55kg),5,WANUKAGA ALVIN,,SWE
Elite Men - 50 Kg (EM-50kg),5,RUDYK MAKSYM,,UKR
Elite Men - 55 Kg (EM-55kg),5,BARTWAL PAWAN,,IND
Elite Men - 50 Kg (EM-50kg),5,ROCK ISAIAH,,CAN
Elite Men - 55 Kg (EM-55kg),5,PENG CHIA-FENG,,TPE
Elite Men - 55 Kg (EM-55kg),5,BORANBEK BEXULTAN,,KAZ
Elite Men - 55 Kg (EM-55kg),9,GAUCHER IZAYA,,FRA
Elite Men - 55 Kg (EM-55kg),9,ZYMENKO MAKSYM,,UKR
Elite Men - 60 Kg (EM-60kg),1,SACHIN,,IND
Elite Men - 65 Kg (EM-65kg),1,ALIIEV ELVIN,,UKR
Elite Men - 60 Kg (EM-60kg),2,AL AHMADIEH KEOMA-ALI,,CAN
Elite Men - 65 Kg (EM-65kg),2,OUNAI MOHAMED,,FRA
Elite Men - 60 Kg (EM-60kg),3,DRYDEN JACK,,ENG
Elite Men - 65 Kg (EM-65kg),3,IBARRECHE CONDE OIER,,ESP
Elite Men - 60 Kg (EM-60kg),3,MOHAMMED HUSSAM UDDIN,,IND
Elite Men - 65 Kg (EM-65kg),3,PIDNUCH KHUNATIP,,THA
Elite Men - 60 Kg (EM-60kg),5,ABDURAIMOV AIDER,,UKR
Elite Men - 65 Kg (EM-65kg),5,JAMWAL ABHINASH,,IND
Elite Men - 60 Kg (EM-60kg),5,TEMIRZHANOV SERIK,,KAZ
Elite Men - 65 Kg (EM-65kg),5,TURNER JOE,,ENG
Elite Men - 60 Kg (EM-60kg),5,MELKUMIAN GEORGES BENIK,,LUX
Elite Men - 65 Kg (EM-65kg),5,LABRIE GABRIEL ALY,,CAN
Elite Men - 60 Kg (EM-60kg),5,DAHLY ALI,,UKR
Elite Men - 65 Kg (EM-65kg),5,RAGA LEWAS JOAN MARCEL,,ESP
Elite Men - 60 Kg (EM-60kg),9,CHINEA COLLAZOS BRANDON ALEJANDRO,,ESP
Elite Men - 65 Kg (EM-65kg),9,TYMUR TSEBEN,,POL
Elite Men - 60 Kg (EM-60kg),9,AL CHABTUN MAHMOUD,,NED
Elite Men - 65 Kg (EM-65kg),9,GULIYEV RASUL,,UKR
Elite Men - 70 Kg (EM-70kg),1,SABYRKHAN TOREKHAN,,KAZ
Elite Men - 75 Kg (EM-75kg),1,AKASH,,IND
Elite Men - 70 Kg (EM-70kg),2,DEEPAK,,IND
Elite Men - 75 Kg (EM-75kg),2,KONSBEKOV AMAN,,KAZ
Elite Men - 70 Kg (EM-70kg),3,MURSAL NURBEK,,KAZ
Elite Men - 75 Kg (EM-75kg),3,ZAKHARIEIEV YURII,,UKR
Elite Men - 70 Kg (EM-70kg),5,MAYUOM KOUC,,DEN
Elite Men - 75 Kg (EM-75kg),5,SAEZ CAÑERO JOSE LUIS,,ESP
Elite Men - 70 Kg (EM-70kg),5,ROSALÉN PRIETO DAVID EDEÑEL,,ESP
Elite Men - 75 Kg (EM-75kg),5,EL QADMI HASSANA,,FRA
Elite Men - 70 Kg (EM-70kg),5,SANTORIELLO VINCENT,,CAN
Elite Men - 75 Kg (EM-75kg),5,SHAW-TULLIN KYLE,,ENG
Elite Men - 70 Kg (EM-70kg),5,MATIAKUBOV BOZORBOI,,UKR
Elite Men - 75 Kg (EM-75kg),5,SALAS MANUEL BENI,,BEL
Elite Men - 70 Kg (EM-70kg),9,MONTEIRO AILTON,,CPV
Elite Men - 75 Kg (EM-75kg),9,ZAKKHARCHENKO NIKITA,,UKR
Elite Men - 70 Kg (EM-70kg),9,AYITEVI HORNEL,,BEL
Elite Men - 75 Kg (EM-75kg),9,ZYGULA LUKASZ,,POL
Elite Men - 80 Kg (EM-80kg),1,ILLIUSHA PAVLO,,UKR
Elite Men - 85 Kg (EM-85kg),1,ORALBAY NURBEK,,KAZ
Elite Men - 80 Kg (EM-80kg),2,ANKUSH,,IND
Elite Men - 85 Kg (EM-85kg),2,PANAH ARYAN SAED,,NEU
Elite Men - 80 Kg (EM-80kg),3,COY BERNAL PABLO,,ESP
Elite Men - 85 Kg (EM-85kg),3,FRESNEDA RICARDO ADRIAN,,ESP
Elite Men - 80 Kg (EM-80kg),3,BEKTAS AZAMAT,,KAZ
Elite Men - 85 Kg (EM-85kg),3,LAKTIONOV MYKOLA,,UKR
Elite Men - 80 Kg (EM-80kg),5,JONGJOHO WEERAPON,,THA
Elite Men - 85 Kg (EM-85kg),5,ZHASAN DANYLO,,UKR
Elite Men - 80 Kg (EM-80kg),5,ZHAKPEKOV YERASSYL,,KAZ
Elite Men - 85 Kg (EM-85kg),5,RAZHBA MATVII,,UKR
Elite Men - 80 Kg (EM-80kg),5,BEN OTHMEN RAYEN,,BEL
Elite Men - 85 Kg (EM-85kg),5,JUGNOO,,IND
Elite Men - 80 Kg (EM-80kg),5,CARCAMO UMAR,,CAN
Elite Men - 85 Kg (EM-85kg),5,IBAÑEZ MATAIX RUBEN,,ESP
Elite Men - 80 Kg (EM-80kg),9,MALSAWMTLUANGA,,IND
Elite Men - 80 Kg (EM-80kg),9,MONTEIRO KEVIN,,CPV
Elite Men - 90 Kg (EM-90kg),1,REYES PLA ENMANUEL,,ESP
Elite Men + 90 Kg (EM+90kg),1,ORALBAY AIBEK,,KAZ
Elite Men - 90 Kg (EM-90kg),2,TOGAMBAY SAGYNDYK,,KAZ
Elite Men + 90 Kg (EM+90kg),2,ASSYLKHAN NURASSYL,,KAZ
Elite Men - 90 Kg (EM-90kg),3,OKOH ISSAC,,ENG
Elite Men + 90 Kg (EM+90kg),3,KHALETSKYI ANDRII,,UKR
Elite Men - 90 Kg (EM-90kg),3,MICHKOVSKYI PAVLO,,UKR
Elite Men + 90 Kg (EM+90kg),3,LOVCHYNSKYI DMYTRO,,UKR
Elite Men - 90 Kg (EM-90kg),5,RAKHMANOV ONGTALAP,,KAZ
Elite Men + 90 Kg (EM+90kg),5,WILLIAMS MATT,,ENG
Elite Men - 90 Kg (EM-90kg),5,SOUKOUNA KANDORO,,FRA
Elite Men + 90 Kg (EM+90kg),5,GILL SAWAN,,IND
Elite Men - 90 Kg (EM-90kg),5,CHOUDHARY HARSH,,IND
Elite Men + 90 Kg (EM+90kg),5,GLADOSEV DMITRI,,EST
Elite Men - 90 Kg (EM-90kg),5,BELEZIKA ELWIN,,SWE
Elite Men + 90 Kg (EM+90kg),5,EL KHATTABI ZAGHDAD ABDEL MONIM,,ESP
Elite Men - 90 Kg (EM-90kg),9,TOLMACHOV BOGDAN,,UKR
Elite Men - 90 Kg (EM-90kg),9,KERMAS LEON,,EST
Elite Women - 48 Kg (EW-48kg),1,RANI MANJU,,IND
Elite Women - 51 Kg (EW-51kg),1,NITU,,IND
Elite Women - 48 Kg (EW-48kg),2,LOPEZ DEL ARBOL MARTA,,ESP
Elite Women - 51 Kg (EW-51kg),2,GUTIERREZ SALMERON NOELIA,,ESP
Elite Women - 48 Kg (EW-48kg),3,LYNIV SOLOMIIA,,UKR
Elite Women - 51 Kg (EW-51kg),3,RAKSAT CHUTHAMAT,,THA
Elite Women - 48 Kg (EW-48kg),3,TURGANOVA YELYANUR,,KAZ
Elite Women - 51 Kg (EW-51kg),3,POKUSAI TAISSIA,,UKR
Elite Women - 48 Kg (EW-48kg),5,D´ALMEIDA GLORIA,,FRA
Elite Women - 51 Kg (EW-51kg),5,WRIGHT MCKENZIE,,CAN
Elite Women - 51 Kg (EW-51kg),5,BOUREGA MAYSSOUN,,FRA
Elite Women - 51 Kg (EW-51kg),5,KUSUM,,IND
Elite Women - 51 Kg (EW-51kg),5,CHIU CHING-YU,,TPE
Elite Women - 51 Kg (EW-51kg),9,BARCELÓ CALDERÓN LAURA,,ESP
Elite Women - 51 Kg (EW-51kg),9,ABDUMEZHITOVA RAKHMINA,,KAZ
Elite Women - 54 Kg (EW-54kg),1,POONAM,,IND
Elite Women - 57 Kg (EW-57kg),1,RUENROS PUNRAWEE,,THA
Elite Women - 54 Kg (EW-54kg),2,PREETI,,IND
Elite Women - 57 Kg (EW-57kg),2,WEERHEIM GABRIELLA,,NED
Elite Women - 54 Kg (EW-54kg),3,SMITH IVY-JANE,,ENG
Elite Women - 57 Kg (EW-57kg),3,AL AHMADIEH MARIE,,CAN
Elite Women - 54 Kg (EW-54kg),3,HAMDI AYA,,FRA
Elite Women - 57 Kg (EW-57kg),3,PARSONS VIVIEN,,ENG
Elite Women - 54 Kg (EW-54kg),5,CHONGPRONGKLANG NATNICHA,,THA
Elite Women - 57 Kg (EW-57kg),5,VINKA,,IND
Elite Women - 54 Kg (EW-54kg),5,GONZALEZ CACERES MARIA,,ESP
Elite Women - 57 Kg (EW-57kg),5,CARDENAS FERNANDEZ ANDREA,,ESP
Elite Women - 54 Kg (EW-54kg),5,de FELICE ANGELA,,SUI
Elite Women - 57 Kg (EW-57kg),5,HUTARINA DARIA-OLHA,,UKR
Elite Women - 54 Kg (EW-54kg),5,SHKEUL VICTORIIA,,UKR
Elite Women - 57 Kg (EW-57kg),5,PRACHI,,IND
Elite Women - 54 Kg (EW-54kg),9,ALIASKAR SYMBAT,,KAZ
Elite Women - 57 Kg (EW-57kg),9,TERESI MALOÉ,,FRA
Elite Women - 54 Kg (EW-54kg),9,DELGADO MEDEIROS MIREN,,ESP
Elite Women - 57 Kg (EW-57kg),9,ISSAYEVA SHAKHNAZ,,KAZ
Elite Women - 60 Kg (EW-60kg),1,PRIYA,,IND
Elite Women - 65 Kg (EW-65kg),1,ALLEN KAYLA,,ENG
Elite Women - 60 Kg (EW-60kg),2,DOVHAL TETIANA,,UKR
Elite Women - 65 Kg (EW-65kg),2,SERIK NAZERKE,,KAZ
Elite Women - 60 Kg (EW-60kg),3,SOMNUEK THANANYA,,THA
Elite Women - 65 Kg (EW-65kg),3,YADAV PRANJAL,,IND
Elite Women - 60 Kg (EW-60kg),5,GALANO LOPEZ LAURA,,ESP
Elite Women - 65 Kg (EW-65kg),5,MERINOVA NATALIIA,,UKR
Elite Women - 60 Kg (EW-60kg),5,BAIDUKOVA VIKTORIYA,,KAZ
Elite Women - 65 Kg (EW-65kg),5,SOTO TORRES MARIANA,,ESP
Elite Women - 60 Kg (EW-60kg),5,GRAFEYEVA YEVGENIYA,,KAZ
Elite Women - 65 Kg (EW-65kg),5,ICHSHANOVA AKNAR,,KAZ
Elite Women - 60 Kg (EW-60kg),5,PATIL DISHA VIJAY,,IND
Elite Women - 65 Kg (EW-65kg),5,JILKOVÁ VIKTORIE,,CZE
Elite Women - 60 Kg (EW-60kg),9,MANSUETTO ALESSIA,,CAN
Elite Women - 65 Kg (EW-65kg),9,HOPPEMA AALIYAH,,NED
Elite Women - 60 Kg (EW-60kg),9,NOVICEUR LISA,,FRA
Elite Women - 65 Kg (EW-65kg),9,JENNI ANNA,,SUI
Elite Women - 70 Kg (EW-70kg),1,CHOURDHARY ARUNDHATI,,IND
Elite Women - 75 Kg (EW-75kg),1,BORGOHAIN LOVLINA,,IND
Elite Women - 70 Kg (EW-70kg),2,TARAN ANASTASIIA,,UKR
Elite Women - 75 Kg (EW-75kg),2,SMITH MARY-KATE,,ENG
Elite Women - 70 Kg (EW-70kg),3,MARTINEZ MAS DUNIA,,ESP
Elite Women - 75 Kg (EW-75kg),3,ECCLES ROSIE,,WAL
Elite Women - 70 Kg (EW-70kg),3,BADIN ANDREA,,FRA
Elite Women - 75 Kg (EW-75kg),3,THOKCHOM SANAMACHA CHANU,,IND
Elite Women - 70 Kg (EW-70kg),5,ISSINA AZIZA,,KAZ
Elite Women - 75 Kg (EW-75kg),5,PYLYPCHUK OLHA,,UKR
Elite Women - 70 Kg (EW-70kg),5,LOPEZ MOTA LORENA,,ESP
Elite Women - 75 Kg (EW-75kg),5,GARCIA ADAME ALMA,,ESP
Elite Women - 70 Kg (EW-70kg),5,MONTEMIGLIO MAEVA,,CAN
Elite Women - 75 Kg (EW-75kg),5,SOKOLOVSKA ANASTASIYA,,ESP
Elite Women - 70 Kg (EW-70kg),5,SNEHA,,IND
Elite Women - 75 Kg (EW-75kg),5,PENNEY VIKTORIA,,CAN
Elite Women - 80 Kg (EW-80kg),1,NAINA,,IND
Elite Women + 80 Kg (EW+80kg),1,SADYKOVA UMIDA,,KAZ
Elite Women - 80 Kg (EW-80kg),2,PISKUN RAISA,,UKR
Elite Women + 80 Kg (EW+80kg),2,SEIITKAHNKYZY PANAR,,KAZ
Elite Women - 80 Kg (EW-80kg),3,SADYKOVA GUZAL,,KAZ
Elite Women + 80 Kg (EW+80kg),3,MANKIRAT KAUR,,IND
Elite Women + 80 Kg (EW+80kg),3,GULLEN ORTIZ TINDAYA LUCIA,,ESP
