event,event_no,discipline,gender,phase,date,rank,team,time_raw,time_sec,status,leg,swimmer,date_raw,date_source,page
38th NATIONAL GAMES 2025,5,4 x 100m Freestyle,Men,Prelim,2025-01-29,1,Tamilnadu,3:39.17,219.17,Q,1,Joshua Thomas,29-01-2025,session date on first block,3
38th NATIONAL GAMES 2025,5,4 x 100m Freestyle,Men,Prelim,2025-01-29,1,Tamilnadu,3:39.17,219.17,Q,2,M.J.Praveen Kumar,29-01-2025,session date on first block,3
38th NATIONAL GAMES 2025,5,4 x 100m Freestyle,Men,Prelim,2025-01-29,1,Tamilnadu,3:39.17,219.17,Q,3,M.S.Yadesh Babu,29-01-2025,session date on first block,3
38th NATIONAL GAMES 2025,5,4 x 100m Freestyle,Men,Prelim,2025-01-29,1,Tamilnadu,3:39.17,219.17,Q,4,Benediction Rohit,29-01-2025,session date on first block,3
38th NATIONAL GAMES 2025,5,4 x 100m Freestyle,Men,Prelim,2025-01-29,2,Karnataka,3:40.44,220.44,Q,1,Akash Mani,29-01-2025,session date on first block,3
38th NATIONAL GAMES 2025,5,4 x 100m Freestyle,Men,Prelim,2025-01-29,2,Karnataka,3:40.44,220.44,Q,2,Chinatan S Shetty,29-01-2025,session date on first block,3
38th NATIONAL GAMES 2025,5,4 x 100m Freestyle,Men,Prelim,2025-01-29,2,Karnataka,3:40.44,220.44,Q,3,Aneesh S Gowda,29-01-2025,session date on first block,3
38th NATIONAL GAMES 2025,5,4 x 100m Freestyle,Men,Prelim,2025-01-29,2,Karnataka,3:40.44,220.44,Q,4,Srihari Nataraj,29-01-2025,session date on first block,3
38th NATIONAL GAMES 2025,5,4 x 100m Freestyle,Men,Prelim,2025-01-29,3,Maharashtra,3:41.75,221.75,Q,1,Om Pravin Satam,29-01-2025,session date on first block,3
38th NATIONAL GAMES 2025,5,4 x 100m Freestyle,Men,Prelim,2025-01-29,3,Maharashtra,3:41.75,221.75,Q,2,Heer Gitesh Shah,29-01-2025,session date on first block,3
38th NATIONAL GAMES 2025,5,4 x 100m Freestyle,Men,Prelim,2025-01-29,3,Maharashtra,3:41.75,221.75,Q,3,Salil Bhagwat,29-01-2025,session date on first block,3
38th NATIONAL GAMES 2025,5,4 x 100m Freestyle,Men,Prelim,2025-01-29,3,Maharashtra,3:41.75,221.75,Q,4,Rishabh Das,29-01-2025,session date on first block,3
38th NATIONAL GAMES 2025,5,4 x 100m Freestyle,Men,Prelim,2025-01-29,4,Andhra Pradesh,3:41.92,221.92,Q,1,Mongam Theerdu Samadev,29-01-2025,session date on first block,3
38th NATIONAL GAMES 2025,5,4 x 100m Freestyle,Men,Prelim,2025-01-29,4,Andhra Pradesh,3:41.92,221.92,Q,2,Neelam Deva Ganesh,29-01-2025,session date on first block,3
38th NATIONAL GAMES 2025,5,4 x 100m Freestyle,Men,Prelim,2025-01-29,4,Andhra Pradesh,3:41.92,221.92,Q,3,Sarath Mogili,29-01-2025,session date on first block,3
38th NATIONAL GAMES 2025,5,4 x 100m Freestyle,Men,Prelim,2025-01-29,4,Andhra Pradesh,3:41.92,221.92,Q,4,Gotteti Sampath Kumar Yadav,29-01-2025,session date on first block,3
38th NATIONAL GAMES 2025,5,4 x 100m Freestyle,Men,Prelim,2025-01-29,5,Gujarat,3:43.92,223.92,Q,1,Devansh Parmar,29-01-2025,session date on first block,3
38th NATIONAL GAMES 2025,5,4 x 100m Freestyle,Men,Prelim,2025-01-29,5,Gujarat,3:43.92,223.92,Q,2,Anshul Kothari,29-01-2025,session date on first block,3
38th NATIONAL GAMES 2025,5,4 x 100m Freestyle,Men,Prelim,2025-01-29,5,Gujarat,3:43.92,223.92,Q,3,Heer Pitroda,29-01-2025,session date on first block,3
38th NATIONAL GAMES 2025,5,4 x 100m Freestyle,Men,Prelim,2025-01-29,5,Gujarat,3:43.92,223.92,Q,4,Aryan Nehra,29-01-2025,session date on first block,3
38th NATIONAL GAMES 2025,5,4 x 100m Freestyle,Men,Prelim,2025-01-29,6,Bengal,3:44.92,224.92,Q,1,Parambrata Biswas,29-01-2025,session date on first block,3
38th NATIONAL GAMES 2025,5,4 x 100m Freestyle,Men,Prelim,2025-01-29,6,Bengal,3:44.92,224.92,Q,2,Soumyajit Saha,29-01-2025,session date on first block,3
38th NATIONAL GAMES 2025,5,4 x 100m Freestyle,Men,Prelim,2025-01-29,6,Bengal,3:44.92,224.92,Q,3,Utsab Datta,29-01-2025,session date on first block,3
38th NATIONAL GAMES 2025,5,4 x 100m Freestyle,Men,Prelim,2025-01-29,6,Bengal,3:44.92,224.92,Q,4,Sougata Das,29-01-2025,session date on first block,3
38th NATIONAL GAMES 2025,5,4 x 100m Freestyle,Men,Prelim,2025-01-29,7,SSCB,3:45.57,225.57,Q,1,Unni Krishnan S,29-01-2025,session date on first block,3
38th NATIONAL GAMES 2025,5,4 x 100m Freestyle,Men,Prelim,2025-01-29,7,SSCB,3:45.57,225.57,Q,2,Ronak Nitin Sawant,29-01-2025,session date on first block,3
38th NATIONAL GAMES 2025,5,4 x 100m Freestyle,Men,Prelim,2025-01-29,7,SSCB,3:45.57,225.57,Q,3,Ansukar,29-01-2025,session date on first block,3
38th NATIONAL GAMES 2025,5,4 x 100m Freestyle,Men,Prelim,2025-01-29,7,SSCB,3:45.57,225.57,Q,4,Vikkas P,29-01-2025,session date on first block,3
38th NATIONAL GAMES 2025,5,4 x 100m Freestyle,Men,Prelim,2025-01-29,8,Punjab,3:50.13,230.13,Q,1,Mridul Punia,29-01-2025,session date on first block,3
38th NATIONAL GAMES 2025,5,4 x 100m Freestyle,Men,Prelim,2025-01-29,8,Punjab,3:50.13,230.13,Q,2,Anshav Jindal,29-01-2025,session date on first block,3
38th NATIONAL GAMES 2025,5,4 x 100m Freestyle,Men,Prelim,2025-01-29,8,Punjab,3:50.13,230.13,Q,3,Lakshya Jindal,29-01-2025,session date on first block,3
38th NATIONAL GAMES 2025,5,4 x 100m Freestyle,Men,Prelim,2025-01-29,8,Punjab,3:50.13,230.13,Q,4,Rishabh Singh Dadhwal,29-01-2025,session date on first block,3
38th NATIONAL GAMES 2025,5,4 x 100m Freestyle,Men,Prelim,2025-01-29,9,Odisha,3:54.62,234.62,R,1,Nabin Sharma,29-01-2025,session date printed on page,4
38th NATIONAL GAMES 2025,5,4 x 100m Freestyle,Men,Prelim,2025-01-29,9,Odisha,3:54.62,234.62,R,2,Jagjit Pradhan,29-01-2025,session date printed on page,4
38th NATIONAL GAMES 2025,5,4 x 100m Freestyle,Men,Prelim,2025-01-29,9,Odisha,3:54.62,234.62,R,3,Anshuman Vashist,29-01-2025,session date printed on page,4
38th NATIONAL GAMES 2025,5,4 x 100m Freestyle,Men,Prelim,2025-01-29,9,Odisha,3:54.62,234.62,R,4,Shubrant Patra,29-01-2025,session date printed on page,4
38th NATIONAL GAMES 2025,5,4 x 100m Freestyle,Men,Prelim,2025-01-29,10,Madhya Pradesh,3:55.77,235.77,R,1,Advait Page,29-01-2025,session date printed on page,4
38th NATIONAL GAMES 2025,5,4 x 100m Freestyle,Men,Prelim,2025-01-29,10,Madhya Pradesh,3:55.77,235.77,R,2,Anvesh Singh,29-01-2025,session date printed on page,4
38th NATIONAL GAMES 2025,5,4 x 100m Freestyle,Men,Prelim,2025-01-29,10,Madhya Pradesh,3:55.77,235.77,R,3,Bhavesh Choudhary,29-01-2025,session date printed on page,4
38th NATIONAL GAMES 2025,5,4 x 100m Freestyle,Men,Prelim,2025-01-29,10,Madhya Pradesh,3:55.77,235.77,R,4,Shlok Gureja,29-01-2025,session date printed on page,4
38th NATIONAL GAMES 2025,5,4 x 100m Freestyle,Men,Prelim,2025-01-29,11,Telangana,4:00.48,240.48,,1,Saikat Chatterjee,29-01-2025,session date printed on page,4
38th NATIONAL GAMES 2025,5,4 x 100m Freestyle,Men,Prelim,2025-01-29,11,Telangana,4:00.48,240.48,,2,Jordan Dominic Franklin,29-01-2025,session date printed on page,4
38th NATIONAL GAMES 2025,5,4 x 100m Freestyle,Men,Prelim,2025-01-29,11,Telangana,4:00.48,240.48,,3,Pranav Chidella,29-01-2025,session date printed on page,4
38th NATIONAL GAMES 2025,5,4 x 100m Freestyle,Men,Prelim,2025-01-29,11,Telangana,4:00.48,240.48,,4,Varshith Dhulipudi,29-01-2025,session date printed on page,4
38th NATIONAL GAMES 2025,5,4 x 100m Freestyle,Men,Prelim,2025-01-29,,Delhi,,,DNS,,,29-01-2025,session date printed on page,4
38th NATIONAL GAMES 2025,6,4 x 100m Freestyle,Women,Prelim,2025-01-29,1,Karnataka,4:12.74,252.74,Q,1,Nina Venkatesh,29-01-2025,session date printed on page,4
38th NATIONAL GAMES 2025,6,4 x 100m Freestyle,Women,Prelim,2025-01-29,1,Karnataka,4:12.74,252.74,Q,2,Shalini R Dixit,29-01-2025,session date printed on page,4
38th NATIONAL GAMES 2025,6,4 x 100m Freestyle,Women,Prelim,2025-01-29,1,Karnataka,4:12.74,252.74,Q,3,Latiesha Mandana,29-01-2025,session date printed on page,4
38th NATIONAL GAMES 2025,6,4 x 100m Freestyle,Women,Prelim,2025-01-29,1,Karnataka,4:12.74,252.74,Q,4,Dhinidhi Desinghu,29-01-2025,session date printed on page,4
38th NATIONAL GAMES 2025,6,4 x 100m Freestyle,Women,Prelim,2025-01-29,2,Maharashtra,4:16.09,256.09,Q,1,Anvi Deshwal,29-01-2025,session date printed on page,4
38th NATIONAL GAMES 2025,6,4 x 100m Freestyle,Women,Prelim,2025-01-29,2,Maharashtra,4:16.09,256.09,Q,2,Saanvi Deshwal,29-01-2025,session date printed on page,4
38th NATIONAL GAMES 2025,6,4 x 100m Freestyle,Women,Prelim,2025-01-29,2,Maharashtra,4:16.09,256.09,Q,3,Avantika Chawan,29-01-2025,session date printed on page,4
38th NATIONAL GAMES 2025,6,4 x 100m Freestyle,Women,Prelim,2025-01-29,2,Maharashtra,4:16.09,256.09,Q,4,Aditi Satish Hegde,29-01-2025,session date printed on page,4
38th NATIONAL GAMES 2025,6,4 x 100m Freestyle,Women,Prelim,2025-01-29,3,Tamilnadu,4:17.88,257.88,Q,1,Shreenithi Natesan,29-01-2025,session date printed on page,4
38th NATIONAL GAMES 2025,6,4 x 100m Freestyle,Women,Prelim,2025-01-29,3,Tamilnadu,4:17.88,257.88,Q,2,Adwika G Nair,29-01-2025,session date printed on page,4
38th NATIONAL GAMES 2025,6,4 x 100m Freestyle,Women,Prelim,2025-01-29,3,Tamilnadu,4:17.88,257.88,Q,3,Dhayanitha,29-01-2025,session date printed on page,4
38th NATIONAL GAMES 2025,6,4 x 100m Freestyle,Women,Prelim,2025-01-29,3,Tamilnadu,4:17.88,257.88,Q,4,Deeksha Sivakumar,29-01-2025,session date printed on page,4
38th NATIONAL GAMES 2025,6,4 x 100m Freestyle,Women,Prelim,2025-01-29,4,Odisha,4:21.81,261.81,Q,1,Pratyasa Ray,29-01-2025,session date printed on page,4
38th NATIONAL GAMES 2025,6,4 x 100m Freestyle,Women,Prelim,2025-01-29,4,Odisha,4:21.81,261.81,Q,2,Anshika Aradhna Sahoo,29-01-2025,session date printed on page,4
38th NATIONAL GAMES 2025,6,4 x 100m Freestyle,Women,Prelim,2025-01-29,4,Odisha,4:21.81,261.81,Q,3,Divyanka Dibyajyoti Pradhan,29-01-2025,session date printed on page,4
38th NATIONAL GAMES 2025,6,4 x 100m Freestyle,Women,Prelim,2025-01-29,4,Odisha,4:21.81,261.81,Q,4,Shristi Upadhaya,29-01-2025,session date printed on page,4
38th NATIONAL GAMES 2025,6,4 x 100m Freestyle,Women,Prelim,2025-01-29,5,Bengal,4:33.11,273.11,Q,1,Soubriti Mondal,29-01-2025,session date printed on page,4
38th NATIONAL GAMES 2025,6,4 x 100m Freestyle,Women,Prelim,2025-01-29,5,Bengal,4:33.11,273.11,Q,2,Swastika Das,29-01-2025,session date printed on page,4
38th NATIONAL GAMES 2025,6,4 x 100m Freestyle,Women,Prelim,2025-01-29,5,Bengal,4:33.11,273.11,Q,3,Mouboni Patra,29-01-2025,session date printed on page,4
38th NATIONAL GAMES 2025,6,4 x 100m Freestyle,Women,Prelim,2025-01-29,5,Bengal,4:33.11,273.11,Q,4,Snigdha Ghosh,29-01-2025,session date printed on page,4
38th NATIONAL GAMES 2025,6,4 x 100m Freestyle,Women,Prelim,2025-01-29,6,Kerala,4:34.56,274.56,Q,1,Nirmala. R,29-01-2025,session date printed on page,4
38th NATIONAL GAMES 2025,6,4 x 100m Freestyle,Women,Prelim,2025-01-29,6,Kerala,4:34.56,274.56,Q,2,Dakshina Bijo P,29-01-2025,session date printed on page,4
38th NATIONAL GAMES 2025,6,4 x 100m Freestyle,Women,Prelim,2025-01-29,6,Kerala,4:34.56,274.56,Q,3,Bhadra Sudevan S,29-01-2025,session date printed on page,4
38th NATIONAL GAMES 2025,6,4 x 100m Freestyle,Women,Prelim,2025-01-29,6,Kerala,4:34.56,274.56,Q,4,Harshitha Jayaram,29-01-2025,session date printed on page,4
38th NATIONAL GAMES 2025,6,4 x 100m Freestyle,Women,Prelim,2025-01-29,7,Telangana,4:45.03,285.03,Q,1,Sai Akshara Avadootha,29-01-2025,session date printed on page,4
38th NATIONAL GAMES 2025,6,4 x 100m Freestyle,Women,Prelim,2025-01-29,7,Telangana,4:45.03,285.03,Q,2,Ditya Chowdary Vemulapalli,29-01-2025,session date printed on page,4
38th NATIONAL GAMES 2025,6,4 x 100m Freestyle,Women,Prelim,2025-01-29,7,Telangana,4:45.03,285.03,Q,3,Aditi Nadella,29-01-2025,session date printed on page,4
38th NATIONAL GAMES 2025,6,4 x 100m Freestyle,Women,Prelim,2025-01-29,7,Telangana,4:45.03,285.03,Q,4,Johanna Shiju,29-01-2025,session date printed on page,4
38th NATIONAL GAMES 2025,6,4 x 100m Freestyle,Women,Prelim,2025-01-29,8,Punjab,4:48.41,288.41,Q,1,Shubnoor Kaur,29-01-2025,session date printed on page,4
38th NATIONAL GAMES 2025,6,4 x 100m Freestyle,Women,Prelim,2025-01-29,8,Punjab,4:48.41,288.41,Q,2,Vanshika,29-01-2025,session date printed on page,4
38th NATIONAL GAMES 2025,6,4 x 100m Freestyle,Women,Prelim,2025-01-29,8,Punjab,4:48.41,288.41,Q,3,Kriti Arora,29-01-2025,session date printed on page,4
38th NATIONAL GAMES 2025,6,4 x 100m Freestyle,Women,Prelim,2025-01-29,8,Punjab,4:48.41,288.41,Q,4,Ekambir Kaur Sandhu,29-01-2025,session date printed on page,4
38th NATIONAL GAMES 2025,6,4 x 100m Freestyle,Women,Prelim,2025-01-29,,Delhi,,,DSQ,,,29-01-2025,session date printed on page,4
38th NATIONAL GAMES 2025,6,4 x 100m Freestyle,Women,Prelim,2025-01-29,,Andhra Pradesh,,,DNS,,,29-01-2025,session date printed on page,4
