event,event_no,discipline,gender,phase,date,rank,name,team,time_raw,time_sec,status,date_raw,date_source,page
38th NATIONAL GAMES 2025,1,200m Freestyle,Men,Final,2025-01-29,1,Srihari Nataraj,Karnataka,1:50.57,110.57,,29-01-2025,first block heading,1
38th NATIONAL GAMES 2025,1,200m Freestyle,Men,Final,2025-01-29,2,Aneesh S Gowda,Karnataka,1:52.42,112.42,,29-01-2025,first block heading,1
38th NATIONAL GAMES 2025,1,200m Freestyle,Men,Final,2025-01-29,3,Sajan Prakash,Kerala,1:53.73,113.73,,29-01-2025,first block heading,1
38th NATIONAL GAMES 2025,1,200m Freestyle,Men,Final,2025-01-29,4,Kushagra Rawat,Delhi,1:54.38,114.38,,29-01-2025,first block heading,1
38th NATIONAL GAMES 2025,1,200m Freestyle,Men,Final,2025-01-29,5,Aryan Nehra,Gujarat,1:54.53,114.53,,29-01-2025,first block heading,1
38th NATIONAL GAMES 2025,1,200m Freestyle,Men,Final,2025-01-29,6,Rishabh Das,Maharashtra,1:54.61,114.61,,29-01-2025,first block heading,1
38th NATIONAL GAMES 2025,1,200m Freestyle,Men,Final,2025-01-29,7,Tirthank Pegu,Assam,1:55.00,115.0,,29-01-2025,first block heading,1
38th NATIONAL GAMES 2025,1,200m Freestyle,Men,Final,2025-01-29,8,Gotteti Sampath Kumar Yadav,Andhra Pradesh,1:58.45,118.45,,29-01-2025,first block heading,1
38th NATIONAL GAMES 2025,2,200m Freestyle,Women,Final,2025-01-29,1,Dhinidhi Desinghu,Karnataka,2:03.24,123.24,,29-01-2025,first block heading,1
38th NATIONAL GAMES 2025,2,200m Freestyle,Women,Final,2025-01-29,2,Bhavya Sachdeva,Delhi,2:08.68,128.68,,29-01-2025,first block heading,1
38th NATIONAL GAMES 2025,2,200m Freestyle,Women,Final,2025-01-29,3,Aditi Satish Hegde,Maharashtra,2:09.74,129.74,,29-01-2025,first block heading,1
38th NATIONAL GAMES 2025,2,200m Freestyle,Women,Final,2025-01-29,4,Shreenithi Natesan,Tamilnadu,2:10.43,130.43,,29-01-2025,first block heading,1
38th NATIONAL GAMES 2025,2,200m Freestyle,Women,Final,2025-01-29,4,Titiksha Rawat,Delhi,2:10.43,130.43,,29-01-2025,first block heading,1
38th NATIONAL GAMES 2025,2,200m Freestyle,Women,Final,2025-01-29,6,Jahnabi Kashyap,Assam,2:12.94,132.94,,29-01-2025,first block heading,1
38th NATIONAL GAMES 2025,2,200m Freestyle,Women,Final,2025-01-29,7,Meenakshi Menon,Karnataka,2:13.78,133.78,,29-01-2025,first block heading,1
38th NATIONAL GAMES 2025,2,200m Freestyle,Women,Final,2025-01-29,8,Subhranshini Priyadarshini,Assam,2:13.84,133.84,,29-01-2025,first block heading,1
38th NATIONAL GAMES 2025,3,100m Butterfly,Men,Final,2025-01-29,1,Benedicton Rohit,Tamilnadu,53.89,53.89,,29-01-2025,first block heading,1
38th NATIONAL GAMES 2025,3,100m Butterfly,Men,Final,2025-01-29,2,Mihir Ambre,Maharashtra,54.24,54.24,,29-01-2025,first block heading,1
38th NATIONAL GAMES 2025,3,100m Butterfly,Men,Final,2025-01-29,3,Sajan Prakash,Kerala,54.52,54.52,,29-01-2025,first block heading,1
38th NATIONAL GAMES 2025,3,100m Butterfly,Men,Final,2025-01-29,4,Bikram Changmai,Assam,55.32,55.32,,29-01-2025,first block heading,1
38th NATIONAL GAMES 2025,3,100m Butterfly,Men,Final,2025-01-29,5,Harsh Saroha,Haryana,55.36,55.36,,29-01-2025,first block heading,1
38th NATIONAL GAMES 2025,3,100m Butterfly,Men,Final,2025-01-29,6,Jananjoy Jyoti Hazarika,Assam,55.49,55.49,,29-01-2025,first block heading,1
38th NATIONAL GAMES 2025,3,100m Butterfly,Men,Final,2025-01-29,7,Salil Bhagwat,Maharashtra,55.69,55.69,,29-01-2025,first block heading,1
38th NATIONAL GAMES 2025,3,100m Butterfly,Men,Final,2025-01-29,8,Aryan Panchal,Gujarat,56.89,56.89,,29-01-2025,first block heading,1
38th NATIONAL GAMES 2025,4,100m Butterfly,Women,Final,2025-01-29,1,Dhinidhi Desinghu,Karnataka,1:03.62,63.62,,29-01-2025,Event 4 heading,2
38th NATIONAL GAMES 2025,4,100m Butterfly,Women,Final,2025-01-29,2,Naisha Shetty,Karnataka,1:04.81,64.81,,29-01-2025,Event 4 heading,2
38th NATIONAL GAMES 2025,4,100m Butterfly,Women,Final,2025-01-29,3,Shristi Upadhaya,Odisha,1:05.20,65.2,,29-01-2025,Event 4 heading,2
38th NATIONAL GAMES 2025,4,100m Butterfly,Women,Final,2025-01-29,4,Snigdha Ghosh,Bengal,1:05.43,65.43,,29-01-2025,Event 4 heading,2
38th NATIONAL GAMES 2025,4,100m Butterfly,Women,Final,2025-01-29,5,Bhumi Gupta,Chhattisgarh,1:05.45,65.45,,29-01-2025,Event 4 heading,2
38th NATIONAL GAMES 2025,4,100m Butterfly,Women,Final,2025-01-29,6,Asta Choudhury,Assam,1:05.46,65.46,,29-01-2025,Event 4 heading,2
38th NATIONAL GAMES 2025,4,100m Butterfly,Women,Final,2025-01-29,7,Jahnabi Kashyap,Assam,1:06.46,66.46,,29-01-2025,Event 4 heading,2
38th NATIONAL GAMES 2025,4,100m Butterfly,Women,Final,2025-01-29,8,Stuti Chatterjee,Haryana,1:06.82,66.82,,29-01-2025,Event 4 heading,2
38th NATIONAL GAMES 2025,7,1500m Freestyle,Men,Results,2025-01-30,1,Kushagra Rawat,Delhi,15:37.79,937.79,NMR,30-01-2025,Event 6 heading,3
38th NATIONAL GAMES 2025,7,1500m Freestyle,Men,Results,2025-01-30,2,Advait Page,Madhya Pradesh,15:55.95,955.95,,30-01-2025,Event 6 heading,3
38th NATIONAL GAMES 2025,7,1500m Freestyle,Men,Results,2025-01-30,3,Aryan Nehra,Gujarat,16:08.93,968.93,,30-01-2025,Event 6 heading,3
38th NATIONAL GAMES 2025,7,1500m Freestyle,Men,Results,2025-01-30,4,Dharshan S,Karnataka,16:12.04,972.04,,30-01-2025,Event 6 heading,3
38th NATIONAL GAMES 2025,7,1500m Freestyle,Men,Results,2025-01-30,5,Aneesh S Gowda,Karnataka,16:17.09,977.09,,30-01-2025,Event 6 heading,3
38th NATIONAL GAMES 2025,7,1500m Freestyle,Men,Results,2025-01-30,6,Mongam Theerdhu Samadev,Andhra Pradesh,16:20.32,980.32,,30-01-2025,Event 6 heading,3
38th NATIONAL GAMES 2025,7,1500m Freestyle,Men,Results,2025-01-30,7,Anurag R Singh,Uttar Pradesh,16:26.74,986.74,,30-01-2025,Event 6 heading,3
38th NATIONAL GAMES 2025,7,1500m Freestyle,Men,Results,2025-01-30,8,Gotteti Sampath Kumar Yadav,Andhra Pradesh,16:40.78,1000.78,,30-01-2025,Event 6 heading,3
38th NATIONAL GAMES 2025,7,1500m Freestyle,Men,Results,2025-01-30,9,Rishi Rajesh Bhagat,Maharashtra,16:53.25,1013.25,,30-01-2025,Event 6 heading,3
38th NATIONAL GAMES 2025,7,1500m Freestyle,Men,Results,2025-01-30,10,Om Pravin Satam,Maharashtra,16:57.06,1017.06,,30-01-2025,Event 6 heading,3
38th NATIONAL GAMES 2025,7,1500m Freestyle,Men,Results,2025-01-30,11,Ronak Nitin Sawant,SSCB,16:57.31,1017.31,,30-01-2025,Event 6 heading,3
38th NATIONAL GAMES 2025,7,1500m Freestyle,Men,Results,2025-01-30,12,Anvesh Singh,Madhya Pradesh,17:12.64,1032.64,,30-01-2025,Event 6 heading,3
38th NATIONAL GAMES 2025,7,1500m Freestyle,Men,Results,2025-01-30,13,Shravan S,Kerala,17:16.48,1036.48,,30-01-2025,Event 6 heading,3
38th NATIONAL GAMES 2025,7,1500m Freestyle,Men,Results,2025-01-30,14,Army Pal,Bengal,17:49.10,1069.1,,30-01-2025,Event 6 heading,3
38th NATIONAL GAMES 2025,7,1500m Freestyle,Men,Results,2025-01-30,15,Parth Shrivastva,Chhattisgarh,18:13.60,1093.6,,30-01-2025,Event 6 heading,3
38th NATIONAL GAMES 2025,7,1500m Freestyle,Men,Results,2025-01-30,16,Akash G.M,Kerala,18:22.42,1102.42,,30-01-2025,Event 6 heading,3
38th NATIONAL GAMES 2025,7,1500m Freestyle,Men,Results,2025-01-30,17,Aahil Sheikh,Goa,20:10.68,1210.68,,30-01-2025,Event 6 heading,3
38th NATIONAL GAMES 2025,7,1500m Freestyle,Men,Results,2025-01-30,,Devansh Parmar,Gujarat,,,DNS,30-01-2025,Event 6 heading,3
38th NATIONAL GAMES 2025,8,400m Medley,Women,Final,2025-01-30,1,Saanvi Deshwal,Maharashtra,5:08.49,308.49,,30-01-2025,Event 8 heading,4
38th NATIONAL GAMES 2025,8,400m Medley,Women,Final,2025-01-30,2,Shreenithi Natesan,Tamilnadu,5:13.41,313.41,,30-01-2025,Event 8 heading,4
38th NATIONAL GAMES 2025,8,400m Medley,Women,Final,2025-01-30,3,Bhavya Sachdeva,Delhi,5:18.18,318.18,,30-01-2025,Event 8 heading,4
38th NATIONAL GAMES 2025,8,400m Medley,Women,Final,2025-01-30,4,Shrungi Rajesh Bandekar,Goa,5:24.45,324.45,,30-01-2025,Event 8 heading,4
38th NATIONAL GAMES 2025,8,400m Medley,Women,Final,2025-01-30,5,Jedidah A,Karnataka,5:26.64,326.64,,30-01-2025,Event 8 heading,4
38th NATIONAL GAMES 2025,8,400m Medley,Women,Final,2025-01-30,6,Meenakshi Menon,Karnataka,5:32.91,332.91,,30-01-2025,Event 8 heading,4
38th NATIONAL GAMES 2025,8,400m Medley,Women,Final,2025-01-30,7,Nadakuditi Pavani Sarayu,Andhra Pradesh,5:42.49,342.49,,30-01-2025,Event 8 heading,4
38th NATIONAL GAMES 2025,8,400m Medley,Women,Final,2025-01-30,8,Pratyasa Ray,Odisha,5:56.94,356.94,,30-01-2025,Event 8 heading,4
38th NATIONAL GAMES 2025,9,200m Breaststroke,Men,Final,2025-01-30,1,S.Danush,Tamilnadu,2:19.68,139.68,,30-01-2025,Event 8 heading,4
38th NATIONAL GAMES 2025,9,200m Breaststroke,Men,Final,2025-01-30,2,Manikanta L,Karnataka,2:21.78,141.78,,30-01-2025,Event 8 heading,4
38th NATIONAL GAMES 2025,9,200m Breaststroke,Men,Final,2025-01-30,3,Rana Pratap,Jharkhand,2:24.61,144.61,,30-01-2025,Event 8 heading,4
38th NATIONAL GAMES 2025,9,200m Breaststroke,Men,Final,2025-01-30,4,Lohith Mogili,Andhra Pradesh,2:25.01,145.01,,30-01-2025,Event 8 heading,4
38th NATIONAL GAMES 2025,9,200m Breaststroke,Men,Final,2025-01-30,5,Aditya Dubey,Delhi,2:27.65,147.65,,30-01-2025,Event 8 heading,4
38th NATIONAL GAMES 2025,9,200m Breaststroke,Men,Final,2025-01-30,6,Abhinandan Khandelwal,Rajasthan,2:28.96,148.96,,30-01-2025,Event 8 heading,4
38th NATIONAL GAMES 2025,9,200m Breaststroke,Men,Final,2025-01-30,7,Daniel Paul J,Karnataka,2:29.42,149.42,,30-01-2025,Event 8 heading,4
38th NATIONAL GAMES 2025,9,200m Breaststroke,Men,Final,2025-01-30,8,Aryan Nehra,Gujarat,2:31.68,151.68,,30-01-2025,Event 8 heading,4
38th NATIONAL GAMES 2025,10,200m Breaststroke,Women,Final,2025-01-30,1,Harshitha Jayaram,Kerala,2:42.38,162.38,,30-01-2025,Event 8 heading,4
38th NATIONAL GAMES 2025,10,200m Breaststroke,Women,Final,2025-01-30,2,Shreenithi Natesan,Tamilnadu,2:42.44,162.44,,30-01-2025,Event 8 heading,4
38th NATIONAL GAMES 2025,10,200m Breaststroke,Women,Final,2025-01-30,3,Divyanka Dibyajyoti Pradhan,Odisha,2:45.56,165.56,,30-01-2025,Event 8 heading,4
38th NATIONAL GAMES 2025,10,200m Breaststroke,Women,Final,2025-01-30,4,Venika Parikh,Gujarat,2:46.49,166.49,,30-01-2025,Event 8 heading,4
38th NATIONAL GAMES 2025,10,200m Breaststroke,Women,Final,2025-01-30,5,Jyoti Patil,Maharashtra,2:46.63,166.63,,30-01-2025,Event 8 heading,4
38th NATIONAL GAMES 2025,10,200m Breaststroke,Women,Final,2025-01-30,6,Saanvi Deshwal,Maharashtra,2:50.03,170.03,,30-01-2025,Event 8 heading,4
38th NATIONAL GAMES 2025,10,200m Breaststroke,Women,Final,2025-01-30,7,Vasupalli Naga Greeshmini,Andhra Pradesh,2:52.73,172.73,,30-01-2025,Event 8 heading,4
38th NATIONAL GAMES 2025,10,200m Breaststroke,Women,Final,2025-01-30,8,Lakshya Shivananda,Karnataka,2:52.92,172.92,,30-01-2025,Event 8 heading,4
38th NATIONAL GAMES 2025,13,800m Freestyle,Women,Results,2025-01-31,1,Bhavya Sachdeva,Delhi,9:17.60,557.6,,31-01-2025,first block's date line,6
38th NATIONAL GAMES 2025,13,800m Freestyle,Women,Results,2025-01-31,2,Subhranshini Priyadarshini,Assam,9:28.43,568.43,,31-01-2025,first block's date line,6
38th NATIONAL GAMES 2025,13,800m Freestyle,Women,Results,2025-01-31,3,Sri Charani Tumu,Karnataka,9:28.45,568.45,,31-01-2025,first block's date line,6
38th NATIONAL GAMES 2025,13,800m Freestyle,Women,Results,2025-01-31,4,Aditi N Mulay,Karnataka,9:30.26,570.26,,31-01-2025,first block's date line,6
38th NATIONAL GAMES 2025,13,800m Freestyle,Women,Results,2025-01-31,5,Aditi Satish Hegde,Maharashtra,9:39.19,579.19,,31-01-2025,first block's date line,6
38th NATIONAL GAMES 2025,13,800m Freestyle,Women,Results,2025-01-31,6,Titiksha Rawat,Delhi,9:47.90,587.9,,31-01-2025,first block's date line,6
38th NATIONAL GAMES 2025,13,800m Freestyle,Women,Results,2025-01-31,7,Adwika G Nair,Tamilnadu,9:57.81,597.81,,31-01-2025,first block's date line,6
38th NATIONAL GAMES 2025,13,800m Freestyle,Women,Results,2025-01-31,8,Diksha Sandip Yadav,Maharashtra,10:04.09,604.09,,31-01-2025,first block's date line,6
38th NATIONAL GAMES 2025,13,800m Freestyle,Women,Results,2025-01-31,9,Nadakuditi Pavani Sarayu,Andhra Pradesh,10:35.32,635.32,,31-01-2025,first block's date line,6
38th NATIONAL GAMES 2025,13,800m Freestyle,Women,Results,2025-01-31,10,Syna Pancholi,Madhya Pradesh,10:36.05,636.05,,31-01-2025,first block's date line,6
38th NATIONAL GAMES 2025,13,800m Freestyle,Women,Results,2025-01-31,11,Ayusree Dutta,Odisha,10:44.64,644.64,,31-01-2025,first block's date line,6
38th NATIONAL GAMES 2025,13,800m Freestyle,Women,Results,2025-01-31,12,Nirmala. R,Kerala,11:18.96,678.96,,31-01-2025,first block's date line,6
38th NATIONAL GAMES 2025,13,800m Freestyle,Women,Results,2025-01-31,13,Purna Amey Shikerkar,Goa,11:28.81,688.81,,31-01-2025,first block's date line,6
38th NATIONAL GAMES 2025,13,800m Freestyle,Women,Results,2025-01-31,14,Harika Alag,Rajasthan,12:45.91,765.91,,31-01-2025,first block's date line,6
38th NATIONAL GAMES 2025,14,400m Medley,Men,Results Final,2025-01-31,1,Shoan Ganguly,Karnataka,4:29.10,269.1,,31-01-2025,first block's date line,6
38th NATIONAL GAMES 2025,14,400m Medley,Men,Results Final,2025-01-31,2,Aryan Nehra,Gujarat,4:31.81,271.81,,31-01-2025,first block's date line,6
38th NATIONAL GAMES 2025,14,400m Medley,Men,Results Final,2025-01-31,3,Advait Page,Madhya Pradesh,4:35.83,275.83,,31-01-2025,first block's date line,6
38th NATIONAL GAMES 2025,14,400m Medley,Men,Results Final,2025-01-31,4,Mongam Theerdhu Samadev,Andhra Pradesh,4:37.49,277.49,,31-01-2025,first block's date line,6
38th NATIONAL GAMES 2025,14,400m Medley,Men,Results Final,2025-01-31,5,Shivank Vishwanath,Karnataka,4:43.03,283.03,,31-01-2025,first block's date line,6
38th NATIONAL GAMES 2025,14,400m Medley,Men,Results Final,2025-01-31,6,Varshith Dhulipudi,Telangana,4:46.29,286.29,,31-01-2025,first block's date line,6
38th NATIONAL GAMES 2025,14,400m Medley,Men,Results Final,2025-01-31,7,Abhinav. S,Kerala,4:47.48,287.48,,31-01-2025,first block's date line,6
38th NATIONAL GAMES 2025,14,400m Medley,Men,Results Final,2025-01-31,8,Aaryan Bhosale,Maharashtra,4:51.24,291.24,,31-01-2025,first block's date line,6
38th NATIONAL GAMES 2025,15,200m Backstroke,Women,Results Final,2025-01-31,1,Soubirty Mondal,Bengal,2:24.41,144.41,,31-01-2025,first block's date line,6
38th NATIONAL GAMES 2025,15,200m Backstroke,Women,Results Final,2025-01-31,2,Pratishtha Dangi,Maharashtra,2:26.63,146.63,,31-01-2025,first block's date line,6
38th NATIONAL GAMES 2025,15,200m Backstroke,Women,Results Final,2025-01-31,3,Pratyasa Ray,Odisha,2:27.75,147.75,,31-01-2025,first block's date line,6
38th NATIONAL GAMES 2025,15,200m Backstroke,Women,Results Final,2025-01-31,4,Naisha,Karnataka,2:29.96,149.96,,31-01-2025,first block's date line,6
38th NATIONAL GAMES 2025,15,200m Backstroke,Women,Results Final,2025-01-31,5,Anvi Deshwal,Maharashtra,2:30.05,150.05,,31-01-2025,first block's date line,6
38th NATIONAL GAMES 2025,15,200m Backstroke,Women,Results Final,2025-01-31,6,Meenakshi Menon,Karnataka,2:30.96,150.96,,31-01-2025,first block's date line,6
38th NATIONAL GAMES 2025,15,200m Backstroke,Women,Results Final,2025-01-31,7,Jiya Yadav,Uttar Pradesh,2:32.70,152.7,,31-01-2025,first block's date line,6
38th NATIONAL GAMES 2025,15,200m Backstroke,Women,Results Final,2025-01-31,8,Pramiti Gnanasekaran,Tamilnadu,2:32.94,152.94,,31-01-2025,first block's date line,6
38th NATIONAL GAMES 2025,16,200m Backstroke,Men,Final,2025-01-31,1,Rishabh Das,Maharashtra,2:03.34,123.34,,31-01-2025,Event 16 heading,7
38th NATIONAL GAMES 2025,16,200m Backstroke,Men,Final,2025-01-31,2,Nithik Nathella,Tamilnadu,2:04.75,124.75,,31-01-2025,Event 16 heading,7
38th NATIONAL GAMES 2025,16,200m Backstroke,Men,Final,2025-01-31,3,Devansh Parmar,Gujarat,2:06.56,126.56,,31-01-2025,Event 16 heading,7
38th NATIONAL GAMES 2025,16,200m Backstroke,Men,Final,2025-01-31,4,Akash Mani,Karnataka,2:06.87,126.87,,31-01-2025,Event 16 heading,7
38th NATIONAL GAMES 2025,16,200m Backstroke,Men,Final,2025-01-31,5,Mongam Theerdhu Samadev,Andhra Pradesh,2:09.82,129.82,,31-01-2025,Event 16 heading,7
38th NATIONAL GAMES 2025,16,200m Backstroke,Men,Final,2025-01-31,6,Aman Abhijit Sungar,Karnataka,2:11.13,131.13,,31-01-2025,Event 16 heading,7
38th NATIONAL GAMES 2025,16,200m Backstroke,Men,Final,2025-01-31,7,Advait Page,Madhya Pradesh,2:12.37,132.37,,31-01-2025,Event 16 heading,7
38th NATIONAL GAMES 2025,16,200m Backstroke,Men,Final,2025-01-31,8,Sarath Mogili,Andhra Pradesh,2:14.02,134.02,,31-01-2025,Event 16 heading,7
38th NATIONAL GAMES 2025,17,50m Freestyle,Women,Final,2025-01-31,1,Dhinidhi Desinghu,Karnataka,26.96,26.96,,31-01-2025,Event 16 heading,7
38th NATIONAL GAMES 2025,17,50m Freestyle,Women,Final,2025-01-31,2,Avantika Chawan,Maharashtra,27.28,27.28,,31-01-2025,Event 16 heading,7
38th NATIONAL GAMES 2025,17,50m Freestyle,Women,Final,2025-01-31,3,Nina Venkatesh,Karnataka,27.34,27.34,,31-01-2025,Event 16 heading,7
38th NATIONAL GAMES 2025,17,50m Freestyle,Women,Final,2025-01-31,4,Deeksha Sivakumar,Tamilnadu,27.75,27.75,,31-01-2025,Event 16 heading,7
38th NATIONAL GAMES 2025,17,50m Freestyle,Women,Final,2025-01-31,5,Aditi Satish Hegde,Maharashtra,27.82,27.82,,31-01-2025,Event 16 heading,7
38th NATIONAL GAMES 2025,17,50m Freestyle,Women,Final,2025-01-31,6,Jahnabi Kashyap,Assam,28.20,28.2,,31-01-2025,Event 16 heading,7
38th NATIONAL GAMES 2025,17,50m Freestyle,Women,Final,2025-01-31,7,Shristi Upadhaya,Odisha,28.73,28.73,,31-01-2025,Event 16 heading,7
38th NATIONAL GAMES 2025,17,50m Freestyle,Women,Final,2025-01-31,8,Dibyashree Hazarika,Assam,28.92,28.92,,31-01-2025,Event 16 heading,7
38th NATIONAL GAMES 2025,18,50m Freestyle,Men,Final,2025-01-31,1,Mihir Ambre,Maharashtra,23.29,23.29,,31-01-2025,Event 16 heading,7
38th NATIONAL GAMES 2025,18,50m Freestyle,Men,Final,2025-01-31,2,Srihari Nataraj,Karnataka,23.37,23.37,,31-01-2025,Event 16 heading,7
38th NATIONAL GAMES 2025,18,50m Freestyle,Men,Final,2025-01-31,3,Joshua Thomas,Tamilnadu,23.40,23.4,,31-01-2025,Event 16 heading,7
38th NATIONAL GAMES 2025,18,50m Freestyle,Men,Final,2025-01-31,4,Benedicton Rohit,Tamilnadu,23.65,23.65,,31-01-2025,Event 16 heading,7
38th NATIONAL GAMES 2025,18,50m Freestyle,Men,Final,2025-01-31,5,Heer Gitesh Shah,Maharashtra,23.72,23.72,,31-01-2025,Event 16 heading,7
38th NATIONAL GAMES 2025,18,50m Freestyle,Men,Final,2025-01-31,6,Heer Pitroda,Gujarat,24.14,24.14,,31-01-2025,Event 16 heading,7
38th NATIONAL GAMES 2025,18,50m Freestyle,Men,Final,2025-01-31,7,Vikkas P,SSCB,24.15,24.15,,31-01-2025,Event 16 heading,7
38th NATIONAL GAMES 2025,18,50m Freestyle,Men,Final,2025-01-31,8,Arjun Singh,Haryana,24.51,24.51,,31-01-2025,Event 16 heading,7
38th NATIONAL GAMES 2025,19,200m Butterfly,Men,Final,2025-02-01,1,Sajan Prakash,Kerala,2:01.40,121.4,,01-02-2025,first block's date,8
38th NATIONAL GAMES 2025,19,200m Butterfly,Men,Final,2025-02-01,2,Bikram Changmai,Assam,2:04.23,124.23,,01-02-2025,first block's date,8
38th NATIONAL GAMES 2025,19,200m Butterfly,Men,Final,2025-02-01,3,Harsh Saroha,Haryana,2:04.48,124.48,,01-02-2025,first block's date,8
38th NATIONAL GAMES 2025,19,200m Butterfly,Men,Final,2025-02-01,4,Shoan Ganguly,Karnataka,2:05.36,125.36,,01-02-2025,first block's date,8
38th NATIONAL GAMES 2025,19,200m Butterfly,Men,Final,2025-02-01,5,Aneesh S Gowda,Karnataka,2:05.42,125.42,,01-02-2025,first block's date,8
38th NATIONAL GAMES 2025,19,200m Butterfly,Men,Final,2025-02-01,6,Aryan Panchal,Gujarat,2:06.64,126.64,,01-02-2025,first block's date,8
38th NATIONAL GAMES 2025,19,200m Butterfly,Men,Final,2025-02-01,7,Shubham Dadaso Dhaygude,Maharashtra,2:07.35,127.35,,01-02-2025,first block's date,8
38th NATIONAL GAMES 2025,19,200m Butterfly,Men,Final,2025-02-01,8,Neelam Deva Ganesh,Andhra Pradesh,2:08.20,128.2,,01-02-2025,first block's date,8
38th NATIONAL GAMES 2025,20,200m Butterfly,Women,Final,2025-02-01,1,Dhirti Ahirwal,Maharashtra,2:23.80,143.8,,01-02-2025,first block's date,8
38th NATIONAL GAMES 2025,20,200m Butterfly,Women,Final,2025-02-01,2,Suhasini Ghosh,Karnataka,2:24.53,144.53,,01-02-2025,first block's date,8
38th NATIONAL GAMES 2025,20,200m Butterfly,Women,Final,2025-02-01,3,Asta Choudhury,Assam,2:25.30,145.3,,01-02-2025,first block's date,8
38th NATIONAL GAMES 2025,20,200m Butterfly,Women,Final,2025-02-01,4,Stuti Chatterjee,Haryana,2:25.95,145.95,,01-02-2025,first block's date,8
38th NATIONAL GAMES 2025,20,200m Butterfly,Women,Final,2025-02-01,5,Shristi Upadhaya,Odisha,2:26.37,146.37,,01-02-2025,first block's date,8
38th NATIONAL GAMES 2025,20,200m Butterfly,Women,Final,2025-02-01,6,B.Roshini,Tamilnadu,2:31.59,151.59,,01-02-2025,first block's date,8
38th NATIONAL GAMES 2025,20,200m Butterfly,Women,Final,2025-02-01,7,Shreenithi Natesan,Tamilnadu,2:32.81,152.81,,01-02-2025,first block's date,8
38th NATIONAL GAMES 2025,20,200m Butterfly,Women,Final,2025-02-01,8,Jedidah A,Karnataka,2:34.19,154.19,,01-02-2025,first block's date,8
38th NATIONAL GAMES 2025,21,50m Breaststroke,Men,Final,2025-02-01,1,Vidith S Shankar,Karnataka,29.12,29.12,,01-02-2025,first block's date,8
38th NATIONAL GAMES 2025,21,50m Breaststroke,Men,Final,2025-02-01,2,M.S.Yadesh Babu,Tamilnadu,29.20,29.2,,01-02-2025,first block's date,8
38th NATIONAL GAMES 2025,21,50m Breaststroke,Men,Final,2025-02-01,3,S.Danush,Tamilnadu,29.21,29.21,,01-02-2025,first block's date,8
38th NATIONAL GAMES 2025,21,50m Breaststroke,Men,Final,2025-02-01,4,Rana Pratap,Jharkhand,29.75,29.75,,01-02-2025,first block's date,8
38th NATIONAL GAMES 2025,21,50m Breaststroke,Men,Final,2025-02-01,5,Lohith Mogili,Andhra Pradesh,29.82,29.82,,01-02-2025,first block's date,8
38th NATIONAL GAMES 2025,21,50m Breaststroke,Men,Final,2025-02-01,6,Pruthvik D S,Karnataka,29.95,29.95,,01-02-2025,first block's date,8
38th NATIONAL GAMES 2025,21,50m Breaststroke,Men,Final,2025-02-01,7,Adarsh. M,Kerala,30.32,30.32,,01-02-2025,first block's date,8
38th NATIONAL GAMES 2025,21,50m Breaststroke,Men,Final,2025-02-01,8,Shwejal Mankar,Maharashtra,30.36,30.36,,01-02-2025,first block's date,8
38th NATIONAL GAMES 2025,22,50m Breaststroke,Women,Final,2025-02-01,1,Harshitha Jayaram,Kerala,34.14,34.14,,01-02-2025,Event 22 heading,9
38th NATIONAL GAMES 2025,22,50m Breaststroke,Women,Final,2025-02-01,2,Chahat Arora,Punjab,34.37,34.37,,01-02-2025,Event 22 heading,9
38th NATIONAL GAMES 2025,22,50m Breaststroke,Women,Final,2025-02-01,3,Avni Chhabra,Punjab,34.86,34.86,,01-02-2025,Event 22 heading,9
38th NATIONAL GAMES 2025,22,50m Breaststroke,Women,Final,2025-02-01,4,Saanvi Deshwal,Maharashtra,35.31,35.31,,01-02-2025,Event 22 heading,9
38th NATIONAL GAMES 2025,22,50m Breaststroke,Women,Final,2025-02-01,5,Mittapalli Rithvika,Telangana,35.60,35.6,,01-02-2025,Event 22 heading,9
38th NATIONAL GAMES 2025,22,50m Breaststroke,Women,Final,2025-02-01,6,Vasupalli Naga Greeshmini,Andhra Pradesh,36.12,36.12,,01-02-2025,Event 22 heading,9
38th NATIONAL GAMES 2025,22,50m Breaststroke,Women,Final,2025-02-01,7,Vihitha Nayana,Karnataka,36.72,36.72,,01-02-2025,Event 22 heading,9
38th NATIONAL GAMES 2025,22,50m Breaststroke,Women,Final,2025-02-01,,Venika Parikh,Gujarat,36.06,36.06,DSQ,01-02-2025,Event 22 heading,9
38th NATIONAL GAMES 2025,25,1500m Freestyle,Women,Results,2025-02-02,1,Bhavya Sachdeva,Delhi,17:42.81,1062.81,,02-02-2025,Event 24 heading,10
38th NATIONAL GAMES 2025,25,1500m Freestyle,Women,Results,2025-02-02,2,Aditi N Mulay,Karnataka,18:11.92,1091.92,,02-02-2025,Event 24 heading,10
38th NATIONAL GAMES 2025,25,1500m Freestyle,Women,Results,2025-02-02,3,Shirin,Karnataka,18:14.98,1094.98,,02-02-2025,Event 24 heading,10
38th NATIONAL GAMES 2025,25,1500m Freestyle,Women,Results,2025-02-02,4,Aditi Satish Hegde,Maharashtra,18:31.33,1111.33,,02-02-2025,Event 24 heading,10
38th NATIONAL GAMES 2025,25,1500m Freestyle,Women,Results,2025-02-02,5,Subhranshini Priyadarshini,Assam,18:38.93,1118.93,,02-02-2025,Event 24 heading,10
38th NATIONAL GAMES 2025,25,1500m Freestyle,Women,Results,2025-02-02,6,Diksha Sandip Yadav,Maharashtra,18:47.27,1127.27,,02-02-2025,Event 24 heading,10
38th NATIONAL GAMES 2025,25,1500m Freestyle,Women,Results,2025-02-02,7,Dhayanitha S,Tamilnadu,19:05.26,1145.26,,02-02-2025,Event 24 heading,10
38th NATIONAL GAMES 2025,25,1500m Freestyle,Women,Results,2025-02-02,8,Syna Pancholi,Madhya Pradesh,20:12.26,1212.26,,02-02-2025,Event 24 heading,10
38th NATIONAL GAMES 2025,25,1500m Freestyle,Women,Results,2025-02-02,9,Ayusree Dutta,Odisha,20:56.69,1256.69,,02-02-2025,Event 24 heading,10
38th NATIONAL GAMES 2025,25,1500m Freestyle,Women,Results,2025-02-02,10,Purna Amey Shikerkar,Goa,21:49.39,1309.39,,02-02-2025,Event 24 heading,10
38th NATIONAL GAMES 2025,25,1500m Freestyle,Women,Results,2025-02-02,,Adwika G Nair,Tamilnadu,,,DNS,02-02-2025,Event 24 heading,10
38th NATIONAL GAMES 2025,26,400m Freestyle,Men,Final,2025-02-02,1,Kushagra Rawat,Delhi,3:57.89,237.89,,02-02-2025,first block's date,11
38th NATIONAL GAMES 2025,26,400m Freestyle,Men,Final,2025-02-02,2,Aneesh S Gowda,Karnataka,4:00.45,240.45,,02-02-2025,first block's date,11
38th NATIONAL GAMES 2025,26,400m Freestyle,Men,Final,2025-02-02,3,Aryan Nehra,Gujarat,4:02.60,242.6,,02-02-2025,first block's date,11
38th NATIONAL GAMES 2025,26,400m Freestyle,Men,Final,2025-02-02,4,Dhakshan S,Karnataka,4:03.57,243.57,,02-02-2025,first block's date,11
38th NATIONAL GAMES 2025,26,400m Freestyle,Men,Final,2025-02-02,5,Gotteti Sampath Kumar Yadav,Andhra Pradesh,4:07.99,247.99,,02-02-2025,first block's date,11
38th NATIONAL GAMES 2025,26,400m Freestyle,Men,Final,2025-02-02,6,Mongam Theerdhu Samadev,Andhra Pradesh,4:08.01,248.01,,02-02-2025,first block's date,11
38th NATIONAL GAMES 2025,26,400m Freestyle,Men,Final,2025-02-02,7,Tirthank Pegu,Assam,4:08.36,248.36,,02-02-2025,first block's date,11
38th NATIONAL GAMES 2025,26,400m Freestyle,Men,Final,2025-02-02,8,Rishi Rajesh Bhagat,Maharashtra,4:13.56,253.56,,02-02-2025,first block's date,11
38th NATIONAL GAMES 2025,27,100m Backstroke,Women,Final,2025-02-02,1,Soubirty Mondal,Bengal,1:06.66,66.66,,02-02-2025,first block's date,11
38th NATIONAL GAMES 2025,27,100m Backstroke,Women,Final,2025-02-02,2,Pratishtha Dangi,Maharashtra,1:07.52,67.52,,02-02-2025,first block's date,11
38th NATIONAL GAMES 2025,27,100m Backstroke,Women,Final,2025-02-02,3,Pratyasa Ray,Odisha,1:07.77,67.77,,02-02-2025,first block's date,11
38th NATIONAL GAMES 2025,27,100m Backstroke,Women,Final,2025-02-02,4,Vihitha Nayana,Karnataka,1:08.36,68.36,,02-02-2025,first block's date,11
38th NATIONAL GAMES 2025,27,100m Backstroke,Women,Final,2025-02-02,5,Jiya Yadav,Uttar Pradesh,1:09.26,69.26,,02-02-2025,first block's date,11
38th NATIONAL GAMES 2025,27,100m Backstroke,Women,Final,2025-02-02,6,Siddhi G Shah,Karnataka,1:09.27,69.27,,02-02-2025,first block's date,11
38th NATIONAL GAMES 2025,27,100m Backstroke,Women,Final,2025-02-02,7,Rujuta Rajadnya,Maharashtra,1:09.43,69.43,,02-02-2025,first block's date,11
38th NATIONAL GAMES 2025,27,100m Backstroke,Women,Final,2025-02-02,8,Pramiti Gnanasekaran,Tamilnadu,1:09.81,69.81,,02-02-2025,first block's date,11
38th NATIONAL GAMES 2025,28,100m Backstroke,Men,Final,2025-02-02,1,Srihari Nataraj,Karnataka,56.26,56.26,,02-02-2025,first block's date,11
38th NATIONAL GAMES 2025,28,100m Backstroke,Men,Final,2025-02-02,2,Akash Mani,Karnataka,56.36,56.36,,02-02-2025,first block's date,11
38th NATIONAL GAMES 2025,28,100m Backstroke,Men,Final,2025-02-02,3,Rishabh Das,Maharashtra,56.80,56.8,,02-02-2025,first block's date,11
38th NATIONAL GAMES 2025,28,100m Backstroke,Men,Final,2025-02-02,4,Nithik Nathella,Tamilnadu,57.64,57.64,,02-02-2025,first block's date,11
38th NATIONAL GAMES 2025,28,100m Backstroke,Men,Final,2025-02-02,5,Devansh Parmar,Gujarat,59.48,59.48,,02-02-2025,first block's date,11
38th NATIONAL GAMES 2025,28,100m Backstroke,Men,Final,2025-02-02,6,Soumyajit Saha,Bengal,59.61,59.61,,02-02-2025,first block's date,11
38th NATIONAL GAMES 2025,28,100m Backstroke,Men,Final,2025-02-02,7,M.J.Praveen Kumar,Tamilnadu,1:00.19,60.19,,02-02-2025,first block's date,11
38th NATIONAL GAMES 2025,28,100m Backstroke,Men,Final,2025-02-02,8,Aaryan Bhosale,Maharashtra,1:00.54,60.54,,02-02-2025,first block's date,11
38th NATIONAL GAMES 2025,29,50m Butterfly,Women,Final,2025-02-02,1,Nina Venkatesh,Karnataka,28.38,28.38,,02-02-2025,Event 29 header,12
38th NATIONAL GAMES 2025,29,50m Butterfly,Women,Final,2025-02-02,2,Dhinidhi Desinghu,Karnataka,28.80,28.8,,02-02-2025,Event 29 header,12
38th NATIONAL GAMES 2025,29,50m Butterfly,Women,Final,2025-02-02,3,Rujuta Rajadnya,Maharashtra,29.12,29.12,,02-02-2025,Event 29 header,12
38th NATIONAL GAMES 2025,29,50m Butterfly,Women,Final,2025-02-02,4,Snigdha Ghosh,Bengal,29.20,29.2,,02-02-2025,Event 29 header,12
38th NATIONAL GAMES 2025,29,50m Butterfly,Women,Final,2025-02-02,5,Shristi Upadhaya,Odisha,29.85,29.85,,02-02-2025,Event 29 header,12
38th NATIONAL GAMES 2025,29,50m Butterfly,Women,Final,2025-02-02,6,Jahnabi Kashyap,Assam,29.88,29.88,,02-02-2025,Event 29 header,12
38th NATIONAL GAMES 2025,29,50m Butterfly,Women,Final,2025-02-02,7,Bhumi Gupta,Chhattisgarh,30.09,30.09,,02-02-2025,Event 29 header,12
38th NATIONAL GAMES 2025,29,50m Butterfly,Women,Final,2025-02-02,8,Aditi Satish Hegde,Maharashtra,30.26,30.26,,02-02-2025,Event 29 header,12
38th NATIONAL GAMES 2025,30,50m Butterfly,Men,Final,2025-02-02,1,Benedicton Rohit,Tamilnadu,24.39,24.39,NMR,02-02-2025,Event 29 header,12
38th NATIONAL GAMES 2025,30,50m Butterfly,Men,Final,2025-02-02,2,Mihir Ambre,Maharashtra,25.02,25.02,,02-02-2025,Event 29 header,12
38th NATIONAL GAMES 2025,30,50m Butterfly,Men,Final,2025-02-02,3,Harsh Saroha,Haryana,25.22,25.22,,02-02-2025,Event 29 header,12
38th NATIONAL GAMES 2025,30,50m Butterfly,Men,Final,2025-02-02,4,Sajan Prakash,Kerala,25.23,25.23,,02-02-2025,Event 29 header,12
38th NATIONAL GAMES 2025,30,50m Butterfly,Men,Final,2025-02-02,5,Salil Bhagwat,Maharashtra,25.25,25.25,,02-02-2025,Event 29 header,12
38th NATIONAL GAMES 2025,30,50m Butterfly,Men,Final,2025-02-02,6,Bikram Changmai,Assam,25.32,25.32,,02-02-2025,Event 29 header,12
38th NATIONAL GAMES 2025,30,50m Butterfly,Men,Final,2025-02-02,7,Jananjoy Jyoti Hazarika,Assam,25.33,25.33,,02-02-2025,Event 29 header,12
38th NATIONAL GAMES 2025,30,50m Butterfly,Men,Final,2025-02-02,8,Prithvi M,Karnataka,25.60,25.6,,02-02-2025,Event 29 header,12
38th NATIONAL GAMES 2025,31,800m Freestyle,Men,Results,2025-02-03,1,Kushagra Rawat,Delhi,8:12.89,492.89,,03-02-2025,Event 29 header,12
38th NATIONAL GAMES 2025,31,800m Freestyle,Men,Results,2025-02-03,2,Aryan Nehra,Gujarat,8:23.62,503.62,,03-02-2025,Event 29 header,12
38th NATIONAL GAMES 2025,31,800m Freestyle,Men,Results,2025-02-03,3,Aneesh S Gowda,Karnataka,8:24.39,504.39,,03-02-2025,Event 29 header,12
38th NATIONAL GAMES 2025,31,800m Freestyle,Men,Results,2025-02-03,4,Mongam Theerdhu Samadev,Andhra Pradesh,8:35.40,515.4,,03-02-2025,Event 29 header,12
38th NATIONAL GAMES 2025,31,800m Freestyle,Men,Results,2025-02-03,5,Shoan Ganguly,Karnataka,8:38.64,518.64,,03-02-2025,Event 29 header,12
38th NATIONAL GAMES 2025,31,800m Freestyle,Men,Results,2025-02-03,6,Anurag R Singh,Uttar Pradesh,8:43.86,523.86,,03-02-2025,Event 29 header,12
38th NATIONAL GAMES 2025,31,800m Freestyle,Men,Results,2025-02-03,7,Gotteti Sampath Kumar Yadav,Andhra Pradesh,8:44.67,524.67,,03-02-2025,Event 29 header,12
38th NATIONAL GAMES 2025,31,800m Freestyle,Men,Results,2025-02-03,8,Abhinav. S,Kerala,8:45.57,525.57,,03-02-2025,Event 29 header,12
38th NATIONAL GAMES 2025,31,800m Freestyle,Men,Results,2025-02-03,9,Ronak Nitin Sawant,SSCB,8:48.22,528.22,,03-02-2025,Event 29 header,12
38th NATIONAL GAMES 2025,31,800m Freestyle,Men,Results,2025-02-03,10,Rishi Rajesh Bhagat,Maharashtra,8:51.41,531.41,,03-02-2025,Event 29 header,12
38th NATIONAL GAMES 2025,31,800m Freestyle,Men,Results,2025-02-03,11,Anvesh Singh,Madhya Pradesh,8:56.94,536.94,,03-02-2025,Event 29 header,12
38th NATIONAL GAMES 2025,31,800m Freestyle,Men,Results,2025-02-03,12,Shubham Dadaso Dhaygude,Maharashtra,8:57.19,537.19,,03-02-2025,Event 29 header,12
38th NATIONAL GAMES 2025,31,800m Freestyle,Men,Results,2025-02-03,13,Army Pal,Bengal,9:19.55,559.55,,03-02-2025,Event 29 header,12
38th NATIONAL GAMES 2025,31,800m Freestyle,Men,Results,2025-02-03,14,Anshuman Vashist,Odisha,9:24.27,564.27,,03-02-2025,Event 29 header,12
38th NATIONAL GAMES 2025,31,800m Freestyle,Men,Results,2025-02-03,15,Akash G.M,Kerala,9:24.64,564.64,,03-02-2025,Event 29 header,12
38th NATIONAL GAMES 2025,31,800m Freestyle,Men,,2025-02-03,16,Parth Shrivastsva,Chhattisgarh,9:33.37,573.37,,03-02-2025,Event 32 header,13
38th NATIONAL GAMES 2025,31,800m Freestyle,Men,,2025-02-03,17,Aryan Shashi Sharma,Goa,9:51.84,591.84,,03-02-2025,Event 32 header,13
38th NATIONAL GAMES 2025,31,800m Freestyle,Men,,2025-02-03,18,Aahil Sheikh,Goa,10:43.69,643.69,,03-02-2025,Event 32 header,13
38th NATIONAL GAMES 2025,31,800m Freestyle,Men,,2025-02-03,,Advait Page,Madhya Pradesh,,,DNS,03-02-2025,Event 32 header,13
38th NATIONAL GAMES 2025,32,400m Freestyle,Women,Final,2025-02-03,1,Dhinidhi Desinghu,Karnataka,4:24.60,264.6,,03-02-2025,Event 32 header,13
38th NATIONAL GAMES 2025,32,400m Freestyle,Women,Final,2025-02-03,2,Bhavya Sachdeva,Delhi,4:30.03,270.03,,03-02-2025,Event 32 header,13
38th NATIONAL GAMES 2025,32,400m Freestyle,Women,Final,2025-02-03,3,Aditi Satish Hegde,Maharashtra,4:35.34,275.34,,03-02-2025,Event 32 header,13
38th NATIONAL GAMES 2025,32,400m Freestyle,Women,Final,2025-02-03,4,Titiksha Rawat,Delhi,4:35.66,275.66,,03-02-2025,Event 32 header,13
38th NATIONAL GAMES 2025,32,400m Freestyle,Women,Final,2025-02-03,5,Sri Charani Tumu,Karnataka,4:40.71,280.71,,03-02-2025,Event 32 header,13
38th NATIONAL GAMES 2025,32,400m Freestyle,Women,Final,2025-02-03,6,Subhranshini Priyadarshini,Assam,4:48.66,288.66,,03-02-2025,Event 32 header,13
38th NATIONAL GAMES 2025,32,400m Freestyle,Women,Final,2025-02-03,7,Diksha Sandip Yadav,Maharashtra,4:50.53,290.53,,03-02-2025,Event 32 header,13
38th NATIONAL GAMES 2025,32,400m Freestyle,Women,Final,2025-02-03,8,Praniti Singh Choudhary,Rajasthan,4:56.29,296.29,,03-02-2025,Event 32 header,13
38th NATIONAL GAMES 2025,33,200m Medley,Men,Final,2025-02-03,1,Shoan Ganguly,Karnataka,2:06.61,126.61,,03-02-2025,Event 32 header,13
38th NATIONAL GAMES 2025,33,200m Medley,Men,Final,2025-02-03,2,Sajan Prakash,Kerala,2:08.17,128.17,,03-02-2025,Event 32 header,13
38th NATIONAL GAMES 2025,33,200m Medley,Men,Final,2025-02-03,3,Aryan Nehra,Gujarat,2:09.68,129.68,,03-02-2025,Event 32 header,13
38th NATIONAL GAMES 2025,33,200m Medley,Men,Final,2025-02-03,4,Shivank Vishwanath,Karnataka,2:13.18,133.18,,03-02-2025,Event 32 header,13
38th NATIONAL GAMES 2025,33,200m Medley,Men,Final,2025-02-03,5,Neelam Deva Ganesh,Andhra Pradesh,2:14.76,134.76,,03-02-2025,Event 32 header,13
38th NATIONAL GAMES 2025,33,200m Medley,Men,Final,2025-02-03,6,Sarungbam Athouba Meitei,Manipur,2:15.34,135.34,,03-02-2025,Event 32 header,13
38th NATIONAL GAMES 2025,33,200m Medley,Men,Final,2025-02-03,7,Utsab Datta,Bengal,2:15.62,135.62,,03-02-2025,Event 32 header,13
38th NATIONAL GAMES 2025,33,200m Medley,Men,Final,2025-02-03,8,Praveen P,SSCB,2:17.69,137.69,,03-02-2025,Event 32 header,13
38th NATIONAL GAMES 2025,34,200m Medley,Women,Final,2025-02-03,1,Saanvi Deshwal,Maharashtra,2:24.90,144.9,,03-02-2025,Event 35 header,14
38th NATIONAL GAMES 2025,34,200m Medley,Women,Final,2025-02-03,2,Shreenithi Natesan,Tamilnadu,2:27.92,147.92,,03-02-2025,Event 35 header,14
38th NATIONAL GAMES 2025,34,200m Medley,Women,Final,2025-02-03,3,Bhumi Gupta,Chhattisgarh,2:29.54,149.54,,03-02-2025,Event 35 header,14
38th NATIONAL GAMES 2025,34,200m Medley,Women,Final,2025-02-03,4,Shrungi Rajesh Bandekar,Goa,2:29.96,149.96,,03-02-2025,Event 35 header,14
38th NATIONAL GAMES 2025,34,200m Medley,Women,Final,2025-02-03,5,Jedidah A,Karnataka,2:35.35,155.35,,03-02-2025,Event 35 header,14
38th NATIONAL GAMES 2025,34,200m Medley,Women,Final,2025-02-03,6,Tvisha Nikhil Dixit,Maharashtra,2:36.11,156.11,,03-02-2025,Event 35 header,14
38th NATIONAL GAMES 2025,34,200m Medley,Women,Final,2025-02-03,7,Trisha Sindhu,Karnataka,2:37.79,157.79,,03-02-2025,Event 35 header,14
38th NATIONAL GAMES 2025,34,200m Medley,Women,Final,2025-02-03,8,Dhayanitha S,Tamilnadu,2:39.18,159.18,,03-02-2025,Event 35 header,14
38th NATIONAL GAMES 2025,35,50m Backstroke,Men,Final,2025-02-03,1,Srihari Nataraj,Karnataka,26.09,26.09,,03-02-2025,Event 35 header,14
38th NATIONAL GAMES 2025,35,50m Backstroke,Men,Final,2025-02-03,2,Akash Mani,Karnataka,26.42,26.42,,03-02-2025,Event 35 header,14
38th NATIONAL GAMES 2025,35,50m Backstroke,Men,Final,2025-02-03,3,Rishabh Das,Maharashtra,26.45,26.45,,03-02-2025,Event 35 header,14
38th NATIONAL GAMES 2025,35,50m Backstroke,Men,Final,2025-02-03,4,Benedicton Rohit,Tamilnadu,26.74,26.74,,03-02-2025,Event 35 header,14
38th NATIONAL GAMES 2025,35,50m Backstroke,Men,Final,2025-02-03,5,Soumyajit Saha,Bengal,27.43,27.43,,03-02-2025,Event 35 header,14
38th NATIONAL GAMES 2025,35,50m Backstroke,Men,Final,2025-02-03,6,M.J.Praveen Kumar,Tamilnadu,27.51,27.51,,03-02-2025,Event 35 header,14
38th NATIONAL GAMES 2025,35,50m Backstroke,Men,Final,2025-02-03,7,Madhu P S,SSCB,27.72,27.72,,03-02-2025,Event 35 header,14
38th NATIONAL GAMES 2025,35,50m Backstroke,Men,Final,2025-02-03,8,Arjun Singh,Haryana,28.25,28.25,,03-02-2025,Event 35 header,14
38th NATIONAL GAMES 2025,36,50m Backstroke,Women,Final,2025-02-03,1,Vihitha Nayana,Karnataka,31.46,31.46,,03-02-2025,Event 35 header,14
38th NATIONAL GAMES 2025,36,50m Backstroke,Women,Final,2025-02-03,2,Soubriti Mondal,Bengal,31.47,31.47,,03-02-2025,Event 35 header,14
38th NATIONAL GAMES 2025,36,50m Backstroke,Women,Final,2025-02-03,3,Rujuta Rajadnya,Maharashtra,31.50,31.5,,03-02-2025,Event 35 header,14
38th NATIONAL GAMES 2025,36,50m Backstroke,Women,Final,2025-02-03,4,Shalini R Dixit,Karnataka,31.68,31.68,,03-02-2025,Event 35 header,14
38th NATIONAL GAMES 2025,36,50m Backstroke,Women,Final,2025-02-03,5,Deeksha Sivakumar,Tamilnadu,31.84,31.84,,03-02-2025,Event 35 header,14
38th NATIONAL GAMES 2025,36,50m Backstroke,Women,Final,2025-02-03,6,Jiya Yadav,Uttar Pradesh,31.92,31.92,,03-02-2025,Event 35 header,14
38th NATIONAL GAMES 2025,36,50m Backstroke,Women,Final,2025-02-03,7,Pratishtha Dangi,Maharashtra,32.04,32.04,,03-02-2025,Event 35 header,14
38th NATIONAL GAMES 2025,36,50m Backstroke,Women,Final,2025-02-03,8,Pratyasa Ray,Odisha,32.07,32.07,,03-02-2025,Event 35 header,14
38th NATIONAL GAMES 2025,38,100m Breaststroke,Women,Results Final,2025-02-04,1,Harshitha Jayaram,Kerala,1:14.34,74.34,,04-02-2025,Event 37 heading,15
38th NATIONAL GAMES 2025,38,100m Breaststroke,Women,Results Final,2025-02-04,2,Saanvi Deshwal,Maharashtra,1:16.37,76.37,,04-02-2025,Event 37 heading,15
38th NATIONAL GAMES 2025,38,100m Breaststroke,Women,Results Final,2025-02-04,3,Jyoti Patil,Maharashtra,1:17.36,77.36,,04-02-2025,Event 37 heading,15
38th NATIONAL GAMES 2025,38,100m Breaststroke,Women,Results Final,2025-02-04,4,Venika Parikh,Gujarat,1:17.37,77.37,,04-02-2025,Event 37 heading,15
38th NATIONAL GAMES 2025,38,100m Breaststroke,Women,Results Final,2025-02-04,5,Divyanka Dibyajyoti Pradhan,Odisha,1:17.48,77.48,,04-02-2025,Event 37 heading,15
38th NATIONAL GAMES 2025,38,100m Breaststroke,Women,Results Final,2025-02-04,6,Chahat Arora,Punjab,1:17.61,77.61,,04-02-2025,Event 37 heading,15
38th NATIONAL GAMES 2025,38,100m Breaststroke,Women,Results Final,2025-02-04,7,Vasupalli Naga Greeshmini,Andhra Pradesh,1:18.03,78.03,,04-02-2025,Event 37 heading,15
38th NATIONAL GAMES 2025,38,100m Breaststroke,Women,Results Final,2025-02-04,8,Avni Chhabra,Punjab,1:18.45,78.45,,04-02-2025,Event 37 heading,15
38th NATIONAL GAMES 2025,39,100m Breaststroke,Men,Final,2025-02-04,1,Vidith S Shankar,Karnataka,1:03.97,63.97,,04-02-2025,session date on first block,16
38th NATIONAL GAMES 2025,39,100m Breaststroke,Men,Final,2025-02-04,2,S.Danush,Tamilnadu,1:04.51,64.51,,04-02-2025,session date on first block,16
38th NATIONAL GAMES 2025,39,100m Breaststroke,Men,Final,2025-02-04,3,Rana Pratap,Jharkhand,1:04.57,64.57,,04-02-2025,session date on first block,16
38th NATIONAL GAMES 2025,39,100m Breaststroke,Men,Final,2025-02-04,4,Lohith Mogili,Andhra Pradesh,1:05.83,65.83,,04-02-2025,session date on first block,16
38th NATIONAL GAMES 2025,39,100m Breaststroke,Men,Final,2025-02-04,5,Prithviraj Dange,Maharashtra,1:07.13,67.13,,04-02-2025,session date on first block,16
38th NATIONAL GAMES 2025,39,100m Breaststroke,Men,Final,2025-02-04,6,Bhhagya Gahlaut,Delhi,1:07.54,67.54,,04-02-2025,session date on first block,16
38th NATIONAL GAMES 2025,39,100m Breaststroke,Men,Final,2025-02-04,7,Abhinandan Khandelwal,Rajasthan,1:07.86,67.86,,04-02-2025,session date on first block,16
38th NATIONAL GAMES 2025,39,100m Breaststroke,Men,Final,2025-02-04,8,Dipan Das,Bengal,1:19.06,79.06,,04-02-2025,session date on first block,16
38th NATIONAL GAMES 2025,40,100m Freestyle,Women,Final,2025-02-04,1,Dhinidhi Desinghu,Karnataka,57.34,57.34,NMR,04-02-2025,session date on first block,16
38th NATIONAL GAMES 2025,40,100m Freestyle,Women,Final,2025-02-04,2,Titiksha Rawat,Delhi,59.38,59.38,,04-02-2025,session date on first block,16
38th NATIONAL GAMES 2025,40,100m Freestyle,Women,Final,2025-02-04,3,Aditi Satish Hegde,Maharashtra,59.49,59.49,,04-02-2025,session date on first block,16
38th NATIONAL GAMES 2025,40,100m Freestyle,Women,Final,2025-02-04,4,Avantika Chawan,Maharashtra,59.70,59.7,,04-02-2025,session date on first block,16
38th NATIONAL GAMES 2025,40,100m Freestyle,Women,Final,2025-02-04,5,Latiesha Mandana,Karnataka,1:00.87,60.87,,04-02-2025,session date on first block,16
38th NATIONAL GAMES 2025,40,100m Freestyle,Women,Final,2025-02-04,6,Deeksha Sivakumar,Tamilnadu,1:00.95,60.95,,04-02-2025,session date on first block,16
38th NATIONAL GAMES 2025,40,100m Freestyle,Women,Final,2025-02-04,7,Snigdha Ghosh,Bengal,1:01.44,61.44,,04-02-2025,session date on first block,16
38th NATIONAL GAMES 2025,40,100m Freestyle,Women,Final,2025-02-04,8,Jahnabi Kashyap,Assam,1:01.50,61.5,,04-02-2025,session date on first block,16
38th NATIONAL GAMES 2025,41,100m Freestyle,Men,Final,2025-02-04,1,Srihari Nataraj,Karnataka,50.65,50.65,,04-02-2025,session date on first block,16
38th NATIONAL GAMES 2025,41,100m Freestyle,Men,Final,2025-02-04,2,Heer Gitesh Shah,Maharashtra,51.61,51.61,,04-02-2025,session date on first block,16
38th NATIONAL GAMES 2025,41,100m Freestyle,Men,Final,2025-02-04,3,Rishabh Das,Maharashtra,51.71,51.71,,04-02-2025,session date on first block,16
38th NATIONAL GAMES 2025,41,100m Freestyle,Men,Final,2025-02-04,4,Akash Mani,Karnataka,51.83,51.83,,04-02-2025,session date on first block,16
38th NATIONAL GAMES 2025,41,100m Freestyle,Men,Final,2025-02-04,5,Benedicton Rohit,Tamilnadu,52.04,52.04,,04-02-2025,session date on first block,16
38th NATIONAL GAMES 2025,41,100m Freestyle,Men,Final,2025-02-04,6,Joshua Thomas,Tamilnadu,52.24,52.24,,04-02-2025,session date on first block,16
38th NATIONAL GAMES 2025,41,100m Freestyle,Men,Final,2025-02-04,7,Anshul Kothari,Gujarat,52.88,52.88,,04-02-2025,session date on first block,16
38th NATIONAL GAMES 2025,41,100m Freestyle,Men,Final,2025-02-04,8,Harsh Saroha,Haryana,53.01,53.01,,04-02-2025,session date on first block,16
