event,date,division,rank,name,country,date_raw,date_source,page
BOXAM ELITE 2026 - LA NUCÍA,2026-02-07,Elite Men - 50 Kg (EM-50kg),1,TASHKENBAY SANZHAR,KAZ,SA. 7 FEB. 2026,As of SA. 7 FEB. 2026,30
BOXAM ELITE 2026 - LA NUCÍA,2026-02-07,Elite Men - 55 Kg (EM-55kg),1,SABYRKHAN MAKHMUD,KAZ,SA. 7 FEB. 2026,As of SA. 7 FEB. 2026,30
BOXAM ELITE 2026 - LA NUCÍA,2026-02-07,Elite Men - 60 Kg (EM-60kg),1,SACHIN,IND,SA. 7 FEB. 2026,As of SA. 7 FEB. 2026,30
BOXAM ELITE 2026 - LA NUCÍA,2026-02-07,Elite Men - 65 Kg (EM-65kg),1,ALLIEV ELVIN,UKR,SA. 7 FEB. 2026,As of SA. 7 FEB. 2026,30
BOXAM ELITE 2026 - LA NUCÍA,2026-02-07,Elite Men - 70 Kg (EM-70kg),1,SABYRKHAN TOREKHAN,KAZ,SA. 7 FEB. 2026,As of SA. 7 FEB. 2026,30
BOXAM ELITE 2026 - LA NUCÍA,2026-02-07,Elite Men - 75 Kg (EM-75kg),1,AKASH,IND,SA. 7 FEB. 2026,As of SA. 7 FEB. 2026,30
BOXAM ELITE 2026 - LA NUCÍA,2026-02-07,Elite Men - 80 Kg (EM-80kg),1,ILLIUSHKA PAVLO,UKR,SA. 7 FEB. 2026,As of SA. 7 FEB. 2026,30
BOXAM ELITE 2026 - LA NUCÍA,2026-02-07,Elite Men - 85 Kg (EM-85kg),1,ORALBAY NURBEK,KAZ,SA. 7 FEB. 2026,As of SA. 7 FEB. 2026,30
BOXAM ELITE 2026 - LA NUCÍA,2026-02-07,Elite Men - 90 Kg (EM-90kg),1,REYES PLA EMMANUEL,ESP,SA. 7 FEB. 2026,As of SA. 7 FEB. 2026,30
BOXAM ELITE 2026 - LA NUCÍA,2026-02-07,Elite Men + 90 Kg (EM+90kg),1,ORALBAY AIBEK,KAZ,SA. 7 FEB. 2026,As of SA. 7 FEB. 2026,30
BOXAM ELITE 2026 - LA NUCÍA,2026-02-07,Elite Women - 48 Kg (EW-48kg),1,RANI MANJU,IND,SA. 7 FEB. 2026,As of SA. 7 FEB. 2026,30
BOXAM ELITE 2026 - LA NUCÍA,2026-02-07,Elite Women - 51 Kg (EW-51kg),1,NITU,IND,SA. 7 FEB. 2026,As of SA. 7 FEB. 2026,30
BOXAM ELITE 2026 - LA NUCÍA,2026-02-07,Elite Women - 54 Kg (EW-54kg),1,POONAM,IND,SA. 7 FEB. 2026,As of SA. 7 FEB. 2026,30
BOXAM ELITE 2026 - LA NUCÍA,2026-02-07,Elite Men - 50 Kg (EM-50kg),2,MAGHRAOUI FRYHAH ISMAEL,ESP,SA. 7 FEB. 2026,As of SA. 7 FEB. 2026,30
BOXAM ELITE 2026 - LA NUCÍA,2026-02-07,Elite Men - 55 Kg (EM-55kg),2,TROWBRIDGE ELLIS,ENG,SA. 7 FEB. 2026,As of SA. 7 FEB. 2026,30
BOXAM ELITE 2026 - LA NUCÍA,2026-02-07,Elite Men - 60 Kg (EM-60kg),2,AL AHMADIEH KEOMA-ALI,CAN,SA. 7 FEB. 2026,As of SA. 7 FEB. 2026,30
BOXAM ELITE 2026 - LA NUCÍA,2026-02-07,Elite Men - 65 Kg (EM-65kg),2,OUNAI MOHAMED,FRA,SA. 7 FEB. 2026,As of SA. 7 FEB. 2026,30
BOXAM ELITE 2026 - LA NUCÍA,2026-02-07,Elite Men - 70 Kg (EM-70kg),2,DEEPAK,IND,SA. 7 FEB. 2026,As of SA. 7 FEB. 2026,30
BOXAM ELITE 2026 - LA NUCÍA,2026-02-07,Elite Men - 75 Kg (EM-75kg),2,KONSEBEKOV AMAN,KAZ,SA. 7 FEB. 2026,As of SA. 7 FEB. 2026,30
BOXAM ELITE 2026 - LA NUCÍA,2026-02-07,Elite Men - 80 Kg (EM-80kg),2,ANKUSH,IND,SA. 7 FEB. 2026,As of SA. 7 FEB. 2026,30
BOXAM ELITE 2026 - LA NUCÍA,2026-02-07,Elite Men - 85 Kg (EM-85kg),2,PANAH ARYAN SAEED,NEU,SA. 7 FEB. 2026,As of SA. 7 FEB. 2026,30
BOXAM ELITE 2026 - LA NUCÍA,2026-02-07,Elite Men - 90 Kg (EM-90kg),2,TOGAMBAY SAGYNDYK,KAZ,SA. 7 FEB. 2026,As of SA. 7 FEB. 2026,30
BOXAM ELITE 2026 - LA NUCÍA,2026-02-07,Elite Men + 90 Kg (EM+90kg),2,ASSYLKHAN NURASSYL,KAZ,SA. 7 FEB. 2026,As of SA. 7 FEB. 2026,30
BOXAM ELITE 2026 - LA NUCÍA,2026-02-07,Elite Women - 48 Kg (EW-48kg),2,LOPEZ DEL ARBOL MARTA,ESP,SA. 7 FEB. 2026,As of SA. 7 FEB. 2026,30
BOXAM ELITE 2026 - LA NUCÍA,2026-02-07,Elite Women - 51 Kg (EW-51kg),2,GUTIERREZ SALMERON NOELIA,ESP,SA. 7 FEB. 2026,As of SA. 7 FEB. 2026,30
BOXAM ELITE 2026 - LA NUCÍA,2026-02-07,Elite Women - 54 Kg (EW-54kg),2,PREETI,IND,SA. 7 FEB. 2026,As of SA. 7 FEB. 2026,30
BOXAM ELITE 2026 - LA NUCÍA,2026-02-07,Elite Men - 50 Kg (EM-50kg),3,DIAZ LOPEZ CARLOS,ESP,SA. 7 FEB. 2026,As of SA. 7 FEB. 2026,30
BOXAM ELITE 2026 - LA NUCÍA,2026-02-07,Elite Men - 50 Kg (EM-50kg),3,ONGAROV NURZAT,KAZ,SA. 7 FEB. 2026,As of SA. 7 FEB. 2026,30
BOXAM ELITE 2026 - LA NUCÍA,2026-02-07,Elite Men - 55 Kg (EM-55kg),3,MANDENGBAM AJUMDANI SINGH,IND,SA. 7 FEB. 2026,As of SA. 7 FEB. 2026,30
BOXAM ELITE 2026 - LA NUCÍA,2026-02-07,Elite Men - 55 Kg (EM-55kg),3,TOMINES MAXIMUS,CAN,SA. 7 FEB. 2026,As of SA. 7 FEB. 2026,30
BOXAM ELITE 2026 - LA NUCÍA,2026-02-07,Elite Men - 60 Kg (EM-60kg),3,DRYDEN JACK,ENG,SA. 7 FEB. 2026,As of SA. 7 FEB. 2026,30
BOXAM ELITE 2026 - LA NUCÍA,2026-02-07,Elite Men - 60 Kg (EM-60kg),3,MOHAMED HUSSAM UDDIN,IND,SA. 7 FEB. 2026,As of SA. 7 FEB. 2026,30
BOXAM ELITE 2026 - LA NUCÍA,2026-02-07,Elite Men - 65 Kg (EM-65kg),3,IBARRECHE CONDE OIER,ESP,SA. 7 FEB. 2026,As of SA. 7 FEB. 2026,30
BOXAM ELITE 2026 - LA NUCÍA,2026-02-07,Elite Men - 65 Kg (EM-65kg),3,PIDINRUCH KHUNATIP,THA,SA. 7 FEB. 2026,As of SA. 7 FEB. 2026,30
BOXAM ELITE 2026 - LA NUCÍA,2026-02-07,Elite Men - 70 Kg (EM-70kg),3,HITESH,IND,SA. 7 FEB. 2026,As of SA. 7 FEB. 2026,30
BOXAM ELITE 2026 - LA NUCÍA,2026-02-07,Elite Men - 70 Kg (EM-70kg),3,MURSAL NURBEK,KAZ,SA. 7 FEB. 2026,As of SA. 7 FEB. 2026,30
BOXAM ELITE 2026 - LA NUCÍA,2026-02-07,Elite Men - 75 Kg (EM-75kg),3,NURSEITOV TIMUR,KAZ,SA. 7 FEB. 2026,As of SA. 7 FEB. 2026,30
BOXAM ELITE 2026 - LA NUCÍA,2026-02-07,Elite Men - 75 Kg (EM-75kg),3,ZAKHARIEV YURII,UKR,SA. 7 FEB. 2026,As of SA. 7 FEB. 2026,30
BOXAM ELITE 2026 - LA NUCÍA,2026-02-07,Elite Men - 80 Kg (EM-80kg),3,COY BERNAL PABLO,ESP,SA. 7 FEB. 2026,As of SA. 7 FEB. 2026,30
BOXAM ELITE 2026 - LA NUCÍA,2026-02-07,Elite Men - 80 Kg (EM-80kg),3,BEKTAS AZAMAT,KAZ,SA. 7 FEB. 2026,As of SA. 7 FEB. 2026,30
BOXAM ELITE 2026 - LA NUCÍA,2026-02-07,Elite Men - 85 Kg (EM-85kg),3,FRESNEDA RICARDO ADRIAN,ESP,SA. 7 FEB. 2026,As of SA. 7 FEB. 2026,30
BOXAM ELITE 2026 - LA NUCÍA,2026-02-07,Elite Men - 85 Kg (EM-85kg),3,LAKTIONOV MYKOLA,UKR,SA. 7 FEB. 2026,As of SA. 7 FEB. 2026,30
BOXAM ELITE 2026 - LA NUCÍA,2026-02-07,Elite Men - 90 Kg (EM-90kg),3,OKOH ISSAC,ENG,SA. 7 FEB. 2026,As of SA. 7 FEB. 2026,30
BOXAM ELITE 2026 - LA NUCÍA,2026-02-07,Elite Men - 90 Kg (EM-90kg),3,MICHKOVSKYI PAVLO,UKR,SA. 7 FEB. 2026,As of SA. 7 FEB. 2026,30
BOXAM ELITE 2026 - LA NUCÍA,2026-02-07,Elite Men + 90 Kg (EM+90kg),3,KHALETSKYI ANDRII,UKR,SA. 7 FEB. 2026,As of SA. 7 FEB. 2026,30
BOXAM ELITE 2026 - LA NUCÍA,2026-02-07,Elite Men + 90 Kg (EM+90kg),3,LOVCHYNSKYI DMYTRO,UKR,SA. 7 FEB. 2026,As of SA. 7 FEB. 2026,30
BOXAM ELITE 2026 - LA NUCÍA,2026-02-07,Elite Women - 48 Kg (EW-48kg),3,LYNIV SOLOMIIA,UKR,SA. 7 FEB. 2026,As of SA. 7 FEB. 2026,30
BOXAM ELITE 2026 - LA NUCÍA,2026-02-07,Elite Women - 48 Kg (EW-48kg),3,TURGANOVA YELYAUR,KAZ,SA. 7 FEB. 2026,As of SA. 7 FEB. 2026,30
BOXAM ELITE 2026 - LA NUCÍA,2026-02-07,Elite Women - 51 Kg (EW-51kg),3,RAKSAT CHUTHAMAT,THA,SA. 7 FEB. 2026,As of SA. 7 FEB. 2026,30
BOXAM ELITE 2026 - LA NUCÍA,2026-02-07,Elite Women - 51 Kg (EW-51kg),3,POKUSAI TAISSIA,UKR,SA. 7 FEB. 2026,As of SA. 7 FEB. 2026,30
BOXAM ELITE 2026 - LA NUCÍA,2026-02-07,Elite Women - 54 Kg (EW-54kg),3,SMITH IVY-JANE,ENG,SA. 7 FEB. 2026,As of SA. 7 FEB. 2026,30
BOXAM ELITE 2026 - LA NUCÍA,2026-02-07,Elite Women - 54 Kg (EW-54kg),3,HAMDI AYA,FRA,SA. 7 FEB. 2026,As of SA. 7 FEB. 2026,30
BOXAM ELITE 2026 - LA NUCÍA,2026-02-07,Elite Women - 57 Kg (EW-57kg),1,RUENROS PUNRAWEE,THA,SÁ. 7 FEB. 2026,As of SÁ. 7 FEB. 2026,31
BOXAM ELITE 2026 - LA NUCÍA,2026-02-07,Elite Women - 60 Kg (EW-60kg),1,PRIYA,IND,SÁ. 7 FEB. 2026,As of SÁ. 7 FEB. 2026,31
BOXAM ELITE 2026 - LA NUCÍA,2026-02-07,Elite Women - 65 Kg (EW-65kg),1,ALLEN KAYLA,ENG,SÁ. 7 FEB. 2026,As of SÁ. 7 FEB. 2026,31
BOXAM ELITE 2026 - LA NUCÍA,2026-02-07,Elite Women - 70 Kg (EW-70kg),1,CHOUDHARY ARUNDHATI,IND,SÁ. 7 FEB. 2026,As of SÁ. 7 FEB. 2026,31
BOXAM ELITE 2026 - LA NUCÍA,2026-02-07,Elite Women - 75 Kg (EW-75kg),1,BORGOHAIN LOVLINA,IND,SÁ. 7 FEB. 2026,As of SÁ. 7 FEB. 2026,31
BOXAM ELITE 2026 - LA NUCÍA,2026-02-07,Elite Women - 80 Kg (EW-80kg),1,NAINA,IND,SÁ. 7 FEB. 2026,As of SÁ. 7 FEB. 2026,31
BOXAM ELITE 2026 - LA NUCÍA,2026-02-07,Elite Women + 80 Kg (EW+80kg),1,SADYKOVA UMIDA,KAZ,SÁ. 7 FEB. 2026,As of SÁ. 7 FEB. 2026,31
BOXAM ELITE 2026 - LA NUCÍA,2026-02-07,Elite Women - 57 Kg (EW-57kg),2,WEERHEIM GABRIELLA,NED,SÁ. 7 FEB. 2026,As of SÁ. 7 FEB. 2026,31
BOXAM ELITE 2026 - LA NUCÍA,2026-02-07,Elite Women - 60 Kg (EW-60kg),2,DOVHAL TETIANA,UKR,SÁ. 7 FEB. 2026,As of SÁ. 7 FEB. 2026,31
BOXAM ELITE 2026 - LA NUCÍA,2026-02-07,Elite Women - 65 Kg (EW-65kg),2,SERIK NAZERKE,KAZ,SÁ. 7 FEB. 2026,As of SÁ. 7 FEB. 2026,31
BOXAM ELITE 2026 - LA NUCÍA,2026-02-07,Elite Women - 70 Kg (EW-70kg),2,TARAN ANASTASIIA,UKR,SÁ. 7 FEB. 2026,As of SÁ. 7 FEB. 2026,31
BOXAM ELITE 2026 - LA NUCÍA,2026-02-07,Elite Women - 75 Kg (EW-75kg),2,SMITH MARY-KATE,ENG,SÁ. 7 FEB. 2026,As of SÁ. 7 FEB. 2026,31
BOXAM ELITE 2026 - LA NUCÍA,2026-02-07,Elite Women - 80 Kg (EW-80kg),2,PISKUN RAISA,UKR,SÁ. 7 FEB. 2026,As of SÁ. 7 FEB. 2026,31
BOXAM ELITE 2026 - LA NUCÍA,2026-02-07,Elite Women + 80 Kg (EW+80kg),2,SEITIKKAHNKYZY PANAR,KAZ,SÁ. 7 FEB. 2026,As of SÁ. 7 FEB. 2026,31
BOXAM ELITE 2026 - LA NUCÍA,2026-02-07,Elite Women - 57 Kg (EW-57kg),3,AL AHMADEI MARIE,CAN,SÁ. 7 FEB. 2026,As of SÁ. 7 FEB. 2026,31
BOXAM ELITE 2026 - LA NUCÍA,2026-02-07,Elite Women - 57 Kg (EW-57kg),3,PARSONS VIVIEN,ENG,SÁ. 7 FEB. 2026,As of SÁ. 7 FEB. 2026,31
BOXAM ELITE 2026 - LA NUCÍA,2026-02-07,Elite Women - 60 Kg (EW-60kg),3,van der TOORN MAUD,NED,SÁ. 7 FEB. 2026,As of SÁ. 7 FEB. 2026,31
BOXAM ELITE 2026 - LA NUCÍA,2026-02-07,Elite Women - 60 Kg (EW-60kg),3,SOMNEUK THANANYA,THA,SÁ. 7 FEB. 2026,As of SÁ. 7 FEB. 2026,31
BOXAM ELITE 2026 - LA NUCÍA,2026-02-07,Elite Women - 65 Kg (EW-65kg),3,KAJAL,IND,SÁ. 7 FEB. 2026,As of SÁ. 7 FEB. 2026,31
BOXAM ELITE 2026 - LA NUCÍA,2026-02-07,Elite Women - 65 Kg (EW-65kg),3,YADAV PRANJAL,IND,SÁ. 7 FEB. 2026,As of SÁ. 7 FEB. 2026,31
BOXAM ELITE 2026 - LA NUCÍA,2026-02-07,Elite Women - 70 Kg (EW-70kg),3,MARTINEZ MAS DUNIA,ESP,SÁ. 7 FEB. 2026,As of SÁ. 7 FEB. 2026,31
BOXAM ELITE 2026 - LA NUCÍA,2026-02-07,Elite Women - 70 Kg (EW-70kg),3,BADIN ANDREA,FRA,SÁ. 7 FEB. 2026,As of SÁ. 7 FEB. 2026,31
BOXAM ELITE 2026 - LA NUCÍA,2026-02-07,Elite Women - 75 Kg (EW-75kg),3,ECCLES ROSIE,WAL,SÁ. 7 FEB. 2026,As of SÁ. 7 FEB. 2026,31
BOXAM ELITE 2026 - LA NUCÍA,2026-02-07,Elite Women - 75 Kg (EW-75kg),3,THOKCHOM SANAMACHA CHANU,IND,SÁ. 7 FEB. 2026,As of SÁ. 7 FEB. 2026,31
BOXAM ELITE 2026 - LA NUCÍA,2026-02-07,Elite Women - 80 Kg (EW-80kg),3,SADYKOVA GUZAL,KAZ,SÁ. 7 FEB. 2026,As of SÁ. 7 FEB. 2026,31
BOXAM ELITE 2026 - LA NUCÍA,2026-02-07,Elite Women + 80 Kg (EW+80kg),3,MANIKRAT KAUR,IND,SÁ. 7 FEB. 2026,As of SÁ. 7 FEB. 2026,31
BOXAM ELITE 2026 - LA NUCÍA,2026-02-07,Elite Women + 80 Kg (EW+80kg),3,GULLEN ORTIZ TINDAYA LUCIA,ESP,SÁ. 7 FEB. 2026,As of SÁ. 7 FEB. 2026,31
BOXAM ELITE 2026 - LA NUCÍA,2026-02-07,Elite Women - 48 Kg (EW-48 kg),1,RANI MANJU,IND,SÁ. 7 FEB. 2026,As of SÁ. 7 FEB. 2026,32
BOXAM ELITE 2026 - LA NUCÍA,2026-02-07,Elite Women - 48 Kg (EW-48 kg),2,LOPEZ DEL ARBOL MARTA,ESP,SÁ. 7 FEB. 2026,As of SÁ. 7 FEB. 2026,32
BOXAM ELITE 2026 - LA NUCÍA,2026-02-07,Elite Women - 48 Kg (EW-48 kg),3,LYNIV SOLOMIIA,UKR,SÁ. 7 FEB. 2026,As of SÁ. 7 FEB. 2026,32
BOXAM ELITE 2026 - LA NUCÍA,2026-02-07,Elite Women - 48 Kg (EW-48 kg),3,TURGANOVA YELYANUR,KAZ,SÁ. 7 FEB. 2026,As of SÁ. 7 FEB. 2026,32
BOXAM ELITE 2026 - LA NUCÍA,2026-02-07,Elite Women - 48 Kg (EW-48 kg),5,D'ALMEIDA GLORIA,FRA,SÁ. 7 FEB. 2026,As of SÁ. 7 FEB. 2026,32
BOXAM ELITE 2026 - LA NUCÍA,2026-02-07,Elite Women - 51 Kg (EW-51 kg),1,NITU,IND,SÀ. 7 FEB. 2026,As of line,33
BOXAM ELITE 2026 - LA NUCÍA,2026-02-07,Elite Women - 51 Kg (EW-51 kg),2,GUTIERREZ SALMERON NOELIA,ESP,SÀ. 7 FEB. 2026,As of line,33
BOXAM ELITE 2026 - LA NUCÍA,2026-02-07,Elite Women - 51 Kg (EW-51 kg),3,RAKSAT CHUTHAMAT,THA,SÀ. 7 FEB. 2026,As of line,33
BOXAM ELITE 2026 - LA NUCÍA,2026-02-07,Elite Women - 51 Kg (EW-51 kg),3,POKUSAI TAISSIA,UKR,SÀ. 7 FEB. 2026,As of line,33
BOXAM ELITE 2026 - LA NUCÍA,2026-02-07,Elite Women - 51 Kg (EW-51 kg),5,WRIGHT MCKENZIE,CAN,SÀ. 7 FEB. 2026,As of line,33
BOXAM ELITE 2026 - LA NUCÍA,2026-02-07,Elite Women - 51 Kg (EW-51 kg),5,BOUREGA MAYSSOUN,FRA,SÀ. 7 FEB. 2026,As of line,33
BOXAM ELITE 2026 - LA NUCÍA,2026-02-07,Elite Women - 51 Kg (EW-51 kg),5,KUSUM,IND,SÀ. 7 FEB. 2026,As of line,33
BOXAM ELITE 2026 - LA NUCÍA,2026-02-07,Elite Women - 51 Kg (EW-51 kg),5,CHIU CHING-YU,TPE,SÀ. 7 FEB. 2026,As of line,33
BOXAM ELITE 2026 - LA NUCÍA,2026-02-07,Elite Women - 54 Kg (EW-54 kg),1,POONAM,IND,SÁ. 7 FEB. 2026,As of SÁ. 7 FEB. 2026,34
BOXAM ELITE 2026 - LA NUCÍA,2026-02-07,Elite Women - 54 Kg (EW-54 kg),2,PREETI,IND,SÁ. 7 FEB. 2026,As of SÁ. 7 FEB. 2026,34
BOXAM ELITE 2026 - LA NUCÍA,2026-02-07,Elite Women - 54 Kg (EW-54 kg),3,SMITH IVY-JANE,ENG,SÁ. 7 FEB. 2026,As of SÁ. 7 FEB. 2026,34
BOXAM ELITE 2026 - LA NUCÍA,2026-02-07,Elite Women - 54 Kg (EW-54 kg),3,HAMDI AYA,FRA,SÁ. 7 FEB. 2026,As of SÁ. 7 FEB. 2026,34
BOXAM ELITE 2026 - LA NUCÍA,2026-02-07,Elite Women - 54 Kg (EW-54 kg),5,CHONGPRONGKLANG NATNICHA,THA,SÁ. 7 FEB. 2026,As of SÁ. 7 FEB. 2026,34
BOXAM ELITE 2026 - LA NUCÍA,2026-02-07,Elite Women - 54 Kg (EW-54 kg),5,GONZALEZ CACERES MARIA,ESP,SÁ. 7 FEB. 2026,As of SÁ. 7 FEB. 2026,34
BOXAM ELITE 2026 - LA NUCÍA,2026-02-07,Elite Women - 54 Kg (EW-54 kg),5,de FELICE ANGELA,SUI,SÁ. 7 FEB. 2026,As of SÁ. 7 FEB. 2026,34
BOXAM ELITE 2026 - LA NUCÍA,2026-02-07,Elite Women - 54 Kg (EW-54 kg),5,SHKEUL VICTORIIA,UKR,SÁ. 7 FEB. 2026,As of SÁ. 7 FEB. 2026,34
BOXAM ELITE 2026 - LA NUCÍA,2026-02-07,Elite Women - 57 Kg (EW-57 kg),1,RUENROS PUNRAWEE,THA,SÁ. 7 FEB. 2026,As of line,35
BOXAM ELITE 2026 - LA NUCÍA,2026-02-07,Elite Women - 57 Kg (EW-57 kg),2,WEERHEIM GABRIELLA,NED,SÁ. 7 FEB. 2026,As of line,35
BOXAM ELITE 2026 - LA NUCÍA,2026-02-07,Elite Women - 57 Kg (EW-57 kg),3,AL AHMADIEH MARIE,CAN,SÁ. 7 FEB. 2026,As of line,35
BOXAM ELITE 2026 - LA NUCÍA,2026-02-07,Elite Women - 57 Kg (EW-57 kg),3,PARSONS VIVIEN,ENG,SÁ. 7 FEB. 2026,As of line,35
BOXAM ELITE 2026 - LA NUCÍA,2026-02-07,Elite Women - 57 Kg (EW-57 kg),5,VINKA,IND,SÁ. 7 FEB. 2026,As of line,35
BOXAM ELITE 2026 - LA NUCÍA,2026-02-07,Elite Women - 57 Kg (EW-57 kg),5,CARDENAS FERNANDEZ ANDREA,ESP,SÁ. 7 FEB. 2026,As of line,35
BOXAM ELITE 2026 - LA NUCÍA,2026-02-07,Elite Women - 57 Kg (EW-57 kg),5,HUTARINA DARIA-OLHA,UKR,SÁ. 7 FEB. 2026,As of line,35
BOXAM ELITE 2026 - LA NUCÍA,2026-02-07,Elite Women - 57 Kg (EW-57 kg),5,PRACHI,IND,SÁ. 7 FEB. 2026,As of line,35
BOXAM ELITE 2026 - LA NUCÍA,2026-02-07,Elite Women - 60 Kg (EW-60 kg),1,PRIYA,IND,SÁ. 7 FEB. 2026,As of line,36
BOXAM ELITE 2026 - LA NUCÍA,2026-02-07,Elite Women - 60 Kg (EW-60 kg),2,DOVHAL TETIANA,UKR,SÁ. 7 FEB. 2026,As of line,36
BOXAM ELITE 2026 - LA NUCÍA,2026-02-07,Elite Women - 60 Kg (EW-60 kg),3,van der TOORN MAUD,NED,SÁ. 7 FEB. 2026,As of line,36
BOXAM ELITE 2026 - LA NUCÍA,2026-02-07,Elite Women - 60 Kg (EW-60 kg),3,SOMNUEK THANANYA,THA,SÁ. 7 FEB. 2026,As of line,36
BOXAM ELITE 2026 - LA NUCÍA,2026-02-07,Elite Women - 60 Kg (EW-60 kg),5,GALANO LOPEZ LAURA,ESP,SÁ. 7 FEB. 2026,As of line,36
BOXAM ELITE 2026 - LA NUCÍA,2026-02-07,Elite Women - 60 Kg (EW-60 kg),5,BAIDUKOVA VIKTORIYA,KAZ,SÁ. 7 FEB. 2026,As of line,36
BOXAM ELITE 2026 - LA NUCÍA,2026-02-07,Elite Women - 60 Kg (EW-60 kg),5,GRAFEYEVA YEVGENIYA,KAZ,SÁ. 7 FEB. 2026,As of line,36
BOXAM ELITE 2026 - LA NUCÍA,2026-02-07,Elite Women - 60 Kg (EW-60 kg),5,PATIL DISHA VIJAY,IND,SÁ. 7 FEB. 2026,As of line,36
BOXAM ELITE 2026 - LA NUCÍA,2026-02-07,Elite Women - 65 Kg (EW-65 kg),1,ALLEN KAYLA,ENG,SÁ. 7 FEB. 2026,As of line,37
BOXAM ELITE 2026 - LA NUCÍA,2026-02-07,Elite Women - 65 Kg (EW-65 kg),2,SERIK NAZERKE,KAZ,SÁ. 7 FEB. 2026,As of line,37
BOXAM ELITE 2026 - LA NUCÍA,2026-02-07,Elite Women - 65 Kg (EW-65 kg),3,YADAV PRANJAL,IND,SÁ. 7 FEB. 2026,As of line,37
BOXAM ELITE 2026 - LA NUCÍA,2026-02-07,Elite Women - 65 Kg (EW-65 kg),3,KAJAL,IND,SÁ. 7 FEB. 2026,As of line,37
BOXAM ELITE 2026 - LA NUCÍA,2026-02-07,Elite Women - 65 Kg (EW-65 kg),5,MERINOVA NATALIIA,UKR,SÁ. 7 FEB. 2026,As of line,37
BOXAM ELITE 2026 - LA NUCÍA,2026-02-07,Elite Women - 65 Kg (EW-65 kg),5,SOTO TORRES MARIANA,ESP,SÁ. 7 FEB. 2026,As of line,37
BOXAM ELITE 2026 - LA NUCÍA,2026-02-07,Elite Women - 65 Kg (EW-65 kg),5,ICHSANOVA AKNAR,KAZ,SÁ. 7 FEB. 2026,As of line,37
BOXAM ELITE 2026 - LA NUCÍA,2026-02-07,Elite Women - 65 Kg (EW-65 kg),5,JILKOVÁ VIKTORIE,CZE,SÁ. 7 FEB. 2026,As of line,37
BOXAM ELITE 2026 - LA NUCÍA,2026-02-07,Elite Women - 70 Kg (EW-70 kg),1,CHOURDHARY ARUNDHATI,IND,SÁ. 7 FEB. 2026,As of SÁ. 7 FEB. 2026,38
BOXAM ELITE 2026 - LA NUCÍA,2026-02-07,Elite Women - 70 Kg (EW-70 kg),2,TARAN ANASTASIIA,UKR,SÁ. 7 FEB. 2026,As of SÁ. 7 FEB. 2026,38
BOXAM ELITE 2026 - LA NUCÍA,2026-02-07,Elite Women - 70 Kg (EW-70 kg),3,MARTINEZ MAS DUNIA,ESP,SÁ. 7 FEB. 2026,As of SÁ. 7 FEB. 2026,38
BOXAM ELITE 2026 - LA NUCÍA,2026-02-07,Elite Women - 70 Kg (EW-70 kg),3,BADIN ANDREA,FRA,SÁ. 7 FEB. 2026,As of SÁ. 7 FEB. 2026,38
BOXAM ELITE 2026 - LA NUCÍA,2026-02-07,Elite Women - 70 Kg (EW-70 kg),5,LOPEZ MOTA LORENA,ESP,SÁ. 7 FEB. 2026,As of SÁ. 7 FEB. 2026,38
BOXAM ELITE 2026 - LA NUCÍA,2026-02-07,Elite Women - 70 Kg (EW-70 kg),5,MONTEMIGLIO MAEVA,CAN,SÁ. 7 FEB. 2026,As of SÁ. 7 FEB. 2026,38
BOXAM ELITE 2026 - LA NUCÍA,2026-02-07,Elite Women - 70 Kg (EW-70 kg),5,ISSINA AZIZA,KAZ,SÁ. 7 FEB. 2026,As of SÁ. 7 FEB. 2026,38
BOXAM ELITE 2026 - LA NUCÍA,2026-02-07,Elite Women - 70 Kg (EW-70 kg),5,SNEHA,IND,SÁ. 7 FEB. 2026,As of SÁ. 7 FEB. 2026,38
BOXAM ELITE 2026 - LA NUCÍA,2026-02-07,Elite Women - 75 Kg (EW-75 kg),1,BORGOHAIN LOVLINA,IND,SÁ. 7 FEB. 2026,As of line,39
BOXAM ELITE 2026 - LA NUCÍA,2026-02-07,Elite Women - 75 Kg (EW-75 kg),2,SMITH MARY-KATE,ENG,SÁ. 7 FEB. 2026,As of line,39
BOXAM ELITE 2026 - LA NUCÍA,2026-02-07,Elite Women - 75 Kg (EW-75 kg),3,ECCLES ROSIE,WAL,SÁ. 7 FEB. 2026,As of line,39
BOXAM ELITE 2026 - LA NUCÍA,2026-02-07,Elite Women - 75 Kg (EW-75 kg),3,THOKCHOM SANAMACHA CHANU,IND,SÁ. 7 FEB. 2026,As of line,39
BOXAM ELITE 2026 - LA NUCÍA,2026-02-07,Elite Women - 75 Kg (EW-75 kg),5,PYLYPCHUK OLHA,UKR,SÁ. 7 FEB. 2026,As of line,39
BOXAM ELITE 2026 - LA NUCÍA,2026-02-07,Elite Women - 75 Kg (EW-75 kg),5,GARCIA ADAME ALMA,ESP,SÁ. 7 FEB. 2026,As of line,39
BOXAM ELITE 2026 - LA NUCÍA,2026-02-07,Elite Women - 75 Kg (EW-75 kg),5,SOKOLOVSKA ANASTASIYA,ESP,SÁ. 7 FEB. 2026,As of line,39
BOXAM ELITE 2026 - LA NUCÍA,2026-02-07,Elite Women - 75 Kg (EW-75 kg),5,PENNEY VIKTORIA,CAN,SÁ. 7 FEB. 2026,As of line,39
BOXAM ELITE 2026 - LA NUCÍA,2026-02-07,Elite Women - 80 Kg (EW-80 kg),1,NAINA,IND,SÁ. 7 FEB. 2026,As of SÁ. 7 FEB. 2026,40
BOXAM ELITE 2026 - LA NUCÍA,2026-02-07,Elite Women - 80 Kg (EW-80 kg),2,PISKUN RAISA,UKR,SÁ. 7 FEB. 2026,As of SÁ. 7 FEB. 2026,40
BOXAM ELITE 2026 - LA NUCÍA,2026-02-07,Elite Women - 80 Kg (EW-80 kg),3,SADYKOVA GUZAL,KAZ,SÁ. 7 FEB. 2026,As of SÁ. 7 FEB. 2026,40
BOXAM ELITE 2026 - LA NUCÍA,2026-02-07,Elite Women + 80 Kg (EW+80 kg),1,SADYKOVA UMIDA,KAZ,SÁ. 7 FEB. 2026,As of SÁ. 7 FEB. 2026,41
BOXAM ELITE 2026 - LA NUCÍA,2026-02-07,Elite Women + 80 Kg (EW+80 kg),2,SEIITKAHNKYZY PANAR,KAZ,SÁ. 7 FEB. 2026,As of SÁ. 7 FEB. 2026,41
BOXAM ELITE 2026 - LA NUCÍA,2026-02-07,Elite Women + 80 Kg (EW+80 kg),3,MANKIRAT KAUR,IND,SÁ. 7 FEB. 2026,As of SÁ. 7 FEB. 2026,41
BOXAM ELITE 2026 - LA NUCÍA,2026-02-07,Elite Women + 80 Kg (EW+80 kg),3,GULLEN ORTIZ TINDAYA LUCIA,ESP,SÁ. 7 FEB. 2026,As of SÁ. 7 FEB. 2026,41
BOXAM ELITE 2026 - LA NUCÍA,2026-02-07,Elite Men - 50 Kg (EM-50 kg),1,TASHKENBAY SANZHAR,KAZ,SÀ. 7 FEB. 2026,As of line,42
BOXAM ELITE 2026 - LA NUCÍA,2026-02-07,Elite Men - 50 Kg (EM-50 kg),2,MAGHRAOUI FRYHAH ISMAEL,ESP,SÀ. 7 FEB. 2026,As of line,42
BOXAM ELITE 2026 - LA NUCÍA,2026-02-07,Elite Men - 50 Kg (EM-50 kg),3,DIAZ LOPEZ CARLOS,ESP,SÀ. 7 FEB. 2026,As of line,42
BOXAM ELITE 2026 - LA NUCÍA,2026-02-07,Elite Men - 50 Kg (EM-50 kg),3,ONGAROV NURZAT,KAZ,SÀ. 7 FEB. 2026,As of line,42
BOXAM ELITE 2026 - LA NUCÍA,2026-02-07,Elite Men - 50 Kg (EM-50 kg),5,SINGH RISHI,IND,SÀ. 7 FEB. 2026,As of line,42
BOXAM ELITE 2026 - LA NUCÍA,2026-02-07,Elite Men - 50 Kg (EM-50 kg),5,RUDYK MAKSYM,UKR,SÀ. 7 FEB. 2026,As of line,42
BOXAM ELITE 2026 - LA NUCÍA,2026-02-07,Elite Men - 50 Kg (EM-50 kg),5,ROCK ISAIAH,CAN,SÀ. 7 FEB. 2026,As of line,42
BOXAM ELITE 2026 - LA NUCÍA,2026-02-07,Elite Men - 55 Kg (EM-55 kg),1,SABYRKHAN MAKHMUD,KAZ,SÁ. 7 FEB. 2026,As of line,43
BOXAM ELITE 2026 - LA NUCÍA,2026-02-07,Elite Men - 55 Kg (EM-55 kg),2,TROWBRIDGE ELLIS,ENG,SÁ. 7 FEB. 2026,As of line,43
BOXAM ELITE 2026 - LA NUCÍA,2026-02-07,Elite Men - 55 Kg (EM-55 kg),3,MANDENGBAM JADUMANI SINGH,IND,SÁ. 7 FEB. 2026,As of line,43
BOXAM ELITE 2026 - LA NUCÍA,2026-02-07,Elite Men - 55 Kg (EM-55 kg),3,TOMINES MAXIMUS,CAN,SÁ. 7 FEB. 2026,As of line,43
BOXAM ELITE 2026 - LA NUCÍA,2026-02-07,Elite Men - 55 Kg (EM-55 kg),5,WANUKAGA ALVIN,SWE,SÁ. 7 FEB. 2026,As of line,43
BOXAM ELITE 2026 - LA NUCÍA,2026-02-07,Elite Men - 55 Kg (EM-55 kg),5,BARTWAL PAWAN,IND,SÁ. 7 FEB. 2026,As of line,43
BOXAM ELITE 2026 - LA NUCÍA,2026-02-07,Elite Men - 55 Kg (EM-55 kg),5,PENG CHIA-FENG,TPE,SÁ. 7 FEB. 2026,As of line,43
BOXAM ELITE 2026 - LA NUCÍA,2026-02-07,Elite Men - 55 Kg (EM-55 kg),5,BORANBEK BEXULTAN,KAZ,SÁ. 7 FEB. 2026,As of line,43
BOXAM ELITE 2026 - LA NUCÍA,2026-02-07,Elite Men - 60 Kg (EM-60 kg),1,SACHIN,IND,SÁ. 7 FEB. 2026,As of line,44
BOXAM ELITE 2026 - LA NUCÍA,2026-02-07,Elite Men - 60 Kg (EM-60 kg),2,AL AHMADIEH KEOMA-ALI,CAN,SÁ. 7 FEB. 2026,As of line,44
BOXAM ELITE 2026 - LA NUCÍA,2026-02-07,Elite Men - 60 Kg (EM-60 kg),3,DRYDEN JACK,ENG,SÁ. 7 FEB. 2026,As of line,44
BOXAM ELITE 2026 - LA NUCÍA,2026-02-07,Elite Men - 60 Kg (EM-60 kg),3,MOHAMMED HUSSAM UDDIN,IND,SÁ. 7 FEB. 2026,As of line,44
BOXAM ELITE 2026 - LA NUCÍA,2026-02-07,Elite Men - 60 Kg (EM-60 kg),5,ABDURAIMOV AIDER,UKR,SÁ. 7 FEB. 2026,As of line,44
BOXAM ELITE 2026 - LA NUCÍA,2026-02-07,Elite Men - 60 Kg (EM-60 kg),5,TEMIRZHANOV SERIK,KAZ,SÁ. 7 FEB. 2026,As of line,44
BOXAM ELITE 2026 - LA NUCÍA,2026-02-07,Elite Men - 60 Kg (EM-60 kg),5,MELKUMIAN GEORGES BENIK,LUX,SÁ. 7 FEB. 2026,As of line,44
BOXAM ELITE 2026 - LA NUCÍA,2026-02-07,Elite Men - 60 Kg (EM-60 kg),5,DAHLY ALI,UKR,SÁ. 7 FEB. 2026,As of line,44
BOXAM ELITE 2026 - LA NUCÍA,2026-02-07,Elite Men - 65 Kg (EM-65 kg),1,ALIEV ELVIN,UKR,SÀ. 7 FEB. 2026,As of line,45
BOXAM ELITE 2026 - LA NUCÍA,2026-02-07,Elite Men - 65 Kg (EM-65 kg),2,OUNAI MOHAMED,FRA,SÀ. 7 FEB. 2026,As of line,45
BOXAM ELITE 2026 - LA NUCÍA,2026-02-07,Elite Men - 65 Kg (EM-65 kg),3,IBARRECHE CONDE OIER,ESP,SÀ. 7 FEB. 2026,As of line,45
BOXAM ELITE 2026 - LA NUCÍA,2026-02-07,Elite Men - 65 Kg (EM-65 kg),3,PIDNUCH KHUNATIP,THA,SÀ. 7 FEB. 2026,As of line,45
BOXAM ELITE 2026 - LA NUCÍA,2026-02-07,Elite Men - 65 Kg (EM-65 kg),5,JAMWAL ABHINASH,IND,SÀ. 7 FEB. 2026,As of line,45
BOXAM ELITE 2026 - LA NUCÍA,2026-02-07,Elite Men - 65 Kg (EM-65 kg),5,TURNER JOE,ENG,SÀ. 7 FEB. 2026,As of line,45
BOXAM ELITE 2026 - LA NUCÍA,2026-02-07,Elite Men - 65 Kg (EM-65 kg),5,LABRIE GABRIEL ALY,CAN,SÀ. 7 FEB. 2026,As of line,45
BOXAM ELITE 2026 - LA NUCÍA,2026-02-07,Elite Men - 65 Kg (EM-65 kg),5,RAGA LEWAS JOAN MARCEL,ESP,SÀ. 7 FEB. 2026,As of line,45
BOXAM ELITE 2026 - LA NUCÍA,2026-02-07,Elite Men - 70 Kg (EM-70 kg),1,SABYRKHAN TOREKHAN,KAZ,SÁ. 7 FEB. 2026,As of line,46
BOXAM ELITE 2026 - LA NUCÍA,2026-02-07,Elite Men - 70 Kg (EM-70 kg),2,DEEPAK,IND,SÁ. 7 FEB. 2026,As of line,46
BOXAM ELITE 2026 - LA NUCÍA,2026-02-07,Elite Men - 70 Kg (EM-70 kg),3,HITESH,IND,SÁ. 7 FEB. 2026,As of line,46
BOXAM ELITE 2026 - LA NUCÍA,2026-02-07,Elite Men - 70 Kg (EM-70 kg),3,MURSAL NURBEK,KAZ,SÁ. 7 FEB. 2026,As of line,46
BOXAM ELITE 2026 - LA NUCÍA,2026-02-07,Elite Men - 70 Kg (EM-70 kg),5,MAYUOM KOUC,DEN,SÁ. 7 FEB. 2026,As of line,46
BOXAM ELITE 2026 - LA NUCÍA,2026-02-07,Elite Men - 70 Kg (EM-70 kg),5,ROSALÉN PRIETO DAVID EDENÉL,ESP,SÁ. 7 FEB. 2026,As of line,46
BOXAM ELITE 2026 - LA NUCÍA,2026-02-07,Elite Men - 70 Kg (EM-70 kg),5,SANTORIELLO VINCENT,CAN,SÁ. 7 FEB. 2026,As of line,46
BOXAM ELITE 2026 - LA NUCÍA,2026-02-07,Elite Men - 70 Kg (EM-70 kg),5,MATIAKUBOV BOZORBOI,UKR,SÁ. 7 FEB. 2026,As of line,46
BOXAM ELITE 2026 - LA NUCÍA,2026-02-07,Elite Men - 75 Kg (EM-75 kg),1,AKASH AKASH,IND,SÁ. 7 FEB. 2026,As of line,47
BOXAM ELITE 2026 - LA NUCÍA,2026-02-07,Elite Men - 75 Kg (EM-75 kg),2,KONSBEKOV AMAN,KAZ,SÁ. 7 FEB. 2026,As of line,47
BOXAM ELITE 2026 - LA NUCÍA,2026-02-07,Elite Men - 75 Kg (EM-75 kg),3,NURSEITOV TIMUR,KAZ,SÁ. 7 FEB. 2026,As of line,47
BOXAM ELITE 2026 - LA NUCÍA,2026-02-07,Elite Men - 75 Kg (EM-75 kg),3,ZAKHARIEIEV YURII,UKR,SÁ. 7 FEB. 2026,As of line,47
BOXAM ELITE 2026 - LA NUCÍA,2026-02-07,Elite Men - 75 Kg (EM-75 kg),5,SAEZ CANERO JOSE LUIS,ESP,SÁ. 7 FEB. 2026,As of line,47
BOXAM ELITE 2026 - LA NUCÍA,2026-02-07,Elite Men - 75 Kg (EM-75 kg),5,EL QADMI HASSANA,FRA,SÁ. 7 FEB. 2026,As of line,47
BOXAM ELITE 2026 - LA NUCÍA,2026-02-07,Elite Men - 75 Kg (EM-75 kg),5,SHAW-TULLIN KYLE,ENG,SÁ. 7 FEB. 2026,As of line,47
BOXAM ELITE 2026 - LA NUCÍA,2026-02-07,Elite Men - 75 Kg (EM-75 kg),5,SALAS MANUEL BENI,BEL,SÁ. 7 FEB. 2026,As of line,47
BOXAM ELITE 2026 - LA NUCÍA,2026-02-07,Elite Men - 80 Kg (EM-80 kg),1,ILLIUSHA PAVLO,UKR,SÁ. 7 FEB. 2026,As of line,48
BOXAM ELITE 2026 - LA NUCÍA,2026-02-07,Elite Men - 80 Kg (EM-80 kg),2,ANKUSH,IND,SÁ. 7 FEB. 2026,As of line,48
BOXAM ELITE 2026 - LA NUCÍA,2026-02-07,Elite Men - 80 Kg (EM-80 kg),3,COY BERNAL PABLO,ESP,SÁ. 7 FEB. 2026,As of line,48
BOXAM ELITE 2026 - LA NUCÍA,2026-02-07,Elite Men - 80 Kg (EM-80 kg),3,BEKTAS AZAMAT,KAZ,SÁ. 7 FEB. 2026,As of line,48
BOXAM ELITE 2026 - LA NUCÍA,2026-02-07,Elite Men - 80 Kg (EM-80 kg),5,JONGJOHO WEERAPON,THA,SÁ. 7 FEB. 2026,As of line,48
BOXAM ELITE 2026 - LA NUCÍA,2026-02-07,Elite Men - 80 Kg (EM-80 kg),5,ZHAKPEKOV YERASSYL,KAZ,SÁ. 7 FEB. 2026,As of line,48
BOXAM ELITE 2026 - LA NUCÍA,2026-02-07,Elite Men - 80 Kg (EM-80 kg),5,BEN OTHMEN RAYEN,BEL,SÁ. 7 FEB. 2026,As of line,48
BOXAM ELITE 2026 - LA NUCÍA,2026-02-07,Elite Men - 80 Kg (EM-80 kg),5,CARCAMO UMAR,CAN,SÁ. 7 FEB. 2026,As of line,48
BOXAM ELITE 2026 - LA NUCÍA,2026-02-07,Elite Men - 85 Kg (EM-85 kg),1,ORALBAY NURBEK,KAZ,SÁ. 7 FEB. 2026,As of SÁ. 7 FEB. 2026,49
BOXAM ELITE 2026 - LA NUCÍA,2026-02-07,Elite Men - 85 Kg (EM-85 kg),2,PANAH ARYAN SAED,NEU,SÁ. 7 FEB. 2026,As of SÁ. 7 FEB. 2026,49
BOXAM ELITE 2026 - LA NUCÍA,2026-02-07,Elite Men - 85 Kg (EM-85 kg),3,FRESNEDA RICARDO ADRIAN,ESP,SÁ. 7 FEB. 2026,As of SÁ. 7 FEB. 2026,49
BOXAM ELITE 2026 - LA NUCÍA,2026-02-07,Elite Men - 85 Kg (EM-85 kg),3,LAKTIONOV MYKOLA,UKR,SÁ. 7 FEB. 2026,As of SÁ. 7 FEB. 2026,49
BOXAM ELITE 2026 - LA NUCÍA,2026-02-07,Elite Men - 85 Kg (EM-85 kg),5,ZHASAN DANYLO,UKR,SÁ. 7 FEB. 2026,As of SÁ. 7 FEB. 2026,49
BOXAM ELITE 2026 - LA NUCÍA,2026-02-07,Elite Men - 85 Kg (EM-85 kg),5,RAZHBA MATVII,UKR,SÁ. 7 FEB. 2026,As of SÁ. 7 FEB. 2026,49
BOXAM ELITE 2026 - LA NUCÍA,2026-02-07,Elite Men - 85 Kg (EM-85 kg),5,JUGNOO,IND,SÁ. 7 FEB. 2026,As of SÁ. 7 FEB. 2026,49
BOXAM ELITE 2026 - LA NUCÍA,2026-02-07,Elite Men - 85 Kg (EM-85 kg),5,IBÁÑEZ MATAIX RUBEN,ESP,SÁ. 7 FEB. 2026,As of SÁ. 7 FEB. 2026,49
BOXAM ELITE 2026 - LA NUCÍA,2026-02-07,Elite Men - 90 Kg (EM-90 kg),1,REYES PLA ENMANUEL,ESP,SÁ. 7 FEB. 2026,As of line,50
BOXAM ELITE 2026 - LA NUCÍA,2026-02-07,Elite Men - 90 Kg (EM-90 kg),2,TOGAMBAY SAGYNDYK,KAZ,SÁ. 7 FEB. 2026,As of line,50
BOXAM ELITE 2026 - LA NUCÍA,2026-02-07,Elite Men - 90 Kg (EM-90 kg),3,OKOH ISSAC,ENG,SÁ. 7 FEB. 2026,As of line,50
BOXAM ELITE 2026 - LA NUCÍA,2026-02-07,Elite Men - 90 Kg (EM-90 kg),3,MICHOVSKYI PAVLO,UKR,SÁ. 7 FEB. 2026,As of line,50
BOXAM ELITE 2026 - LA NUCÍA,2026-02-07,Elite Men - 90 Kg (EM-90 kg),5,RAKHMANOV ONGTALAP,KAZ,SÁ. 7 FEB. 2026,As of line,50
BOXAM ELITE 2026 - LA NUCÍA,2026-02-07,Elite Men - 90 Kg (EM-90 kg),5,SOUKOUNA KANDORO,FRA,SÁ. 7 FEB. 2026,As of line,50
BOXAM ELITE 2026 - LA NUCÍA,2026-02-07,Elite Men - 90 Kg (EM-90 kg),5,CHOUDHARY HARSH,IND,SÁ. 7 FEB. 2026,As of line,50
BOXAM ELITE 2026 - LA NUCÍA,2026-02-07,Elite Men - 90 Kg (EM-90 kg),5,BELEZIKA ELWIN,SWE,SÁ. 7 FEB. 2026,As of line,50
BOXAM ELITE 2026 - LA NUCÍA,2026-02-07,Elite Men + 90 Kg (EM+90 kg),1,ORALBAY AIBEK,KAZ,SÁ. 7 FEB. 2026,As of SÁ. 7 FEB. 2026,51
BOXAM ELITE 2026 - LA NUCÍA,2026-02-07,Elite Men + 90 Kg (EM+90 kg),2,ASSYLKHAN NURASSYL,KAZ,SÁ. 7 FEB. 2026,As of SÁ. 7 FEB. 2026,51
BOXAM ELITE 2026 - LA NUCÍA,2026-02-07,Elite Men + 90 Kg (EM+90 kg),3,KHALETSKYI ANDRII,UKR,SÁ. 7 FEB. 2026,As of SÁ. 7 FEB. 2026,51
BOXAM ELITE 2026 - LA NUCÍA,2026-02-07,Elite Men + 90 Kg (EM+90 kg),3,LOVCHYNSKYI DMYTRO,UKR,SÁ. 7 FEB. 2026,As of SÁ. 7 FEB. 2026,51
BOXAM ELITE 2026 - LA NUCÍA,2026-02-07,Elite Men + 90 Kg (EM+90 kg),5,WILLIAMS MATT,ENG,SÁ. 7 FEB. 2026,As of SÁ. 7 FEB. 2026,51
BOXAM ELITE 2026 - LA NUCÍA,2026-02-07,Elite Men + 90 Kg (EM+90 kg),5,GILL SAWAN,IND,SÁ. 7 FEB. 2026,As of SÁ. 7 FEB. 2026,51
BOXAM ELITE 2026 - LA NUCÍA,2026-02-07,Elite Men + 90 Kg (EM+90 kg),5,GLADOSEV DMITRI,EST,SÁ. 7 FEB. 2026,As of SÁ. 7 FEB. 2026,51
BOXAM ELITE 2026 - LA NUCÍA,2026-02-07,Elite Men + 90 Kg (EM+90 kg),5,EL KHATTABI ZAGHDAD ABDEL MONIM,ESP,SÁ. 7 FEB. 2026,As of SÁ. 7 FEB. 2026,51
BOXAM ELITE 2026 - LA NUCÍA,2026-02-07,Elite Men - 50 Kg (EM-50kg),1,TASHKENBAY SANZHAR,KAZ,SA. 7 FEB. 2026,As of line,52
BOXAM ELITE 2026 - LA NUCÍA,2026-02-07,Elite Men - 55 Kg (EM-55kg),1,SABYRKHAN MAKMHUD,KAZ,SA. 7 FEB. 2026,As of line,52
BOXAM ELITE 2026 - LA NUCÍA,2026-02-07,Elite Men - 60 Kg (EM-60kg),1,SACHIN,IND,SA. 7 FEB. 2026,As of line,52
BOXAM ELITE 2026 - LA NUCÍA,2026-02-07,Elite Men - 65 Kg (EM-65kg),1,ALILEV ELVIN,UKR,SA. 7 FEB. 2026,As of line,52
BOXAM ELITE 2026 - LA NUCÍA,2026-02-07,Elite Men - 70 Kg (EM-70kg),1,SABYRKHAN TOREKHAN,KAZ,SA. 7 FEB. 2026,As of line,52
BOXAM ELITE 2026 - LA NUCÍA,2026-02-07,Elite Men - 75 Kg (EM-75kg),1,AKASH,IND,SA. 7 FEB. 2026,As of line,52
BOXAM ELITE 2026 - LA NUCÍA,2026-02-07,Elite Men - 80 Kg (EM-80kg),1,ILLUSHIA PAVLO,UKR,SA. 7 FEB. 2026,As of line,52
BOXAM ELITE 2026 - LA NUCÍA,2026-02-07,Elite Men - 85 Kg (EM-85kg),1,ORALBAY NURBEK,KAZ,SA. 7 FEB. 2026,As of line,52
BOXAM ELITE 2026 - LA NUCÍA,2026-02-07,Elite Men - 90 Kg (EM-90kg),1,REYES PELA EMMANUEL,ESP,SA. 7 FEB. 2026,As of line,52
BOXAM ELITE 2026 - LA NUCÍA,2026-02-07,Elite Men + 90 Kg (EM+90kg),1,ORALBAY AIBEK,KAZ,SA. 7 FEB. 2026,As of line,52
BOXAM ELITE 2026 - LA NUCÍA,2026-02-07,Elite Men - 50 Kg (EM-50kg),2,MAGHRAOUI RYHAN ISMAEL,ESP,SA. 7 FEB. 2026,As of line,52
BOXAM ELITE 2026 - LA NUCÍA,2026-02-07,Elite Men - 55 Kg (EM-55kg),2,TROWBRIDGE ELLIS,ENG,SA. 7 FEB. 2026,As of line,52
BOXAM ELITE 2026 - LA NUCÍA,2026-02-07,Elite Men - 60 Kg (EM-60kg),2,AL AHMADEH KEOMA-ALI,CAN,SA. 7 FEB. 2026,As of line,52
BOXAM ELITE 2026 - LA NUCÍA,2026-02-07,Elite Men - 65 Kg (EM-65kg),2,OUNAI MOHAMED,FRA,SA. 7 FEB. 2026,As of line,52
BOXAM ELITE 2026 - LA NUCÍA,2026-02-07,Elite Men - 70 Kg (EM-70kg),2,DEEPAK,IND,SA. 7 FEB. 2026,As of line,52
BOXAM ELITE 2026 - LA NUCÍA,2026-02-07,Elite Men - 75 Kg (EM-75kg),2,KONSBEKOV AMAN,KAZ,SA. 7 FEB. 2026,As of line,52
BOXAM ELITE 2026 - LA NUCÍA,2026-02-07,Elite Men - 80 Kg (EM-80kg),2,ANKUSH,IND,SA. 7 FEB. 2026,As of line,52
BOXAM ELITE 2026 - LA NUCÍA,2026-02-07,Elite Men - 85 Kg (EM-85kg),2,PANAH ARYAN SAED,NEU,SA. 7 FEB. 2026,As of line,52
BOXAM ELITE 2026 - LA NUCÍA,2026-02-07,Elite Men - 90 Kg (EM-90kg),2,TOGAMBAEV SAGYNDYK,KAZ,SA. 7 FEB. 2026,As of line,52
BOXAM ELITE 2026 - LA NUCÍA,2026-02-07,Elite Men + 90 Kg (EM+90kg),2,ASSYLKHAN NURASSYL,KAZ,SA. 7 FEB. 2026,As of line,52
BOXAM ELITE 2026 - LA NUCÍA,2026-02-07,Elite Men - 50 Kg (EM-50kg),3,DIAZ LOPEZ CARLOS,ESP,SA. 7 FEB. 2026,As of line,52
BOXAM ELITE 2026 - LA NUCÍA,2026-02-07,Elite Men - 50 Kg (EM-50kg),3,ONGAROV NURZAT,KAZ,SA. 7 FEB. 2026,As of line,52
BOXAM ELITE 2026 - LA NUCÍA,2026-02-07,Elite Men - 55 Kg (EM-55kg),3,MAMONGBAM JADUMANI SINGH,IND,SA. 7 FEB. 2026,As of line,52
BOXAM ELITE 2026 - LA NUCÍA,2026-02-07,Elite Men - 55 Kg (EM-55kg),3,TOMINES MAXIMUS,CAN,SA. 7 FEB. 2026,As of line,52
BOXAM ELITE 2026 - LA NUCÍA,2026-02-07,Elite Men - 60 Kg (EM-60kg),3,DRYDEN JACK,ENG,SA. 7 FEB. 2026,As of line,52
BOXAM ELITE 2026 - LA NUCÍA,2026-02-07,Elite Men - 60 Kg (EM-60kg),3,MOHAMMED HUSSAM UDDIN,IND,SA. 7 FEB. 2026,As of line,52
BOXAM ELITE 2026 - LA NUCÍA,2026-02-07,Elite Men - 65 Kg (EM-65kg),3,IBARRECHE CONDE OIER,ESP,SA. 7 FEB. 2026,As of line,52
BOXAM ELITE 2026 - LA NUCÍA,2026-02-07,Elite Men - 65 Kg (EM-65kg),3,JPDNUCH KHUNATIP,THA,SA. 7 FEB. 2026,As of line,52
BOXAM ELITE 2026 - LA NUCÍA,2026-02-07,Elite Men - 70 Kg (EM-70kg),3,HITESH,IND,SA. 7 FEB. 2026,As of line,52
BOXAM ELITE 2026 - LA NUCÍA,2026-02-07,Elite Men - 70 Kg (EM-70kg),3,MURSAL NURBEK,KAZ,SA. 7 FEB. 2026,As of line,52
BOXAM ELITE 2026 - LA NUCÍA,2026-02-07,Elite Men - 75 Kg (EM-75kg),3,NURSIEV TIMUR,KAZ,SA. 7 FEB. 2026,As of line,52
BOXAM ELITE 2026 - LA NUCÍA,2026-02-07,Elite Men - 75 Kg (EM-75kg),3,ZAKHARIEIEV YURII,UKR,SA. 7 FEB. 2026,As of line,52
BOXAM ELITE 2026 - LA NUCÍA,2026-02-07,Elite Men - 80 Kg (EM-80kg),3,COY BERNAL PABLO,ESP,SA. 7 FEB. 2026,As of line,52
BOXAM ELITE 2026 - LA NUCÍA,2026-02-07,Elite Men - 80 Kg (EM-80kg),3,BEKTAS AZAMAT,KAZ,SA. 7 FEB. 2026,As of line,52
BOXAM ELITE 2026 - LA NUCÍA,2026-02-07,Elite Men - 85 Kg (EM-85kg),3,FRESNEDA RICARDO ADRIAN,ESP,SA. 7 FEB. 2026,As of line,52
BOXAM ELITE 2026 - LA NUCÍA,2026-02-07,Elite Men - 85 Kg (EM-85kg),3,LAKTIONOV MYKOLA,UKR,SA. 7 FEB. 2026,As of line,52
BOXAM ELITE 2026 - LA NUCÍA,2026-02-07,Elite Men - 90 Kg (EM-90kg),3,OKOSI ISAAC,ENG,SA. 7 FEB. 2026,As of line,52
BOXAM ELITE 2026 - LA NUCÍA,2026-02-07,Elite Men - 90 Kg (EM-90kg),3,MICHKOVSKYI PAVLO,UKR,SA. 7 FEB. 2026,As of line,52
BOXAM ELITE 2026 - LA NUCÍA,2026-02-07,Elite Men + 90 Kg (EM+90kg),3,KHALETSKYI ANDRII,UKR,SA. 7 FEB. 2026,As of line,52
BOXAM ELITE 2026 - LA NUCÍA,2026-02-07,Elite Men + 90 Kg (EM+90kg),3,LOVCHYNSKYI DMYTRO,UKR,SA. 7 FEB. 2026,As of line,52
BOXAM ELITE 2026 - LA NUCÍA,2026-02-07,Elite Men - 50 Kg (EM-50kg),5,SINGH RISHI,IND,SA. 7 FEB. 2026,As of line,52
BOXAM ELITE 2026 - LA NUCÍA,2026-02-07,Elite Men - 50 Kg (EM-50kg),5,RUDYK MAKSYM,UKR,SA. 7 FEB. 2026,As of line,52
BOXAM ELITE 2026 - LA NUCÍA,2026-02-07,Elite Men - 50 Kg (EM-50kg),5,ROCK ISAIAH,CAN,SA. 7 FEB. 2026,As of line,52
BOXAM ELITE 2026 - LA NUCÍA,2026-02-07,Elite Men - 55 Kg (EM-55kg),5,WANUKAGA ALVIN,SWE,SA. 7 FEB. 2026,As of line,52
BOXAM ELITE 2026 - LA NUCÍA,2026-02-07,Elite Men - 55 Kg (EM-55kg),5,BARTWAL PAWAN,IND,SA. 7 FEB. 2026,As of line,52
BOXAM ELITE 2026 - LA NUCÍA,2026-02-07,Elite Men - 55 Kg (EM-55kg),5,PENG CHIA-FENG,TPE,SA. 7 FEB. 2026,As of line,52
BOXAM ELITE 2026 - LA NUCÍA,2026-02-07,Elite Men - 60 Kg (EM-60kg),5,ABDURAMOV AIDER,UKR,SA. 7 FEB. 2026,As of line,52
BOXAM ELITE 2026 - LA NUCÍA,2026-02-07,Elite Men - 60 Kg (EM-60kg),5,TEMIRZHANOV SERIK,KAZ,SA. 7 FEB. 2026,As of line,52
BOXAM ELITE 2026 - LA NUCÍA,2026-02-07,Elite Men - 60 Kg (EM-60kg),5,MELKUMIAN GEORGES BENIK,LUX,SA. 7 FEB. 2026,As of line,52
BOXAM ELITE 2026 - LA NUCÍA,2026-02-07,Elite Men - 65 Kg (EM-65kg),5,JAMWAL ABHINASH,IND,SA. 7 FEB. 2026,As of line,52
BOXAM ELITE 2026 - LA NUCÍA,2026-02-07,Elite Men - 65 Kg (EM-65kg),5,TURNER JOE,ENG,SA. 7 FEB. 2026,As of line,52
BOXAM ELITE 2026 - LA NUCÍA,2026-02-07,Elite Men - 65 Kg (EM-65kg),5,LABRIE GABRIEL ALY,CAN,SA. 7 FEB. 2026,As of line,52
BOXAM ELITE 2026 - LA NUCÍA,2026-02-07,Elite Men - 70 Kg (EM-70kg),5,MAYROU KOUG,DEN,SA. 7 FEB. 2026,As of line,52
BOXAM ELITE 2026 - LA NUCÍA,2026-02-07,Elite Men - 70 Kg (EM-70kg),5,ROSALEN PREVID DAVID EDENEL,ESP,SA. 7 FEB. 2026,As of line,52
BOXAM ELITE 2026 - LA NUCÍA,2026-02-07,Elite Men - 70 Kg (EM-70kg),5,SANTORIELLO VINCENT,CAN,SA. 7 FEB. 2026,As of line,52
BOXAM ELITE 2026 - LA NUCÍA,2026-02-07,Elite Men - 75 Kg (EM-75kg),5,SAEZ CANERO JOSE LUIS,ESP,SA. 7 FEB. 2026,As of line,52
BOXAM ELITE 2026 - LA NUCÍA,2026-02-07,Elite Men - 75 Kg (EM-75kg),5,EL QADHI HASSANA,FRA,SA. 7 FEB. 2026,As of line,52
BOXAM ELITE 2026 - LA NUCÍA,2026-02-07,Elite Men - 75 Kg (EM-75kg),5,SHAW-TULLIN KYLE,ENG,SA. 7 FEB. 2026,As of line,52
BOXAM ELITE 2026 - LA NUCÍA,2026-02-07,Elite Men - 80 Kg (EM-80kg),5,JONGJKO WEERAPON,THA,SA. 7 FEB. 2026,As of line,52
BOXAM ELITE 2026 - LA NUCÍA,2026-02-07,Elite Men - 80 Kg (EM-80kg),5,ZHARKEPOV YERASSYL,KAZ,SA. 7 FEB. 2026,As of line,52
BOXAM ELITE 2026 - LA NUCÍA,2026-02-07,Elite Men - 80 Kg (EM-80kg),5,BEN OTHMEN RAYEN,BEL,SA. 7 FEB. 2026,As of line,52
BOXAM ELITE 2026 - LA NUCÍA,2026-02-07,Elite Men - 85 Kg (EM-85kg),5,ZHASAN DANYLO,UKR,SA. 7 FEB. 2026,As of line,52
BOXAM ELITE 2026 - LA NUCÍA,2026-02-07,Elite Men - 85 Kg (EM-85kg),5,RZHABA MATVII,UKR,SA. 7 FEB. 2026,As of line,52
BOXAM ELITE 2026 - LA NUCÍA,2026-02-07,Elite Men - 85 Kg (EM-85kg),5,JUGNOO,IND,SA. 7 FEB. 2026,As of line,52
BOXAM ELITE 2026 - LA NUCÍA,2026-02-07,Elite Men - 90 Kg (EM-90kg),5,RAKHMANOV ONTGALAP,KAZ,SA. 7 FEB. 2026,As of line,52
BOXAM ELITE 2026 - LA NUCÍA,2026-02-07,Elite Men - 90 Kg (EM-90kg),5,SOUKALA KANDORE,FRA,SA. 7 FEB. 2026,As of line,52
BOXAM ELITE 2026 - LA NUCÍA,2026-02-07,Elite Men - 90 Kg (EM-90kg),5,CHOUDHARY HARSH,IND,SA. 7 FEB. 2026,As of line,52
BOXAM ELITE 2026 - LA NUCÍA,2026-02-07,Elite Men + 90 Kg (EM+90kg),5,WILLIAMS MATT,ENG,SA. 7 FEB. 2026,As of line,52
BOXAM ELITE 2026 - LA NUCÍA,2026-02-07,Elite Men + 90 Kg (EM+90kg),5,GILL SAWAM,IND,SA. 7 FEB. 2026,As of line,52
BOXAM ELITE 2026 - LA NUCÍA,2026-02-07,Elite Men + 90 Kg (EM+90kg),5,GLADOSEV DMITRI,EST,SA. 7 FEB. 2026,As of line,52
BOXAM ELITE 2026 - LA NUCÍA,2026-02-07,Elite Men - 55 Kg (EM-55kg),9,BORANBEK BEXULTAN,KAZ,SA. 7 FEB. 2026,As of line,52
BOXAM ELITE 2026 - LA NUCÍA,2026-02-07,Elite Men - 55 Kg (EM-55kg),9,GAUCHER IZAYA,FRA,SA. 7 FEB. 2026,As of line,52
BOXAM ELITE 2026 - LA NUCÍA,2026-02-07,Elite Men - 55 Kg (EM-55kg),9,ZYMENKO MAKSYM,UKR,SA. 7 FEB. 2026,As of line,52
BOXAM ELITE 2026 - LA NUCÍA,2026-02-07,Elite Men - 60 Kg (EM-60kg),9,DAHLY ALI,UKR,SA. 7 FEB. 2026,As of line,52
BOXAM ELITE 2026 - LA NUCÍA,2026-02-07,Elite Men - 60 Kg (EM-60kg),9,CHINEA COLLAZOS BRANDON ALEJANDRO,ESP,SA. 7 FEB. 2026,As of line,52
BOXAM ELITE 2026 - LA NUCÍA,2026-02-07,Elite Men - 60 Kg (EM-60kg),9,AL CHABTUN MAHMOUD,NED,SA. 7 FEB. 2026,As of line,52
BOXAM ELITE 2026 - LA NUCÍA,2026-02-07,Elite Men - 65 Kg (EM-65kg),9,RAGA LEWAS JON MARCEL,ESP,SA. 7 FEB. 2026,As of line,52
BOXAM ELITE 2026 - LA NUCÍA,2026-02-07,Elite Men - 65 Kg (EM-65kg),9,TYMURE TSEBEN,POL,SA. 7 FEB. 2026,As of line,52
BOXAM ELITE 2026 - LA NUCÍA,2026-02-07,Elite Men - 65 Kg (EM-65kg),9,GULIYEV RASUL,UKR,SA. 7 FEB. 2026,As of line,52
BOXAM ELITE 2026 - LA NUCÍA,2026-02-07,Elite Men - 75 Kg (EM-75kg),9,MATIAUKOV BOZBOROI,UKR,SA. 7 FEB. 2026,As of line,52
BOXAM ELITE 2026 - LA NUCÍA,2026-02-07,Elite Men - 75 Kg (EM-75kg),9,SALAS MANUEL BENI,BEL,SA. 7 FEB. 2026,As of line,52
BOXAM ELITE 2026 - LA NUCÍA,2026-02-07,Elite Men - 75 Kg (EM-75kg),9,ZAKHARCHENKO NIKITA,UKR,SA. 7 FEB. 2026,As of line,52
BOXAM ELITE 2026 - LA NUCÍA,2026-02-07,Elite Men - 75 Kg (EM-75kg),9,ZYGULA LUKASZ,POL,SA. 7 FEB. 2026,As of line,52
BOXAM ELITE 2026 - LA NUCÍA,2026-02-07,Elite Men - 85 Kg (EM-85kg),9,IBÁÑEZ MATAIX RUBEN,ESP,SA. 7 FEB. 2026,As of line,52
BOXAM ELITE 2026 - LA NUCÍA,2026-02-07,Elite Women - 48 Kg (EW-48kg),1,RANI MANJU,IND,AS of SÁ. 7 FEB. 2026,As of line,53
BOXAM ELITE 2026 - LA NUCÍA,2026-02-07,Elite Women - 51 Kg (EW-51kg),1,NITU,IND,AS of SÁ. 7 FEB. 2026,As of line,53
BOXAM ELITE 2026 - LA NUCÍA,2026-02-07,Elite Women - 54 Kg (EW-54kg),1,POONAM,IND,AS of SÁ. 7 FEB. 2026,As of line,53
BOXAM ELITE 2026 - LA NUCÍA,2026-02-07,Elite Women - 57 Kg (EW-57kg),1,RUENROS PUNRAWE,THA,AS of SÁ. 7 FEB. 2026,As of line,53
BOXAM ELITE 2026 - LA NUCÍA,2026-02-07,Elite Women - 60 Kg (EW-60kg),1,PRIYA,IND,AS of SÁ. 7 FEB. 2026,As of line,53
BOXAM ELITE 2026 - LA NUCÍA,2026-02-07,Elite Women - 65 Kg (EW-65kg),1,ALLEN KAYLA,ENG,AS of SÁ. 7 FEB. 2026,As of line,53
BOXAM ELITE 2026 - LA NUCÍA,2026-02-07,Elite Women - 70 Kg (EW-70kg),1,CHOURDHARY ARUNDHATI,IND,AS of SÁ. 7 FEB. 2026,As of line,53
BOXAM ELITE 2026 - LA NUCÍA,2026-02-07,Elite Women - 75 Kg (EW-75kg),1,BORGOHAIN LOVLINA,IND,AS of SÁ. 7 FEB. 2026,As of line,53
BOXAM ELITE 2026 - LA NUCÍA,2026-02-07,Elite Women - 80 Kg (EW-80kg),1,NAINA,IND,AS of SÁ. 7 FEB. 2026,As of line,53
BOXAM ELITE 2026 - LA NUCÍA,2026-02-07,Elite Women + 80 Kg (EW+80kg),1,SADYKOVA UMIDA,KAZ,AS of SÁ. 7 FEB. 2026,As of line,53
BOXAM ELITE 2026 - LA NUCÍA,2026-02-07,Elite Women - 48 Kg (EW-48kg),2,LOPEZ DEL ARBOL MARTA,ESP,AS of SÁ. 7 FEB. 2026,As of line,53
BOXAM ELITE 2026 - LA NUCÍA,2026-02-07,Elite Women - 51 Kg (EW-51kg),2,GUTIERREZ SALMERON NOELIA,ESP,AS of SÁ. 7 FEB. 2026,As of line,53
BOXAM ELITE 2026 - LA NUCÍA,2026-02-07,Elite Women - 54 Kg (EW-54kg),2,PREETI,IND,AS of SÁ. 7 FEB. 2026,As of line,53
BOXAM ELITE 2026 - LA NUCÍA,2026-02-07,Elite Women - 57 Kg (EW-57kg),2,WEERHEIM GABRIELLA,NED,AS of SÁ. 7 FEB. 2026,As of line,53
BOXAM ELITE 2026 - LA NUCÍA,2026-02-07,Elite Women - 60 Kg (EW-60kg),2,DOVHAL TETIANA,UKR,AS of SÁ. 7 FEB. 2026,As of line,53
BOXAM ELITE 2026 - LA NUCÍA,2026-02-07,Elite Women - 65 Kg (EW-65kg),2,SERIK NAZEREK,KAZ,AS of SÁ. 7 FEB. 2026,As of line,53
BOXAM ELITE 2026 - LA NUCÍA,2026-02-07,Elite Women - 70 Kg (EW-70kg),2,TARAN ANASTASIIA,UKR,AS of SÁ. 7 FEB. 2026,As of line,53
BOXAM ELITE 2026 - LA NUCÍA,2026-02-07,Elite Women - 75 Kg (EW-75kg),2,SMITH MARY-KATE,ENG,AS of SÁ. 7 FEB. 2026,As of line,53
BOXAM ELITE 2026 - LA NUCÍA,2026-02-07,Elite Women - 80 Kg (EW-80kg),2,PISKUN RAISA,UKR,AS of SÁ. 7 FEB. 2026,As of line,53
BOXAM ELITE 2026 - LA NUCÍA,2026-02-07,Elite Women + 80 Kg (EW+80kg),2,SEITKHANKYZY PANAR,KAZ,AS of SÁ. 7 FEB. 2026,As of line,53
BOXAM ELITE 2026 - LA NUCÍA,2026-02-07,Elite Women - 48 Kg (EW-48kg),3,LYNIV SOLIMIA,UKR,AS of SÁ. 7 FEB. 2026,As of line,53
BOXAM ELITE 2026 - LA NUCÍA,2026-02-07,Elite Women - 48 Kg (EW-48kg),3,TURGANOVA YELYANUR,KAZ,AS of SÁ. 7 FEB. 2026,As of line,53
BOXAM ELITE 2026 - LA NUCÍA,2026-02-07,Elite Women - 51 Kg (EW-51kg),3,RAKSAT CHUTHAMAT,THA,AS of SÁ. 7 FEB. 2026,As of line,53
BOXAM ELITE 2026 - LA NUCÍA,2026-02-07,Elite Women - 51 Kg (EW-51kg),3,POKUSAI TASIISA,UKR,AS of SÁ. 7 FEB. 2026,As of line,53
BOXAM ELITE 2026 - LA NUCÍA,2026-02-07,Elite Women - 54 Kg (EW-54kg),3,SMITH IVY-JANE,ENG,AS of SÁ. 7 FEB. 2026,As of line,53
BOXAM ELITE 2026 - LA NUCÍA,2026-02-07,Elite Women - 54 Kg (EW-54kg),3,HAMDI AYA,FRA,AS of SÁ. 7 FEB. 2026,As of line,53
BOXAM ELITE 2026 - LA NUCÍA,2026-02-07,Elite Women - 57 Kg (EW-57kg),3,AL AHMADEIH MARIE,CAN,AS of SÁ. 7 FEB. 2026,As of line,53
BOXAM ELITE 2026 - LA NUCÍA,2026-02-07,Elite Women - 57 Kg (EW-57kg),3,PARSONS VIVIEN,ENG,AS of SÁ. 7 FEB. 2026,As of line,53
BOXAM ELITE 2026 - LA NUCÍA,2026-02-07,Elite Women - 60 Kg (EW-60kg),3,VAN DER TOORN MAUD,NED,AS of SÁ. 7 FEB. 2026,As of line,53
BOXAM ELITE 2026 - LA NUCÍA,2026-02-07,Elite Women - 60 Kg (EW-60kg),3,SOMNUK THANANYA,THA,AS of SÁ. 7 FEB. 2026,As of line,53
BOXAM ELITE 2026 - LA NUCÍA,2026-02-07,Elite Women - 65 Kg (EW-65kg),3,NED,NED,AS of SÁ. 7 FEB. 2026,As of line,53
BOXAM ELITE 2026 - LA NUCÍA,2026-02-07,Elite Women - 65 Kg (EW-65kg),3,YADAV PRANJAL,IND,AS of SÁ. 7 FEB. 2026,As of line,53
BOXAM ELITE 2026 - LA NUCÍA,2026-02-07,Elite Women - 70 Kg (EW-70kg),3,MARTINEZ MAS DUNIA,ESP,AS of SÁ. 7 FEB. 2026,As of line,53
BOXAM ELITE 2026 - LA NUCÍA,2026-02-07,Elite Women - 70 Kg (EW-70kg),3,BADIN ANDREA,FRA,AS of SÁ. 7 FEB. 2026,As of line,53
BOXAM ELITE 2026 - LA NUCÍA,2026-02-07,Elite Women - 75 Kg (EW-75kg),3,ECCLES ROSIE,WAL,AS of SÁ. 7 FEB. 2026,As of line,53
BOXAM ELITE 2026 - LA NUCÍA,2026-02-07,Elite Women - 75 Kg (EW-75kg),3,THOKCHOM SANAMACHA CHANU,IND,AS of SÁ. 7 FEB. 2026,As of line,53
BOXAM ELITE 2026 - LA NUCÍA,2026-02-07,Elite Women - 80 Kg (EW-80kg),3,SADYKOVA GUZAL,KAZ,AS of SÁ. 7 FEB. 2026,As of line,53
BOXAM ELITE 2026 - LA NUCÍA,2026-02-07,Elite Women + 80 Kg (EW+80kg),3,MANIKRAT KAUR,IND,AS of SÁ. 7 FEB. 2026,As of line,53
BOXAM ELITE 2026 - LA NUCÍA,2026-02-07,Elite Women + 80 Kg (EW+80kg),3,GULLEN ORTIZ TINDAYA LUCIA,ESP,AS of SÁ. 7 FEB. 2026,As of line,53
BOXAM ELITE 2026 - LA NUCÍA,2026-02-07,Elite Women - 48 Kg (EW-48kg),5,D'ALMEIDA GLORIA,FRA,AS of SÁ. 7 FEB. 2026,As of line,53
BOXAM ELITE 2026 - LA NUCÍA,2026-02-07,Elite Women - 51 Kg (EW-51kg),5,WRIGHT MCKENZIE,CAN,AS of SÁ. 7 FEB. 2026,As of line,53
BOXAM ELITE 2026 - LA NUCÍA,2026-02-07,Elite Women - 51 Kg (EW-51kg),5,BOUREGA MAYSSOUN,FRA,AS of SÁ. 7 FEB. 2026,As of line,53
BOXAM ELITE 2026 - LA NUCÍA,2026-02-07,Elite Women - 51 Kg (EW-51kg),5,KUSUM,IND,AS of SÁ. 7 FEB. 2026,As of line,53
BOXAM ELITE 2026 - LA NUCÍA,2026-02-07,Elite Women - 51 Kg (EW-51kg),5,CHIU CHING-YU,TPE,AS of SÁ. 7 FEB. 2026,As of line,53
BOXAM ELITE 2026 - LA NUCÍA,2026-02-07,Elite Women - 54 Kg (EW-54kg),5,CHONGRONGKLANG NATNICHA,THA,AS of SÁ. 7 FEB. 2026,As of line,53
BOXAM ELITE 2026 - LA NUCÍA,2026-02-07,Elite Women - 54 Kg (EW-54kg),5,GONZALEZ CACERES MARIA,ESP,AS of SÁ. 7 FEB. 2026,As of line,53
BOXAM ELITE 2026 - LA NUCÍA,2026-02-07,Elite Women - 54 Kg (EW-54kg),5,DE FELICE ANGELA,SUI,AS of SÁ. 7 FEB. 2026,As of line,53
BOXAM ELITE 2026 - LA NUCÍA,2026-02-07,Elite Women - 54 Kg (EW-54kg),5,SHEKUL VICTORIA,UKR,AS of SÁ. 7 FEB. 2026,As of line,53
BOXAM ELITE 2026 - LA NUCÍA,2026-02-07,Elite Women - 57 Kg (EW-57kg),5,VINKA,IND,AS of SÁ. 7 FEB. 2026,As of line,53
BOXAM ELITE 2026 - LA NUCÍA,2026-02-07,Elite Women - 57 Kg (EW-57kg),5,CARDENAS FERNANDEZ ANDREA,ESP,AS of SÁ. 7 FEB. 2026,As of line,53
BOXAM ELITE 2026 - LA NUCÍA,2026-02-07,Elite Women - 57 Kg (EW-57kg),5,HUTARINA DARIA-OLHA,UKR,AS of SÁ. 7 FEB. 2026,As of line,53
BOXAM ELITE 2026 - LA NUCÍA,2026-02-07,Elite Women - 57 Kg (EW-57kg),5,PRACHI,IND,AS of SÁ. 7 FEB. 2026,As of line,53
BOXAM ELITE 2026 - LA NUCÍA,2026-02-07,Elite Women - 60 Kg (EW-60kg),5,GALANO LOPEZ LAURA,ESP,AS of SÁ. 7 FEB. 2026,As of line,53
BOXAM ELITE 2026 - LA NUCÍA,2026-02-07,Elite Women - 60 Kg (EW-60kg),5,BALDUKOVA VIKTORIYA,KAZ,AS of SÁ. 7 FEB. 2026,As of line,53
BOXAM ELITE 2026 - LA NUCÍA,2026-02-07,Elite Women - 60 Kg (EW-60kg),5,GRAFEYEVA YEYGENIYA,KAZ,AS of SÁ. 7 FEB. 2026,As of line,53
BOXAM ELITE 2026 - LA NUCÍA,2026-02-07,Elite Women - 60 Kg (EW-60kg),5,PATIL DISHA VIJAY,IND,AS of SÁ. 7 FEB. 2026,As of line,53
BOXAM ELITE 2026 - LA NUCÍA,2026-02-07,Elite Women - 65 Kg (EW-65kg),5,MERINOVA NATALIIA,UKR,AS of SÁ. 7 FEB. 2026,As of line,53
BOXAM ELITE 2026 - LA NUCÍA,2026-02-07,Elite Women - 65 Kg (EW-65kg),5,SOTO TORRES MARIANA,ESP,AS of SÁ. 7 FEB. 2026,As of line,53
BOXAM ELITE 2026 - LA NUCÍA,2026-02-07,Elite Women - 65 Kg (EW-65kg),5,ICHSHANOVA AKNAR,KAZ,AS of SÁ. 7 FEB. 2026,As of line,53
BOXAM ELITE 2026 - LA NUCÍA,2026-02-07,Elite Women - 65 Kg (EW-65kg),5,JILKOVÁ VIKTORIE,CZE,AS of SÁ. 7 FEB. 2026,As of line,53
BOXAM ELITE 2026 - LA NUCÍA,2026-02-07,Elite Women - 70 Kg (EW-70kg),5,ISSINA AZIZA,KAZ,AS of SÁ. 7 FEB. 2026,As of line,53
BOXAM ELITE 2026 - LA NUCÍA,2026-02-07,Elite Women - 70 Kg (EW-70kg),5,LOPEZ MOTA LORENA,ESP,AS of SÁ. 7 FEB. 2026,As of line,53
BOXAM ELITE 2026 - LA NUCÍA,2026-02-07,Elite Women - 70 Kg (EW-70kg),5,MONTEMIGLIO MAEVA,CAN,AS of SÁ. 7 FEB. 2026,As of line,53
BOXAM ELITE 2026 - LA NUCÍA,2026-02-07,Elite Women - 70 Kg (EW-70kg),5,SNEHA,IND,AS of SÁ. 7 FEB. 2026,As of line,53
BOXAM ELITE 2026 - LA NUCÍA,2026-02-07,Elite Women - 75 Kg (EW-75kg),5,PYLYPOCH OLHA,UKR,AS of SÁ. 7 FEB. 2026,As of line,53
BOXAM ELITE 2026 - LA NUCÍA,2026-02-07,Elite Women - 75 Kg (EW-75kg),5,GARCIA ADAME ALMA,ESP,AS of SÁ. 7 FEB. 2026,As of line,53
BOXAM ELITE 2026 - LA NUCÍA,2026-02-07,Elite Women - 75 Kg (EW-75kg),5,SOKOLOVSKA ANASTASIYA,ESP,AS of SÁ. 7 FEB. 2026,As of line,53
BOXAM ELITE 2026 - LA NUCÍA,2026-02-07,Elite Women - 75 Kg (EW-75kg),5,PENNEY VIKTORIA,CAN,AS of SÁ. 7 FEB. 2026,As of line,53
BOXAM ELITE 2026 - LA NUCÍA,2026-02-07,Elite Women - 51 Kg (EW-51kg),9,BARCELÓ CALDERÓN LAURA,ESP,AS of SÁ. 7 FEB. 2026,As of line,53
BOXAM ELITE 2026 - LA NUCÍA,2026-02-07,Elite Women - 51 Kg (EW-51kg),9,ABDUMEZHITOVA RAKHMINA,KAZ,AS of SÁ. 7 FEB. 2026,As of line,53
BOXAM ELITE 2026 - LA NUCÍA,2026-02-07,Elite Women - 54 Kg (EW-54kg),9,ALIASGAR SYMBAT,KAZ,AS of SÁ. 7 FEB. 2026,As of line,53
BOXAM ELITE 2026 - LA NUCÍA,2026-02-07,Elite Women - 54 Kg (EW-54kg),9,DELGADO MEDEIROS MIREN,ESP,AS of SÁ. 7 FEB. 2026,As of line,53
BOXAM ELITE 2026 - LA NUCÍA,2026-02-07,Elite Women - 57 Kg (EW-57kg),9,TERESI MALOE,FRA,AS of SÁ. 7 FEB. 2026,As of line,53
BOXAM ELITE 2026 - LA NUCÍA,2026-02-07,Elite Women - 57 Kg (EW-57kg),9,ISSAYEVA SHAKHNAZ,KAZ,AS of SÁ. 7 FEB. 2026,As of line,53
BOXAM ELITE 2026 - LA NUCÍA,2026-02-07,Elite Women - 60 Kg (EW-60kg),9,MANSUETO ALESSIA,CAN,AS of SÁ. 7 FEB. 2026,As of line,53
BOXAM ELITE 2026 - LA NUCÍA,2026-02-07,Elite Women - 60 Kg (EW-60kg),9,NOVICET LISA,FRA,AS of SÁ. 7 FEB. 2026,As of line,53
BOXAM ELITE 2026 - LA NUCÍA,2026-02-07,Elite Women - 65 Kg (EW-65kg),9,HOPPENA AALIYAH,NED,AS of SÁ. 7 FEB. 2026,As of line,53
BOXAM ELITE 2026 - LA NUCÍA,2026-02-07,Elite Women - 65 Kg (EW-65kg),9,JENNI ANNA,SUI,AS of SÁ. 7 FEB. 2026,As of line,53
BOXAM ELITE 2026 - LA NUCÍA,2026-02-07,,1,IND - INDIA,IND,SÅ. 7 FEB. 2026,As of line,54
BOXAM ELITE 2026 - LA NUCÍA,2026-02-07,,2,KAZ - KAZAKHSTAN,KAZ,SÅ. 7 FEB. 2026,As of line,54
BOXAM ELITE 2026 - LA NUCÍA,2026-02-07,,3,UKR - UKRAINE,UKR,SÅ. 7 FEB. 2026,As of line,54
BOXAM ELITE 2026 - LA NUCÍA,2026-02-07,,4,ESP - SPAIN,ESP,SÅ. 7 FEB. 2026,As of line,54
BOXAM ELITE 2026 - LA NUCÍA,2026-02-07,,5,ENG - ENGLAND,ENG,SÅ. 7 FEB. 2026,As of line,54
BOXAM ELITE 2026 - LA NUCÍA,2026-02-07,,6,THA - THAILAND,THA,SÅ. 7 FEB. 2026,As of line,54
BOXAM ELITE 2026 - LA NUCÍA,2026-02-07,,7,CAN - CANADA,CAN,SÅ. 7 FEB. 2026,As of line,54
BOXAM ELITE 2026 - LA NUCÍA,2026-02-07,,7,FRA - FRANCE,FRA,SÅ. 7 FEB. 2026,As of line,54
BOXAM ELITE 2026 - LA NUCÍA,2026-02-07,,9,NED - NEDERLAND,NED,SÅ. 7 FEB. 2026,As of line,54
BOXAM ELITE 2026 - LA NUCÍA,2026-02-07,,10,NEU - NEUTRAL,NEU,SÅ. 7 FEB. 2026,As of line,54
BOXAM ELITE 2026 - LA NUCÍA,2026-02-07,,10,WAL - WALES,WAL,SÅ. 7 FEB. 2026,As of line,54
BOXAM ELITE 2026 - LA NUCÍA,2026-02-07,Ranking by Team,1,IND,IND,SÁ. 7 FEB. 2026,As of SÁ. 7 FEB. 2026,55
BOXAM ELITE 2026 - LA NUCÍA,2026-02-07,Ranking by Team,2,KAZ,KAZ,SÁ. 7 FEB. 2026,As of SÁ. 7 FEB. 2026,55
BOXAM ELITE 2026 - LA NUCÍA,2026-02-07,Ranking by Team,3,UKR,UKR,SÁ. 7 FEB. 2026,As of SÁ. 7 FEB. 2026,55
BOXAM ELITE 2026 - LA NUCÍA,2026-02-07,Ranking by Team,4,ESP,ESP,SÁ. 7 FEB. 2026,As of SÁ. 7 FEB. 2026,55
BOXAM ELITE 2026 - LA NUCÍA,2026-02-07,Ranking by Team,5,ENG,ENG,SÁ. 7 FEB. 2026,As of SÁ. 7 FEB. 2026,55
BOXAM ELITE 2026 - LA NUCÍA,2026-02-07,Ranking by Team,6,THA,THA,SÁ. 7 FEB. 2026,As of SÁ. 7 FEB. 2026,55
BOXAM ELITE 2026 - LA NUCÍA,2026-02-07,Ranking by Team,7,CAN,CAN,SÁ. 7 FEB. 2026,As of SÁ. 7 FEB. 2026,55
BOXAM ELITE 2026 - LA NUCÍA,2026-02-07,Ranking by Team,8,FRA,FRA,SÁ. 7 FEB. 2026,As of SÁ. 7 FEB. 2026,55
BOXAM ELITE 2026 - LA NUCÍA,2026-02-07,Ranking by Team,9,NED,NED,SÁ. 7 FEB. 2026,As of SÁ. 7 FEB. 2026,55
BOXAM ELITE 2026 - LA NUCÍA,2026-02-07,Ranking by Team,10,NEU,NEU,SÁ. 7 FEB. 2026,As of SÁ. 7 FEB. 2026,55
BOXAM ELITE 2026 - LA NUCÍA,2026-02-07,Ranking by Team,11,BEL,BEL,SÁ. 7 FEB. 2026,As of SÁ. 7 FEB. 2026,55
BOXAM ELITE 2026 - LA NUCÍA,2026-02-07,Ranking by Team,11,SWE,SWE,SÁ. 7 FEB. 2026,As of SÁ. 7 FEB. 2026,55
BOXAM ELITE 2026 - LA NUCÍA,2026-02-07,Ranking by Team,11,TPE,TPE,SÁ. 7 FEB. 2026,As of SÁ. 7 FEB. 2026,55
BOXAM ELITE 2026 - LA NUCÍA,2026-02-07,Ranking by Team,14,WAL,WAL,SÁ. 7 FEB. 2026,As of SÁ. 7 FEB. 2026,55
BOXAM ELITE 2026 - LA NUCÍA,2026-02-07,Ranking by Team,15,CZE,CZE,SÁ. 7 FEB. 2026,As of SÁ. 7 FEB. 2026,55
BOXAM ELITE 2026 - LA NUCÍA,2026-02-07,Ranking by Team,15,DEN,DEN,SÁ. 7 FEB. 2026,As of SÁ. 7 FEB. 2026,55
BOXAM ELITE 2026 - LA NUCÍA,2026-02-07,Ranking by Team,15,LUX,LUX,SÁ. 7 FEB. 2026,As of SÁ. 7 FEB. 2026,55
BOXAM ELITE 2026 - LA NUCÍA,2026-02-07,Ranking by Team,18,CPV,CPV,SÁ. 7 FEB. 2026,As of SÁ. 7 FEB. 2026,55
BOXAM ELITE 2026 - LA NUCÍA,2026-02-07,Ranking by Team,18,EST,EST,SÁ. 7 FEB. 2026,As of SÁ. 7 FEB. 2026,55
BOXAM ELITE 2026 - LA NUCÍA,2026-02-07,Ranking by Team,18,POL,POL,SÁ. 7 FEB. 2026,As of SÁ. 7 FEB. 2026,55
BOXAM ELITE 2026 - LA NUCÍA,2026-02-07,Ranking by Team,18,SCO,SCO,SÁ. 7 FEB. 2026,As of SÁ. 7 FEB. 2026,55
BOXAM ELITE 2026 - LA NUCÍA,2026-02-07,Ranking by Team,18,SUI,SUI,SÁ. 7 FEB. 2026,As of SÁ. 7 FEB. 2026,55
