event,date,division,round,bout_no,boxer_a,country_a,boxer_b,country_b,winner,result,date_raw,date_source,page
commonwealth games,2026-07-24,Women's 54kg,,1,MACKIE Lauren,ENG,FAKI Amina,KEN,MACKIE Lauren,WP 5:0,FRI 24 JUL 2026,title,10
commonwealth games,2026-07-24,Men's 55kg,,2,TEERS Thomas,GGY,TEMAKAU Erfu,KIR,TEMAKAU Erfu,WP 3:1,FRI 24 JUL 2026,title,10
commonwealth games,2026-07-24,Men's 55kg,,3,TROWBRIDGE Ellis,ENG,NOMLEAS Ricksen,VAN,TROWBRIDGE Ellis,RSC R1 1:53,FRI 24 JUL 2026,title,10
commonwealth games,2026-07-24,Men's 55kg,,4,SEHOLOHOLO Mathealira,LES,ROONEY Louis,NIR,SEHOLOHOLO Mathealira,KO R2 0:25,FRI 24 JUL 2026,title,10
commonwealth games,2026-07-24,Men's 55kg,,5,HOSSAIN Md Rakib,BAN,TETEKANA Clinton,SOL,HOSSAIN Md Rakib,RSC R2 0:49,FRI 24 JUL 2026,title,10
commonwealth games,2026-07-24,Men's 55kg,,6,KHOAHLI Pooana,LES,PAO De Niro,NIU,KHOAHLI Pooana,WP 5:0,FRI 24 JUL 2026,title,10
commonwealth games,2026-07-24,Men's 55kg,,7,AGATHE Ziggy,MRI,DAMESI Simamkele,RSA,AGATHE Ziggy,RSC-I R2 0:08,FRI 24 JUL 2026,title,10
commonwealth games,2026-07-24,Men's 65kg,,8,WILLIAMS Rashield,BAH,PAUL James,PNG,PAUL James,WP 3:2,FRI 24 JUL 2026,title,11
commonwealth games,2026-07-24,Men's 65kg,,9,BOUZIN Jovanie,SEY,KHAN Afzal,PAK,KHAN Afzal,WP 5:0,FRI 24 JUL 2026,title,11
commonwealth games,2026-07-24,Men's 65kg,,10,CAMPBELL Connor,NZL,MAUKAKALA Ben,FIJ,CAMPBELL Connor,RSC R2 2:31,FRI 24 JUL 2026,title,11
commonwealth games,2026-07-24,Men's 70kg,,11,THAI Refiloe,LES,FOLY Ayomide Hassan,NGR,THAI Refiloe,WP 4:0,FRI 24 JUL 2026,title,11
Commonwealth Games,2026-07-24,Women's 60kg,,12,ZAHRA Fatima,PAK,SEGOTEE Realeboha,LES,ZAHRA Fatima,RSC R2 2:35,FRI 24 JUL 2026,title,12
Commonwealth Games,2026-07-24,Women's 60kg,,13,KINGS-WHEATLEY Lucy,ENG,NOKENOKE Petronella,PNG,KINGS-WHEATLEY Lucy,WP 5:0,FRI 24 JUL 2026,title,12
Commonwealth Games,2026-07-24,Men's 55kg,,14,CULLEN Aaron,SCO,MANDENGBAM Jadumani Singh,IND,MANDENGBAM Jadumani Singh,WP 5:0,FRI 24 JUL 2026,title,12
Commonwealth Games,2026-07-24,Men's 55kg,,15,MWALE Mwengo,ZAM,FAKI Faki Issa,TAN,MWALE Mwengo,RSC R2 1:49,FRI 24 JUL 2026,title,12
Commonwealth Games,2026-07-24,Men's 55kg,,16,CANON Marvelous-Marvin,NRU,VALERIE Fabrice Karl,FRA,VALERIE Fabrice Karl,WP 5:0,FRI 24 JUL 2026,title,12
Commonwealth Games,2026-07-24,Men's 55kg,,17,HAOSEB Philip Pumulo Mutakela,NAM,VILAKATI Sibonsio Charles,SWZ,HAOSEB Philip Pumulo Mutakela,WP 5:0,FRI 24 JUL 2026,title,12
Commonwealth Games,2026-07-24,Men's 55kg,,18,ABDULWAHAB Abdulramon,NGR,BATTE Nuhu,UGA,BATTE Nuhu,WP 5:0,FRI 24 JUL 2026,title,12
commonwealth games,2026-07-24,Men's 65kg,,19,OMAR Abdul Wahib,GHA,MUGHALZAI Patris,ENG,MUGHALZAI Patris,WP 5:0,FRI 24 JUL 2026,title,13
commonwealth games,2026-07-24,Men's 65kg,,20,CHURCH Leo,SCO,TEBOUWA V-J,NRU,CHURCH Leo,WP 5:0,FRI 24 JUL 2026,title,13
commonwealth games,2026-07-24,Men's 65kg,,21,KATEMA Emmanuel,ZAM,PATHMASIRI Chamil,SRI,KATEMA Emmanuel,KO R3 0:40,FRI 24 JUL 2026,title,13
commonwealth games,2026-07-24,Men's 65kg,,22,RYAN Alston,ANT,BONZO Elias,MAW,BONZO Elias,RSC R2 3:00,FRI 24 JUL 2026,title,13
Commonwealth Games,2026-07-25,Men’s 60kg,,23,DEVLIN Nicholas,SCO,O'SULLIVAN Finbar,NZL,DEVLIN Nicholas,WP 5:0,SAT 25 JUL 2026,title,14
Commonwealth Games,2026-07-25,Men’s 60kg,,24,GATAUA Phoenix,NIU,MOREMI Treasure,BOT,MOREMI Treasure,WP 5:0,SAT 25 JUL 2026,title,14
Commonwealth Games,2026-07-25,Men’s 60kg,,25,AL-AHMADEIH Keoma,CAN,SACHIN Sachin,IND,SACHIN Sachin,WP 4:1,SAT 25 JUL 2026,title,14
Commonwealth Games,2026-07-25,Men’s 80kg,,26,NGWIRA Happy,MAW,JAN Zalaan,ANT,JAN Zalaan,RSC R3 0:23,SAT 25 JUL 2026,title,14
Commonwealth Games,2026-07-25,Men’s 80kg,,27,MICOCK Jade,SEY,DICKS Lio,SOL,MICOCK Jade,WP 5:0,SAT 25 JUL 2026,title,14
Commonwealth Games,2026-07-25,Men’s 80kg,,28,THOMAS Jeremiah,TTO,TONGA Josh,TGA,TONGA Josh,WP 5:0,SAT 25 JUL 2026,title,14
Commonwealth Games,2026-07-25,Men’s 80kg,,29,OFORI Joshua,CAN,SUDAMMA Sithija,SRI,OFORI Joshua,RSC R1 1:21,SAT 25 JUL 2026,title,14
commonwealth games,2026-07-25,Men's 60kg,Preliminaries - Round of 32,30,KEMIS Ibrahim,UGA,NGULUBE Albert,ZAM,NGULUBE Albert,WP 5:0,SAT 25 JUL 2026,title,15
commonwealth games,2026-07-25,Men's 60kg,Preliminaries - Round of 32,31,ULLAH Qudrat,PAK,DAVULE Jone,FIJ,ULLAH Qudrat,WP 5:0,SAT 25 JUL 2026,title,15
commonwealth games,2026-07-25,Men's 60kg,Preliminaries - Round of 32,32,NDEVELO Tryagain Morning,NAM,JOSEPH Anthony,TTO,NDEVELO Tryagain Morning,WO,SAT 25 JUL 2026,title,15
commonwealth games,2026-07-25,Men's 60kg,Preliminaries - Round of 32,33,MAKANA Max,SOL,JAYANTHA Ravindu,SRI,JAYANTHA Ravindu,WP 5:0,SAT 25 JUL 2026,title,15
commonwealth games,2026-07-25,Men's 80kg,Preliminaries - Round of 32,34,OJOK Alfred,UGA,ANITELEA-LAUNIU Kalani,SAM,OJOK Alfred,WP 5:0,SAT 25 JUL 2026,title,15
commonwealth games,2026-07-25,Men's 80kg,Preliminaries - Round of 32,35,AKINTOLA David,NGR,CHANGALAWE Yusuf Lucasi,TAN,CHANGALAWE Yusuf Lucasi,WP 4:1,SAT 25 JUL 2026,title,15
commonwealth games,2026-07-25,Men's 80kg,Preliminaries - Round of 32,36,IOAPO Dee,SAM,PITT Daniel,WAL,PITT Daniel,WP 5:0,SAT 25 JUL 2026,title,15
commonwealth games,2026-07-25,Men's 80kg,Preliminaries - Round of 32,37,PERRIE Alan,SCO,TRAINOR Paul,AUS,TRAINOR Paul,RSC-I R2 2:23,SAT 25 JUL 2026,title,16
Commonwealth Games,2026-07-26,Women's 54kg,,38,SURACI Monique,AUS,MACKIE Lauren,ENG,MACKIE Lauren,WP 3:2,SUN 26 JUL 2026,title,17
Commonwealth Games,2026-07-26,Women's 54kg,,39,AJISHOLA Kadijat,NGR,JONES Helen,WAL,JONES Helen,WP 3:2,SUN 26 JUL 2026,title,17
Commonwealth Games,2026-07-26,Women's 54kg,,40,KERNACHAN Stephanie,SCO,DELGADO Scarlett Savannah,CAN,DELGADO Scarlett Savannah,WP 5:0,SUN 26 JUL 2026,title,17
Commonwealth Games,2026-07-26,Women's 54kg,,41,MODISE Kealaterse,BOT,HALL Greer,NZL,HALL Greer,WP 5:0,SUN 26 JUL 2026,title,17
Commonwealth Games,2026-07-26,Men's 55kg,,42,MOHAMMED Amadu,GHA,TEMAKAU Eriu,KIR,MOHAMMED Amadu,RSC R1 1:54,SUN 26 JUL 2026,title,17
Commonwealth Games,2026-07-26,Men's 55kg,,43,TROWBRIDGE Ellis,ENG,PRASANNA Rukmal,SRI,TROWBRIDGE Ellis,WP 4:0,SUN 26 JUL 2026,title,17
Commonwealth Games,2026-07-26,Men's 55kg,,44,DIXON Jye,AUS,SEHOLOHOLO Mathealira,LES,DIXON Jye,WP 5:0,SUN 26 JUL 2026,title,17
Commonwealth Games,2026-07-26,Men's 55kg,Preliminaries - Round of 16,45,HOSSAIN Md Rakib,BAN,INOINO Bid Michael,PNG,HOSSAIN Md Rakib,WP 5:0,SUN 26 JUL 2026,title,18
Commonwealth Games,2026-07-26,Men's 65kg,Preliminaries - Round of 16,46,COPE Martez,JAM,KHOAHLI Pooana,LES,KHOAHLI Pooana,WP,SUN 26 JUL 2026,title,18
Commonwealth Games,2026-07-26,Men's 65kg,Preliminaries - Round of 16,47,AGATHE Ziggy,MRI,PAUL James,PNG,AGATHE Ziggy,WP 5:0,SUN 26 JUL 2026,title,18
Commonwealth Games,2026-07-26,Men's 65kg,Preliminaries - Round of 16,48,LABRIE Gabriel,CAN,KHAN Afzal,PAK,LABRIE Gabriel,WP 5:0,SUN 26 JUL 2026,title,18
Commonwealth Games,2026-07-26,Men's 65kg,Preliminaries - Round of 16,49,CAMPBELL Connor,NZL,CASSAR Jacob,AUS,CASSAR Jacob,WP 5:0,SUN 26 JUL 2026,title,18
Commonwealth Games,2026-07-26,Women's 54kg,,50,CLYDE Nicole,NIR,BAMFO Nancy,GHA,CLYDE Nicole,WP 5:0,SUN 26 JUL 2026,title,19
Commonwealth Games,2026-07-26,Women's 54kg,,51,PREETI Preeti,IND,MTENJE Deborah,MAW,PREETI Preeti,RSC R2 2:13,SUN 26 JUL 2026,title,19
Commonwealth Games,2026-07-26,Women's 54kg,,52,GABRIEL Marie Marine,MRI,HOLLAND Danielle Domonique,SAM,GABRIEL Marie Marine,WP 5:0,SUN 26 JUL 2026,title,19
Commonwealth Games,2026-07-26,Women's 54kg,,53,ZAHID Malaika,PAK,MWAPE Catherine,ZAM,ZAHID Malaika,WP 4:1,SUN 26 JUL 2026,title,19
Commonwealth Games,2026-07-26,Women's 57kg,,54,DAUNAKAMAKAMA Jasmine,FIJ,DJABATEY Adelaide Dede,GHA,DAUNAKAMAKAMA Jasmine,WP 5:0,SUN 26 JUL 2026,title,19
Commonwealth Games,2026-07-26,Men's 55kg,,55,REHMAN Sumama,PAK,MANDENGBAM Jadumani Singh,IND,MANDENGBAM Jadumani Singh,WP 5:0,SUN 26 JUL 2026,title,19
Commonwealth Games,2026-07-26,Men's 55kg,,56,MWALE Mwengo,ZAM,SIGWELA Masibulele,RSA,MWALE Mwengo,WP 4:0,SUN 26 JUL 2026,title,19
Commonwealth Games,2026-07-26,Men's 55kg,Preliminaries - Round of 16,57,MUKUKA Alex,NZL,VALERIE Fabrice Karl,MRI,MUKUKA Alex,WP 4:1,SUN 26 JUL 2026,title,20
Commonwealth Games,2026-07-26,Men's 55kg,Preliminaries - Round of 16,58,HAOSEB Philip Pumulo Mutakela,NAM,YAYA Charif,TOG,HAOSEB Philip Pumulo Mutakela,RSC R2 1:11,SUN 26 JUL 2026,title,20
Commonwealth Games,2026-07-26,Men's 65kg,Preliminaries - Round of 16,59,YADAV Aditya Pratap,IND,BATTE Nuhu,UGA,BATTE Nuhu,WP 3:2,SUN 26 JUL 2026,title,20
Commonwealth Games,2026-07-26,Men's 65kg,Preliminaries - Round of 16,60,MUGHALZAI Patris,ENG,HALE John Paul,NIR,MUGHALZAI Patris,WP 5:0,SUN 26 JUL 2026,title,20
Commonwealth Games,2026-07-26,Men's 65kg,Preliminaries - Round of 16,61,CHURCH Leo,SCO,KATEMA Emmanuel,ZAM,CHURCH Leo,WP 4:0,SUN 26 JUL 2026,title,20
Commonwealth Games,2026-07-26,Men's 65kg,Preliminaries - Round of 16,62,BONZO Elias,MAW,GRACIA Ewan,GIB,BONZO Elias,WP 5:0,SUN 26 JUL 2026,title,20
Commonwealth Games,2026-07-26,Men's 90kg,Preliminaries - Round of 16,63,WILLIAMS Connor,WAL,KOTZE Petrus Jacobus,NAM,WILLIAMS Connor,RSC R2 2:11,SUN 26 JUL 2026,title,20
Commonwealth Games,2026-07-27,Women's 51kg,Preliminaries - Round of 16,64,QUAYE Ramatu,GHA,WALL Amber-Jane,CAN,WALL Amber-Jane,WP 5:0,MON 27 JUL 2026,title,21
Commonwealth Games,2026-07-27,Women's 51kg,Preliminaries - Round of 16,65,FERDOUS Zinnat,BAN,FRYERS Caitlin,NIR,FRYERS Caitlin,WP 5:0,MON 27 JUL 2026,title,21
Commonwealth Games,2026-07-27,Men's 60kg,Preliminaries - Round of 16,66,ANKRAH Ebenezer,GHA,DEVLIN Nicholas,SCO,DEVLIN Nicholas,WP 3:2,MON 27 JUL 2026,title,21
Commonwealth Games,2026-07-27,Men's 60kg,Preliminaries - Round of 16,67,HARRIS-ALLAN Owain,WAL,CHEMBEN Niven,NIR,HARRIS-ALLAN Owain,WP 5:0,MON 27 JUL 2026,title,21
Commonwealth Games,2026-07-27,Men's 60kg,Preliminaries - Round of 16,68,LITABE Toka,LES,MOREMI Treasure,BOT,MOREMI Treasure,WP 3:2,MON 27 JUL 2026,title,21
Commonwealth Games,2026-07-27,Men's 60kg,Preliminaries - Round of 16,69,SACHIN Sachin,IND,HEWITT William,ENG,SACHIN Sachin,WP 4:1,MON 27 JUL 2026,title,21
Commonwealth Games,2026-07-27,Men's 70kg,Preliminaries - Round of 16,70,BONNE Lorenzo,SEY,THAI Refloe,LES,THAI Refloe,WP 5:0,MON 27 JUL 2026,title,21
commonwealth games,2026-07-27,Men’s 70kg,Preliminaries - Round of 16,71,HOLLEY-SOTOMI Orlando,WAL,HEWITT Paddy,ENG,HOLLEY-SOTOMI Orlando,WP 4:1,MON 27 JUL. 2026,title,22
commonwealth games,2026-07-27,Men’s 70kg,Preliminaries - Round of 16,72,QIOKATA Elijah,FIJ,NETTEY Precious Akai,GHA,NETTEY Precious Akai,RSC R2 1:17,MON 27 JUL. 2026,title,22
commonwealth games,2026-07-27,Men’s 70kg,Preliminaries - Round of 16,73,TAAFATI Pasoni Badi,TUV,CLAIR Merven,MRI,CLAIR Merven,WP 5:0,MON 27 JUL. 2026,title,22
commonwealth games,2026-07-27,Men’s 80kg,Preliminaries - Round of 16,74,ANKUSH Ankush,IND,JAN Zalaan,ANT,ANKUSH Ankush,WP 5:0,MON 27 JUL. 2026,title,22
commonwealth games,2026-07-27,Men’s 80kg,Preliminaries - Round of 16,75,MICOCK Jade,SEY,QUINN Eoghan,NIR,MICOCK Jade,WP 4:1,MON 27 JUL. 2026,title,22
commonwealth games,2026-07-27,Men’s 80kg,Preliminaries - Round of 16,76,PAPPOE Desmond,GHA,TONGA Josh,TGA,PAPPOE Desmond,WP 3:2,MON 27 JUL. 2026,title,22
commonwealth games,2026-07-27,Men’s 80kg,Preliminaries - Round of 16,77,OFORI Joshua,CAN,SARATIBAU Aminiasi,FIJ,OFORI Joshua,RSC R2 2:58,MON 27 JUL. 2026,title,22
Commonwealth Games,2026-07-27,Women's 51kg,,78,MODUKANELE Lethabo,BOT,SAKSHI Sakshi,IND,SAKSHI Sakshi,WP 5:0,MON 27 JUL. 2026,title,23
Commonwealth Games,2026-07-27,Women's 51kg,,79,WHITE Ruby,ENG,MATHIBA Thandolwethu Truelove,RSA,WHITE Ruby,WP 5:0,MON 27 JUL. 2026,title,23
Commonwealth Games,2026-07-27,Women's 51kg,,80,NEELY Brooke,SCO,RANASINGHE Nadeeka,SRI,RANASINGHE Nadeeka,WP 3:2,MON 27 JUL. 2026,title,23
Commonwealth Games,2026-07-27,Men's 60kg,,81,DLAMINI Mukelo Mncobi,SWZ,NGULIBBE Albert,ZAM,NGULIBBE Albert,WP 5:0,MON 27 JUL. 2026,title,23
Commonwealth Games,2026-07-27,Men's 60kg,,82,ULLAH Qudrat,PAK,GALLAGHER Jude,NIR,GALLAGHER Jude,WP 4:0,MON 27 JUL. 2026,title,23
Commonwealth Games,2026-07-27,Men's 60kg,,83,REZA Md Ruhin,BAN,NDEVELO Tygagain Morning,NAM,NDEVELO Tygagain Morning,WP 5:0,MON 27 JUL. 2026,title,23
Commonwealth Games,2026-07-27,Men's 60kg,,84,JAYANATH Ravindu,SRI,ADAMS Niall,GGY,ADAMS Niall,WP 4:1,MON 27 JUL. 2026,title,23
commonwealth games,2026-07-27,Men’s 70kg,Preliminaries - Round of 16,85,AH TONG Marion,SAM,KAOMA Tavitia,KIR,AH TONG Marion,RSC R3 0:34,MON 27 JUL. 2026,title,24
commonwealth games,2026-07-27,Men’s 70kg,Preliminaries - Round of 16,86,KERR Sonny,SCO,MAINA Boniface,KEN,KERR Sonny,WP 3:0,MON 27 JUL. 2026,title,24
commonwealth games,2026-07-27,Men’s 70kg,Preliminaries - Round of 16,87,HIELD Carl,BAH,TALAKA Osward,SOL,HIELD Carl,WP 3:1,MON 27 JUL. 2026,title,24
commonwealth games,2026-07-27,Men’s 70kg,Preliminaries - Round of 16,88,SUMIT Sumit,IND,McCONNELL Jon,NIR,SUMIT Sumit,WP 4:1,MON 27 JUL. 2026,title,24
commonwealth games,2026-07-27,Men’s 80kg,Preliminaries - Round of 16,89,SHITTU Dimeji,ENG,OJOK Alfred,UGA,SHITTU Dimeji,WP 5:0,MON 27 JUL. 2026,title,24
commonwealth games,2026-07-27,Men’s 80kg,Preliminaries - Round of 16,90,CHANGALAWVE Yusuf Lucasi,TAN,OKAKA Robert,KEN,OKAKA Robert,WP 5:0,MON 27 JUL. 2026,title,24
commonwealth games,2026-07-27,Men’s 80kg,Preliminaries - Round of 16,91,MUA Kua Gunua,PNG,PITT Daniel,WAL,PITT Daniel,WP 5:0,MON 27 JUL. 2026,title,24
Commonwealth Games Glasgow 2026,2026-07-27,Men's 80kg,,92,TRAINOR Paul,AUS,IPINGE Gebhard Tonateni,NAM,TRAINOR Paul,WP 3:2,MON 27 JUL 2026,title,25
Commonwealth Games Glasgow 2026,2026-07-28,Women's 54kg,Quarter-Finals,93,MACKIE Lauren,ENG,JONES Helen,WAL,MACKIE Lauren,WP 5:0,TUE 28 JUL 2026,title,26
Commonwealth Games Glasgow 2026,2026-07-28,Women's 54kg,Quarter-Finals,94,DELGADO Scarlett Savannah,CAN,HALL Greer,NZL,DELGADO Scarlett Savannah,WP 5:0,TUE 28 JUL 2026,title,26
Commonwealth Games Glasgow 2026,2026-07-28,Women's 60kg,Quarter-Finals,95,WILSON Jordan,NZL,ZAHRA Fatima,PAK,ZAHRA Fatima,WP 5:0,TUE 28 JUL 2026,title,26
Commonwealth Games Glasgow 2026,2026-07-28,Women's 60kg,Quarter-Finals,96,OTIENO Rosemarion,KEN,AL-AHMADIEH Marie-Bathoul,CAN,AL-AHMADIEH Marie-Bathoul,WP 4:1,TUE 28 JUL 2026,title,26
Commonwealth Games Glasgow 2026,2026-07-28,Women's 65kg,Quarter-Finals,97,ROCK Kaci,NZL,TE RUKI PASENE Karen,NZL,ROCK Kaci,WP 5:0,TUE 28 JUL 2026,title,26
Commonwealth Games Glasgow 2026,2026-07-28,Women's 65kg,Quarter-Finals,98,LOGA Flora,PNG,RAINEY Caitlin,SCO,RAINEY Caitlin,RSC R2 1:37,TUE 28 JUL 2026,title,26
Commonwealth Games Glasgow 2026,2026-07-28,Men's 55kg,Quarter-Finals,99,MOHAMMED Amadu,GHA,TROWBRIDGE Ellis,ENG,MOHAMMED Amadu,WP 4:1,TUE 28 JUL 2026,title,26
Commonwealth Games,2026-07-28,Men's 55kg,Quarter-Finals,100,DIXON Jye,AUS,HOSSAIN Md Rakib,BAN,DIXON Jye,RSC R2 2:14,TUE 28 JUL 2026,title,27
Commonwealth Games,2026-07-28,Men's 65kg,Quarter-Finals,101,KHOAHLi Pooana,LES,AGATHE Ziggy,MRI,KHOAHLi Pooana,WP 5:0,TUE 28 JUL 2026,title,27
Commonwealth Games,2026-07-28,Men's 65kg,Quarter-Finals,102,LABRIE Gabriel,CAN,CASSAR Jacob,AUS,CASSAR Jacob,WP 3:2,TUE 28 JUL 2026,title,27
Commonwealth Games,2026-07-28,Men's 90kg,Quarter-Finals,103,HOLO TUTAKITOA-WILLIAMS Duken,NIU,WILLIAMS Connor,WAL,WILLIAMS Connor,WP 4:1,TUE 28 JUL 2026,title,27
Commonwealth Games,2026-07-28,Men's 90kg,Quarter-Finals,104,MUNTARI Jibril,GHA,McALLISTER Garyn,NIR,McALLISTER Garyn,WP 5:0,TUE 28 JUL 2026,title,27
commonwealth games,2026-07-28,Women's 54kg,,105,CLYDE Nicole,NIR,PREETI Preeti,IND,PREETI Preeti,WP 5:0,TUE 28 JUL 2026,title,28
commonwealth games,2026-07-28,Women's 54kg,,106,GABRIEL Marie Marine,MRI,MWAPE Catherine,ZAM,MWAPE Catherine,WP 3:2,TUE 28 JUL 2026,title,28
commonwealth games,2026-07-28,Women's 60kg,,107,PRIYA Priya,IND,MITCHELL Niamh,SCO,PRIYA Priya,WP 4:1,TUE 28 JUL 2026,title,28
commonwealth games,2026-07-28,Women's 60kg,,108,KINGS-WHEATLEY Lucy,ENG,BETIST Josefin,SLE,KINGS-WHEATLEY Lucy,WP 3:2,TUE 28 JUL 2026,title,28
commonwealth games,2026-07-28,Women's 65kg,,109,HICKEY Sacha,ENG,PARVEEN Parveen,IND,HICKEY Sacha,WP 3:2,TUE 28 JUL 2026,title,28
commonwealth games,2026-07-28,Women's 65kg,,110,BRYSON Eve Elizabeth,AUS,NAKALEMA Emily,UGA,BRYSON Eve Elizabeth,WP 4:1,TUE 28 JUL 2026,title,28
commonwealth games,2026-07-28,Women's 75kg,,111,SMITH Mary Kate,ENG,MBATA Patricia,NGR,SMITH Mary Kate,WP 3:2,TUE 28 JUL 2026,title,28
Commonwealth Games,2026-07-28,Men's 55kg,Quarter-Finals,112,MANDENGBAM Jadumani Singh,IND,MWALE Mwengo,ZAM,MANDENGBAM Jadumani Singh,WP 5:0,TUE 28 JUL 2026,title,29
Commonwealth Games,2026-07-28,Men's 55kg,Quarter-Finals,113,MUKUKA Alex,NZL,HAOSEB Philip Pumulo Mutakela,NAM,HAOSEB Philip Pumulo Mutakela,WP 4:0,TUE 28 JUL 2026,title,29
Commonwealth Games,2026-07-28,Men's 65kg,Quarter-Finals,114,BATTE Nuhu,UGA,MUGHALZAI Patris,ENG,MUGHALZAI Patris,WP 3:0,TUE 28 JUL 2026,title,29
Commonwealth Games,2026-07-28,Men's 65kg,Quarter-Finals,115,KATEMA Emmanuel,ZAM,BONZO Elias,MAW,KATEMA Emmanuel,RSC R2 2:27,TUE 28 JUL 2026,title,29
Commonwealth Games,2026-07-28,Men's 90kg,Quarter-Finals,116,OKOH Isaac,ENG,LAWSON Lachlan,AUS,OKOH Isaac,WP 5:0,TUE 28 JUL 2026,title,29
Commonwealth Games,2026-07-28,Men's 90kg,Quarter-Finals,117,POKHARIYA Kapil,IND,McNULTY Robert,SCO,McNULTY Robert,WP 5:0,TUE 28 JUL 2026,title,29
Commonwealth Games,2026-07-29,Women's 51kg,Quarter-Finals,118,BROOKES Niamh,WAL,WALL Amber-Jane,CAN,WALL Amber-Jane,WP 5:0,WED 29 JUL 2026,title,30
Commonwealth Games,2026-07-29,Women's 51kg,Quarter-Finals,119,FRYERS Caitlin,NIR,SAKSHI Sakshi,IND,SAKSHI Sakshi,WP 5:0,WED 29 JUL 2026,title,30
Commonwealth Games,2026-07-29,Women's 57kg,Quarter-Finals,120,HANSIKA Keshani,SRI,DAUNAKAMAKAMA Jasmine,FIJ,DAUNAKAMAKAMA Jasmine,WP 4:1,WED 29 JUL 2026,title,30
Commonwealth Games,2026-07-29,Women's 57kg,Quarter-Finals,121,BROWN Lara,SCO,WALSH Michaela,NIR,WALSH Michaela,WP 5:0,WED 29 JUL 2026,title,30
Commonwealth Games,2026-07-29,Women's 70kg,Quarter-Finals,122,HENDERSON Morgan,NZL,CHOUDHARY Arundhati,IND,CHOUDHARY Arundhati,WP 3:1,WED 29 JUL 2026,title,30
Commonwealth Games,2026-07-29,Women's 70kg,Quarter-Finals,123,ECCLES Rosie,WAL,NCUBE Samukelisiwe Sinothile,RSA,ECCLES Rosie,RSC R2 2:40,WED 29 JUL 2026,title,30
Commonwealth Games,2026-07-29,Men's 60kg,Quarter-Finals,124,DEVLIN Nicholas,SCO,HARRIS-ALLAN Owain,WAL,HARRIS-ALLAN Owain,WP 5:0,WED 29 JUL 2026,title,30
Commonwealth Games Glasgow 2026,2026-07-29,Men's 60kg,Quarter-Finals,125,MOREMI Treasure,BOT,SACHIN Sachin,IND,SACHIN Sachin,WP 5:0,WED 29 JUL 2026,title,31
Commonwealth Games Glasgow 2026,2026-07-29,Men's 70kg,Quarter-Finals,126,THAI Refiloe,LES,HOLLEY-SOTOMI Orlando,AUS,HOLLEY-SOTOMI Orlando,KO R1 1:15,WED 29 JUL 2026,title,31
Commonwealth Games Glasgow 2026,2026-07-29,Men's 70kg,Quarter-Finals,127,NETTEY Precious Akai,GHA,CLAIR Merven,MRI,CLAIR Merven,WP 5:0,WED 29 JUL 2026,title,31
Commonwealth Games Glasgow 2026,2026-07-29,Men's 80kg,Quarter-Finals,128,ANKUSH Ankush,IND,MICOCK Jade,SEY,ANKUSH Ankush,WP 5:0,WED 29 JUL 2026,title,31
Commonwealth Games Glasgow 2026,2026-07-29,Men's 80kg,Quarter-Finals,129,PAPPOE Desmond,GHA,OFORI Joshua,CAN,OFORI Joshua,WO,WED 29 JUL 2026,title,31
Commonwealth Games Glasgow 2026,2026-07-29,Men's 90+kg,Quarter-Finals,130,NARENDER Narender,IND,SEKO Michael,SAM,NARENDER Narender,WP 3:2,WED 29 JUL 2026,title,31
Commonwealth Games Glasgow 2026,2026-07-29,Men's 90+kg,Quarter-Finals,131,PAUL Nigel,TTO,SALIFOU Ramzi,TOG,PAUL Nigel,WP 5:0,WED 29 JUL 2026,title,31
Commonwealth Games,2026-07-29,Women's 51kg,Quarter-Finals,132,KATUSHABE Angel,UGA,WHITE Ruby,ENG,WHITE Ruby,WP 5:0,WED 29 JUL 2026,title,33
Commonwealth Games,2026-07-29,Women's 51kg,Quarter-Finals,133,RANASINGHE Nadeeka,SRI,ARAES Mischa Monique,NAM,ARAES Mischa Monique,WP 4:0,WED 29 JUL 2026,title,33
Commonwealth Games,2026-07-29,Women's 57kg,Quarter-Finals,134,GLYNN Elise,ENG,JAISMIN Jaismine,IND,JAISMIN Jaismine,WP 4:1,WED 29 JUL 2026,title,33
Commonwealth Games,2026-07-29,Women's 57kg,Quarter-Finals,135,KUTAKA Zawadi Amos,TAN,MASELELA Rapelang,LES,MASELELA Rapelang,WP 4:1,WED 29 JUL 2026,title,33
Commonwealth Games,2026-07-29,Women's 70kg,Quarter-Finals,136,ORAKWE Blessing,NGR,PERGOLITI Lekeisha,AUS,ORAKWE Blessing,WP 3:2,WED 29 JUL 2026,title,33
Commonwealth Games,2026-07-29,Women's 70kg,Quarter-Finals,137,HILL Jansseen,NIR,REID Chantelle,ENG,REID Chantelle,WP 5:0,WED 29 JUL 2026,title,33
Commonwealth Games,2026-07-29,Men's 60kg,Quarter-Finals,138,NGULUBE Albert,ZAM,GALLAGHER Jude,NIR,GALLAGHER Jude,WP 3:2,WED 29 JUL 2026,title,33
Commonwealth Games Glasgow 2026,2026-07-29,Men’s 60kg,Quarter-Finals,139,NDEVELO Tryagain Morning,NAM,ADAMS Niall,GGY,NDEVELO Tryagain Morning,WP 5:0,WED 29 JUL 2026,title,34
Commonwealth Games Glasgow 2026,2026-07-29,Men’s 70kg,Quarter-Finals,140,AH TONG Marion,SAM,KERR Sonny,SCO,KERR Sonny,WP 5:0,WED 29 JUL 2026,title,34
Commonwealth Games Glasgow 2026,2026-07-29,Men’s 70kg,Quarter-Finals,141,HIELD Carl,BAH,McCONNELL Jon,NIR,McCONNELL Jon,WO,WED 29 JUL 2026,title,34
Commonwealth Games Glasgow 2026,2026-07-29,Men’s 80kg,Quarter-Finals,142,SHITTU Dimeji,ENG,OKAKA Robert,KEN,SHITTU Dimeji,WP 5:0,WED 29 JUL 2026,title,34
Commonwealth Games Glasgow 2026,2026-07-29,Men’s 80kg,Quarter-Finals,143,PITT Daniel,WAL,TRAINOR Paul,AUS,TRAINOR Paul,WP 4:1,WED 29 JUL 2026,title,34
Commonwealth Games Glasgow 2026,2026-07-29,Men’s 90+kg,Quarter-Finals,144,PLANGE Daniel,GHA,McCARTAN William John,NIR,McCARTAN William John,WP 5:0,WED 29 JUL 2026,title,34
Commonwealth Games Glasgow 2026,2026-07-29,Men’s 90+kg,Quarter-Finals,145,ABDUL Aziz,UGA,THOMAS Damar,ENG,THOMAS Damar,DSQ R3 1:14,WED 29 JUL 2026,title,34
Commonwealth Games,2026-07-31,Women's 54kg,Semi-Finals,146,MACKIE Lauren,ENG,DELGADO Scarlett Savannah,CAN,DELGADO Scarlett Savannah,WP 4:1,FRI 31 JUL 2026,title,35
Commonwealth Games,2026-07-31,Women's 54kg,Semi-Finals,147,PREETI Preeti,IND,MWAPE Catherine,ZAM,PREETI Preeti,WP 5:0,FRI 31 JUL 2026,title,35
Commonwealth Games,2026-07-31,Women's 65kg,Semi-Finals,148,ROCK Kaci,NIR,RAINEY Caitlin,SCO,ROCK Kaci,WP 3:2,FRI 31 JUL 2026,title,35
Commonwealth Games,2026-07-31,Women's 65kg,Semi-Finals,149,HICKEY Sacha,ENG,BRYSON Eve Elizabeth,AUS,HICKEY Sacha,WP 5:0,FRI 31 JUL 2026,title,35
Commonwealth Games,2026-07-31,Men's 65kg,Semi-Finals,150,KHOAHLI Pooana,LES,CASSAR Jacob,AUS,CASSAR Jacob,WP 5:0,FRI 31 JUL 2026,title,35
Commonwealth Games,2026-07-31,Men's 65kg,Semi-Finals,151,MUGHALZAI Patris,ENG,KATEMA Emmanuel,ZAM,MUGHALZAI Patris,WP 4:1,FRI 31 JUL 2026,title,35
Commonwealth Games,2026-07-31,Men's 80kg,Semi-Finals,152,ANKUSH Ankush,IND,OFORI Joshua,CAN,ANKUSH Ankush,WP 5:0,FRI 31 JUL 2026,title,35
Commonwealth Games GLASGOW 2026,2026-07-31,Men's 80kg,,153,SHITTU Dimeji,ENG,TRAINOR Paul,AUS,SHITTU Dimeji,WP 5:0,FRI 31 JUL 2026,title,36
Commonwealth Games,2026-07-31,Women's 57kg,Semi-Finals,154,DAUNAKAMAKAMA Jasmine,FIJ,WALSH Michaela,NIR,WALSH Michaela,WP 5:0,FRI 31 JUL 2026,title,37
Commonwealth Games,2026-07-31,Women's 57kg,Semi-Finals,155,JAISMIN Jaismine,IND,MASELELA Rapelang,LES,JAISMIN Jaismine,RSC R2 3:00,FRI 31 JUL 2026,title,37
Commonwealth Games,2026-07-31,Women's 70kg,Semi-Finals,156,CHOUDHARY Arundhati,IND,ECCLES Rosie,WAL,CHOUDHARY Arundhati,WP 4:0,FRI 31 JUL 2026,title,37
Commonwealth Games,2026-07-31,Women's 70kg,Semi-Finals,157,PERGOLITI Lekeisha,AUS,REID Chantelle,ENG,REID Chantelle,WP 5:0,FRI 31 JUL 2026,title,37
Commonwealth Games,2026-07-31,Men's 55kg,Semi-Finals,158,MOHAMMED Amadu,GHA,DIXON Jye,AUS,DIXON Jye,WP 4:1,FRI 31 JUL 2026,title,37
Commonwealth Games,2026-07-31,Men's 55kg,Semi-Finals,159,MANDENGBAM Jadumani Singh,IND,HAOSEB Philip Pumulo Mutekela,NAM,MANDENGBAM Jadumani Singh,WP 5:0,FRI 31 JUL 2026,title,37
Commonwealth Games,2026-07-31,Men's 70kg,Semi-Finals,160,HOLLEY-SOTOMI Orlando,WAL,CLAIR Merven,MRI,HOLLEY-SOTOMI Orlando,WP 5:0,FRI 31 JUL 2026,title,37
Commonwealth Games Glasgow 2026,2026-07-31,Men's 70kg,Semi-Finals,161,KERR Sonny,SCO,McCONNELL Jon,NIR,McCONNELL Jon,WP 5:0,FRI 31 JUL 2026,title,38
Commonwealth Games Glasgow 2026,2026-07-31,Men's 90kg,Semi-Finals,162,WILLIAMS Connor,WAL,McALLISTER Garyn,NIR,WILLIAMS Connor,WP 5:0,FRI 31 JUL 2026,title,38
Commonwealth Games Glasgow 2026,2026-07-31,Men's 90kg,Semi-Finals,163,OKOH Isaac,ENG,McNULTY Robert,SCO,OKOH Isaac,WP 5:0,FRI 31 JUL 2026,title,38
Commonwealth Games,2026-07-31,Women's 51kg,Semi-Finals,164,WALL Amber-Jane,CAN,SAKSHI Sakshi,IND,SAKSHI Sakshi,WP 5:0,FRI 31 JUL 2026,title,39
Commonwealth Games,2026-07-31,Women's 51kg,Semi-Finals,165,WHITE Ruby,ENG,ARAES Mischa Monique,NAM,WHITE Ruby,RSC R2 1:36,FRI 31 JUL 2026,title,39
Commonwealth Games,2026-07-31,Women's 60kg,Semi-Finals,166,ZAHRA Fatima,PAK,AL-AHMADIYEH Marie-Bathoul,CAN,AL-AHMADIYEH Marie-Bathoul,RSC R2 3:00,FRI 31 JUL 2026,title,39
Commonwealth Games,2026-07-31,Women's 60kg,Semi-Finals,167,PRIYA Priya,IND,KINGS-WHEATLEY Lucy,ENG,PRIYA Priya,WP 5:0,FRI 31 JUL 2026,title,39
Commonwealth Games,2026-07-31,Women's 75kg,Semi-Finals,168,GREENTREE Emma-Sue,AUS,SMITH Mary Kate,ENG,GREENTREE Emma-Sue,WP 3:2,FRI 31 JUL 2026,title,39
Commonwealth Games,2026-07-31,Women's 75kg,Semi-Finals,169,BORGOGHAIN Lovlina,IND,TAAFAKI Tarona Khanum Badi Pasoni,TUV,BORGOGHAIN Lovlina,WP 5:0,FRI 31 JUL 2026,title,39
Commonwealth Games,2026-07-31,Men's 60kg,Semi-Finals,170,HARRIS-ALLAN Owain,WAL,SACHIN Sachin,IND,HARRIS-ALLAN Owain,WP 5:0,FRI 31 JUL 2026,title,39
Commonwealth Games,2026-07-31,Men's 60kg,Semi-Finals,171,GALLAGHER Jude,NIR,NDEVELO Tryagain Morning,NAM,NDEVELO Tryagain Morning,WP 3:2,FRI 31 JUL 2026,title,40
Commonwealth Games,2026-07-31,Men's 90+kg,Semi-Finals,172,NARENDER Narender,IND,PAUL Nigel,TTO,NARENDER Narender,WP 5:0,FRI 31 JUL 2026,title,40
Commonwealth Games,2026-07-31,Men's 90+kg,Semi-Finals,173,McCARTAN William John,NIR,THOMAS Damar,ENG,THOMAS Damar,WO,FRI 31 JUL 2026,title,40
commonwealth games,2026-08-01,Women`s 54kg,,174,DELGADO Scarlett Savannah,CAN,PREETI Preeti,IND,PREETI Preeti,WP 5:0,SAT 1 AUG 2026,title,41
commonwealth games,2026-08-01,Women`s 57kg,,175,WALSH Michaela,NIR,JAISMIN Jaismine,IND,JAISMIN Jaismine,WP 5:0,SAT 1 AUG 2026,title,41
commonwealth games,2026-08-01,Women`s 65kg,,176,ROCK Kaci,NIR,HICKEY Sacha,ENG,HICKEY Sacha,WP 5:0,SAT 1 AUG 2026,title,41
commonwealth games,2026-08-01,Men`s 55kg,,177,DIXON Jye,AUS,MANDENGBAM Jadumani Singh,IND,DIXON Jye,WP 5:0,SAT 1 AUG 2026,title,41
commonwealth games,2026-08-01,Men`s 65kg,,178,CASSAR Jacob,AUS,MUGHLAIZAI Patris,ENG,MUGHLAIZAI Patris,WP 5:0,SAT 1 AUG 2026,title,41
commonwealth games,2026-08-01,Men`s 70kg,,179,HOLLEY-SOTOMI Orlando,WAL,McCONNELL Jon,NIR,McCONNELL Jon,WP 4:1,SAT 1 AUG 2026,title,41
commonwealth games,2026-08-01,Men`s 90kg,,180,WILLIAMS Connor,ENG,OKOH Isaac,ENG,OKOH Isaac,WP 5:0,SAT 1 AUG 2026,title,41
Commonwealth Games,2026-08-01,Women's 51kg,Final,181,SAKSHI Sakshi,IND,WHITE Ruby,ENG,SAKSHI Sakshi,WP 5:0,SAT 1 AUG 2026,title,42
Commonwealth Games,2026-08-01,Women's 60kg,Final,182,AL-AHMADIEH Marie-Bathoul,CAN,PRIYA Priya,IND,PRIYA Priya,WP 4:1,SAT 1 AUG 2026,title,42
Commonwealth Games,2026-08-01,Women's 70kg,Final,183,CHOUDHARY Arundhati,IND,REID Chantelle,ENG,CHOUDHARY Arundhati,WP 5:0,SAT 1 AUG 2026,title,42
Commonwealth Games,2026-08-01,Women's 75kg,Final,184,GREENTREE Emma-Sue,AUS,BORGOHAIN Lovlina,IND,GREENTREE Emma-Sue,WP 4:1,SAT 1 AUG 2026,title,42
Commonwealth Games,2026-08-01,Men's 60kg,Final,185,SACHIN Sachin,IND,NDEVELO Tryagain Morning,NAM,SACHIN Sachin,WP 3:2,SAT 1 AUG 2026,title,42
Commonwealth Games,2026-08-01,Men's 80kg,Final,186,ANKUSH Ankush,IND,SHITTU Dimeji,ENG,ANKUSH Ankush,WP 4:1,SAT 1 AUG 2026,title,42
Commonwealth Games,2026-08-01,Men's 90+kg,Final,187,NARENDER Narender,IND,THOMAS Damar,ENG,THOMAS Damar,WP 5:0,SAT 1 AUG 2026,title,42
Commonwealth Games,2026-08-01,Women's 51kg,Preliminaries,,BROOKES Niamh,WAL,,,BROOKES Niamh,Bye,SAT 1 AUG 2026,As of line,44
Commonwealth Games,2026-08-01,Women's 51kg,Preliminaries,,QUAYE Ramatu,GHA,WALL Amber-Jane,CAN,WALL Amber-Jane,WP 5:0,SAT 1 AUG 2026,As of line,44
Commonwealth Games,2026-08-01,Women's 51kg,Preliminaries,,FERDOUS Zinnat,BAN,FRYERS Caitlin,NIR,FRYERS Caitlin,WP 5:0,SAT 1 AUG 2026,As of line,44
Commonwealth Games,2026-08-01,Women's 51kg,Preliminaries,,MODUKANELE Lethabo,BOT,SAKSHI Sakshi,IND,SAKSHI Sakshi,WP 5:0,SAT 1 AUG 2026,As of line,44
Commonwealth Games,2026-08-01,Women's 51kg,Preliminaries,,KATUSHABE Angel,UGA,,,KATUSHABE Angel,Bye,SAT 1 AUG 2026,As of line,44
Commonwealth Games,2026-08-01,Women's 51kg,Preliminaries,,WHITE Ruby,ENG,MATHIBA Thandolwethu Truelove,RSA,WHITE Ruby,WP 5:0,SAT 1 AUG 2026,As of line,44
Commonwealth Games,2026-08-01,Women's 51kg,Preliminaries,,NEELY Brooke,SCO,RANASINGHE Nadeeka,SRI,RANASINGHE Nadeeka,WP 3:2,SAT 1 AUG 2026,As of line,44
Commonwealth Games,2026-08-01,Women's 51kg,Preliminaries,,ARAES Mischa Monique,NAM,,,ARAES Mischa Monique,Bye,SAT 1 AUG 2026,As of line,44
Commonwealth Games,2026-08-01,Women's 51kg,Quarter-Finals,,BROOKES Niamh,WAL,WALL Amber-Jane,CAN,WALL Amber-Jane,WP 5:0,SAT 1 AUG 2026,As of line,44
Commonwealth Games,2026-08-01,Women's 51kg,Quarter-Finals,,FRYERS Caitlin,NIR,SAKSHI Sakshi,IND,SAKSHI Sakshi,WP 5:0,SAT 1 AUG 2026,As of line,44
Commonwealth Games,2026-08-01,Women's 51kg,Quarter-Finals,,KATUSHABE Angel,UGA,WHITE Ruby,ENG,WHITE Ruby,WP 5:0,SAT 1 AUG 2026,As of line,44
Commonwealth Games,2026-08-01,Women's 51kg,Quarter-Finals,,RANASINGHE Nadeeka,SRI,ARAES Mischa Monique,NAM,ARAES Mischa Monique,WP 4:0,SAT 1 AUG 2026,As of line,44
Commonwealth Games,2026-08-01,Women's 51kg,Semi-Finals,,WALL Amber-Jane,CAN,SAKSHI Sakshi,IND,SAKSHI Sakshi,WP 5:0,SAT 1 AUG 2026,As of line,44
Commonwealth Games,2026-08-01,Women's 51kg,Semi-Finals,,WHITE Ruby,ENG,ARAES Mischa Monique,NAM,WHITE Ruby,RSC R2 1:36,SAT 1 AUG 2026,As of line,44
Commonwealth Games,2026-08-01,Women's 51kg,Final,,SAKSHI Sakshi,IND,WHITE Ruby,ENG,SAKSHI Sakshi,WP 5:0,SAT 1 AUG 2026,As of line,44
Commonwealth Games,2026-08-01,Women's 54kg,Preliminaries,,SURACI Monique,AUS,,,SURACI Monique,Bye,SAT 1 AUG 2026,As of line,45
Commonwealth Games,2026-08-01,Women's 54kg,Preliminaries,,MACKIE Lauren,ENG,FAKI Amina,KEN,MACKIE Lauren,WP 5:0,SAT 1 AUG 2026,As of line,45
Commonwealth Games,2026-08-01,Women's 54kg,Preliminaries,,AJISHOLA Kadijat,NGR,,,AJISHOLA Kadijat,Bye,SAT 1 AUG 2026,As of line,45
Commonwealth Games,2026-08-01,Women's 54kg,Preliminaries,,JONES Helen,WAL,,,JONES Helen,Bye,SAT 1 AUG 2026,As of line,45
Commonwealth Games,2026-08-01,Women's 54kg,Preliminaries,,KERNACHAN Stephanie,SCO,,,KERNACHAN Stephanie,Bye,SAT 1 AUG 2026,As of line,45
Commonwealth Games,2026-08-01,Women's 54kg,Preliminaries,,DELGADO Scarlett Savannah,CAN,,,DELGADO Scarlett Savannah,Bye,SAT 1 AUG 2026,As of line,45
Commonwealth Games,2026-08-01,Women's 54kg,Preliminaries,,MODISE Keatlaretse,BOT,,,MODISE Keatlaretse,Bye,SAT 1 AUG 2026,As of line,45
Commonwealth Games,2026-08-01,Women's 54kg,Preliminaries,,HALL Greer,NZL,,,HALL Greer,Bye,SAT 1 AUG 2026,As of line,45
Commonwealth Games,2026-08-01,Women's 54kg,Preliminaries,,CLYDE Nicole,NIR,,,CLYDE Nicole,Bye,SAT 1 AUG 2026,As of line,45
Commonwealth Games,2026-08-01,Women's 54kg,Preliminaries,,BAMFO Nancy,GHA,,,BAMFO Nancy,Bye,SAT 1 AUG 2026,As of line,45
Commonwealth Games,2026-08-01,Women's 54kg,Preliminaries,,PREETI Preeti,IND,,,PREETI Preeti,Bye,SAT 1 AUG 2026,As of line,45
Commonwealth Games,2026-08-01,Women's 54kg,Preliminaries,,MTENJE Deborah,MAW,,,MTENJE Deborah,Bye,SAT 1 AUG 2026,As of line,45
Commonwealth Games,2026-08-01,Women's 54kg,Preliminaries,,GABRIEL Marie Marine,MRI,,,GABRIEL Marie Marine,Bye,SAT 1 AUG 2026,As of line,45
Commonwealth Games,2026-08-01,Women's 54kg,Preliminaries,,HOLLAND Danielle Domonique,SAM,,,HOLLAND Danielle Domonique,Bye,SAT 1 AUG 2026,As of line,45
Commonwealth Games,2026-08-01,Women's 54kg,Preliminaries,,ZAHID Malaika,PAK,,,ZAHID Malaika,Bye,SAT 1 AUG 2026,As of line,45
Commonwealth Games,2026-08-01,Women's 54kg,Preliminaries,,MWAPE Catherine,ZAM,,,MWAPE Catherine,Bye,SAT 1 AUG 2026,As of line,45
Commonwealth Games,2026-08-01,Women's 54kg,Quarter-Finals,,SURACI Monique,AUS,MACKIE Lauren,ENG,MACKIE Lauren,WP 3:2,SAT 1 AUG 2026,As of line,45
Commonwealth Games,2026-08-01,Women's 54kg,Quarter-Finals,,AJISHOLA Kadijat,NGR,JONES Helen,WAL,JONES Helen,WP 3:2,SAT 1 AUG 2026,As of line,45
Commonwealth Games,2026-08-01,Women's 54kg,Quarter-Finals,,KERNACHAN Stephanie,SCO,DELGADO Scarlett Savannah,CAN,DELGADO Scarlett Savannah,WP 5:0,SAT 1 AUG 2026,As of line,45
Commonwealth Games,2026-08-01,Women's 54kg,Quarter-Finals,,MODISE Keatlaretse,BOT,HALL Greer,NZL,HALL Greer,WP 5:0,SAT 1 AUG 2026,As of line,45
Commonwealth Games,2026-08-01,Women's 54kg,Quarter-Finals,,CLYDE Nicole,NIR,BAMFO Nancy,GHA,CLYDE Nicole,WP 5:0,SAT 1 AUG 2026,As of line,45
Commonwealth Games,2026-08-01,Women's 54kg,Quarter-Finals,,PREETI Preeti,IND,MTENJE Deborah,MAW,PREETI Preeti,RSC R2 2:13,SAT 1 AUG 2026,As of line,45
Commonwealth Games,2026-08-01,Women's 54kg,Quarter-Finals,,GABRIEL Marie Marine,MRI,HOLLAND Danielle Domonique,SAM,GABRIEL Marie Marine,WP 5:0,SAT 1 AUG 2026,As of line,45
Commonwealth Games,2026-08-01,Women's 54kg,Quarter-Finals,,ZAHID Malaika,PAK,MWAPE Catherine,ZAM,MWAPE Catherine,WP 4:1,SAT 1 AUG 2026,As of line,45
Commonwealth Games,2026-08-01,Women's 54kg,Semi-Finals,,MACKIE Lauren,ENG,JONES Helen,WAL,MACKIE Lauren,WP 5:0,SAT 1 AUG 2026,As of line,45
Commonwealth Games,2026-08-01,Women's 54kg,Semi-Finals,,DELGADO Scarlett Savannah,CAN,HALL Greer,NZL,DELGADO Scarlett Savannah,WP 5:0,SAT 1 AUG 2026,As of line,45
Commonwealth Games,2026-08-01,Women's 54kg,Semi-Finals,,CLYDE Nicole,NIR,PREETI Preeti,IND,PREETI Preeti,WP 5:0,SAT 1 AUG 2026,As of line,45
Commonwealth Games,2026-08-01,Women's 54kg,Semi-Finals,,GABRIEL Marie Marine,MRI,MWAPE Catherine,ZAM,MWAPE Catherine,WP 3:2,SAT 1 AUG 2026,As of line,45
Commonwealth Games,2026-08-01,Women's 54kg,Final,,MACKIE Lauren,ENG,DELGADO Scarlett Savannah,CAN,DELGADO Scarlett Savannah,WP 4:1,SAT 1 AUG 2026,As of line,45
Commonwealth Games,2026-08-01,Women's 54kg,Final,,PREETI Preeti,IND,MWAPE Catherine,ZAM,PREETI Preeti,WP 5:0,SAT 1 AUG 2026,As of line,45
Commonwealth Games,2026-08-01,Women's 57kg,Preliminaries,,HANSIKA Keshani,SRI,,,HANSIKA Keshani,Bye,SAT 1 AUG 2026,As of line,46
Commonwealth Games,2026-08-01,Women's 57kg,Preliminaries,,DAUNAKAMAKAMA Jasmine,FIJ,DJABATEY Adelaide Dede,GHA,DAUNAKAMAKAMA Jasmine,WP 5:0,SAT 1 AUG 2026,As of line,46
Commonwealth Games,2026-08-01,Women's 57kg,Preliminaries,,BROWN Lara,SCO,,,BROWN Lara,Bye,SAT 1 AUG 2026,As of line,46
Commonwealth Games,2026-08-01,Women's 57kg,Preliminaries,,WALSH Michaela,NIR,,,WALSH Michaela,Bye,SAT 1 AUG 2026,As of line,46
Commonwealth Games,2026-08-01,Women's 57kg,Preliminaries,,GLYNN Elise,ENG,,,GLYNN Elise,Bye,SAT 1 AUG 2026,As of line,46
Commonwealth Games,2026-08-01,Women's 57kg,Preliminaries,,JAISMINE Jaismine,IND,,,JAISMINE Jaismine,Bye,SAT 1 AUG 2026,As of line,46
Commonwealth Games,2026-08-01,Women's 57kg,Preliminaries,,KUTAKA Zawadi Amos,TAN,,,KUTAKA Zawadi Amos,Bye,SAT 1 AUG 2026,As of line,46
Commonwealth Games,2026-08-01,Women's 57kg,Preliminaries,,MASELELA Rapelang,LES,,,MASELELA Rapelang,Bye,SAT 1 AUG 2026,As of line,46
Commonwealth Games,2026-08-01,Women's 57kg,Quarter-Finals,,HANSIKA Keshani,SRI,DAUNAKAMAKAMA Jasmine,FIJ,DAUNAKAMAKAMA Jasmine,WP 4:1,SAT 1 AUG 2026,As of line,46
Commonwealth Games,2026-08-01,Women's 57kg,Quarter-Finals,,BROWN Lara,SCO,WALSH Michaela,NIR,WALSH Michaela,WP 5:0,SAT 1 AUG 2026,As of line,46
Commonwealth Games,2026-08-01,Women's 57kg,Quarter-Finals,,GLYNN Elise,ENG,JAISMINE Jaismine,IND,JAISMINE Jaismine,WP 4:1,SAT 1 AUG 2026,As of line,46
Commonwealth Games,2026-08-01,Women's 57kg,Quarter-Finals,,KUTAKA Zawadi Amos,TAN,MASELELA Rapelang,LES,MASELELA Rapelang,WP 4:1,SAT 1 AUG 2026,As of line,46
Commonwealth Games,2026-08-01,Women's 57kg,Semi-Finals,,DAUNAKAMAKAMA Jasmine,FIJ,WALSH Michaela,NIR,WALSH Michaela,WP 5:0,SAT 1 AUG 2026,As of line,46
Commonwealth Games,2026-08-01,Women's 57kg,Semi-Finals,,JAISMINE Jaismine,IND,MASELELA Rapelang,LES,JAISMINE Jaismine,RSC R2 3:00,SAT 1 AUG 2026,As of line,46
Commonwealth Games,2026-08-01,Women's 57kg,Final,,WALSH Michaela,NIR,JAISMINE Jaismine,IND,JAISMINE Jaismine,WP 5:0,SAT 1 AUG 2026,As of line,46
Commonwealth Games GLASGOW 2026,2026-08-01,Women's 60kg,Preliminaries,,WILSON Jordan,NZL,,,WILSON Jordan,Bye,SAT 1 AUG 2026,As of line,47
Commonwealth Games GLASGOW 2026,2026-08-01,Women's 60kg,Preliminaries,,ZAHRA Fatima,PAK,SEGOETE Realeboha,LES,ZAHRA Fatima,RSC R2 2:35,SAT 1 AUG 2026,As of line,47
Commonwealth Games GLASGOW 2026,2026-08-01,Women's 60kg,Preliminaries,,OTIENO Rosemarion,KEN,,,OTIENO Rosemarion,Bye,SAT 1 AUG 2026,As of line,47
Commonwealth Games GLASGOW 2026,2026-08-01,Women's 60kg,Preliminaries,,AL-AHMADIEH Marie-Bathoul,CAN,,,AL-AHMADIEH Marie-Bathoul,Bye,SAT 1 AUG 2026,As of line,47
Commonwealth Games GLASGOW 2026,2026-08-01,Women's 60kg,Preliminaries,,PRIYA Priya,IND,,,PRIYA Priya,Bye,SAT 1 AUG 2026,As of line,47
Commonwealth Games GLASGOW 2026,2026-08-01,Women's 60kg,Preliminaries,,KINGS-WHEATLEY Lucy,ENG,NOKENOKE Petronella,PNG,KINGS-WHEATLEY Lucy,WP 5:0,SAT 1 AUG 2026,As of line,47
Commonwealth Games GLASGOW 2026,2026-08-01,Women's 60kg,Preliminaries,,BETIST Josefen,SLE,,,BETIST Josefen,Bye,SAT 1 AUG 2026,As of line,47
Commonwealth Games GLASGOW 2026,2026-08-01,Women's 60kg,Quarter-Finals,,WILSON Jordan,NZL,ZAHRA Fatima,PAK,ZAHRA Fatima,WP 5:0,SAT 1 AUG 2026,As of line,47
Commonwealth Games GLASGOW 2026,2026-08-01,Women's 60kg,Quarter-Finals,,OTIENO Rosemarion,KEN,AL-AHMADIEH Marie-Bathoul,CAN,AL-AHMADIEH Marie-Bathoul,WP 4:1,SAT 1 AUG 2026,As of line,47
Commonwealth Games GLASGOW 2026,2026-08-01,Women's 60kg,Quarter-Finals,,PRIYA Priya,IND,MITCHELL Niamh,SCO,PRIYA Priya,WP 4:1,SAT 1 AUG 2026,As of line,47
Commonwealth Games GLASGOW 2026,2026-08-01,Women's 60kg,Quarter-Finals,,KINGS-WHEATLEY Lucy,ENG,BETIST Josefen,SLE,KINGS-WHEATLEY Lucy,WP 3:2,SAT 1 AUG 2026,As of line,47
Commonwealth Games GLASGOW 2026,2026-08-01,Women's 60kg,Semi-Finals,,ZAHRA Fatima,PAK,AL-AHMADIEH Marie-Bathoul,CAN,AL-AHMADIEH Marie-Bathoul,RSC R2 3:00,SAT 1 AUG 2026,As of line,47
Commonwealth Games GLASGOW 2026,2026-08-01,Women's 60kg,Semi-Finals,,PRIYA Priya,IND,KINGS-WHEATLEY Lucy,ENG,PRIYA Priya,WP 5:0,SAT 1 AUG 2026,As of line,47
Commonwealth Games GLASGOW 2026,2026-08-01,Women's 60kg,Final,,AL-AHMADIEH Marie-Bathoul,CAN,PRIYA Priya,IND,PRIYA Priya,WP 4:1,SAT 1 AUG 2026,As of line,47
Commonwealth Games,2026-08-01,Women's 65kg,Quarter-Finals,,ROCK Kaci,NIR,TE RUKI PASENE Karen,NIU,ROCK Kaci,WP 5:0,SAT 1 AUG 2026,As of line,48
Commonwealth Games,2026-08-01,Women's 65kg,Quarter-Finals,,LOGA Flora,PNG,RAINEY Caitlin,SCO,RAINEY Caitlin,RSC R2 1:37,SAT 1 AUG 2026,As of line,48
Commonwealth Games,2026-08-01,Women's 65kg,Quarter-Finals,,HICKEY Sacha,ENG,PARVEEN Parveen,IND,HICKEY Sacha,WP 3:2,SAT 1 AUG 2026,As of line,48
Commonwealth Games,2026-08-01,Women's 65kg,Quarter-Finals,,BRYSON Eve Elizabeth,AUS,NAKALEMA Emily,UGA,BRYSON Eve Elizabeth,WP 4:1,SAT 1 AUG 2026,As of line,48
Commonwealth Games,2026-08-01,Women's 65kg,Semi-Finals,,ROCK Kaci,NIR,RAINEY Caitlin,SCO,ROCK Kaci,WP 3:2,SAT 1 AUG 2026,As of line,48
Commonwealth Games,2026-08-01,Women's 65kg,Semi-Finals,,HICKEY Sacha,ENG,BRYSON Eve Elizabeth,AUS,HICKEY Sacha,WP 5:0,SAT 1 AUG 2026,As of line,48
Commonwealth Games,2026-08-01,Women's 65kg,Final,,ROCK Kaci,NIR,HICKEY Sacha,ENG,HICKEY Sacha,WP 5:0,SAT 1 AUG 2026,As of line,48
Commonwealth Games,2026-08-01,Women's 70kg,Quarter-Finals,,HENDERSON Morgan,NZL,CHOUDHARY Arundhati,IND,CHOUDHARY Arundhati,WP 3:1,SAT 1 AUG 2026,As of line,49
Commonwealth Games,2026-08-01,Women's 70kg,Quarter-Finals,,ECCLES Rosie,WAL,NCUBE Samukelisiwe Sinothile,RSA,ECCLES Rosie,RSC R2 2:40,SAT 1 AUG 2026,As of line,49
Commonwealth Games,2026-08-01,Women's 70kg,Quarter-Finals,,ORAKWE Blessing,NGR,PERGOLITI Lekiesha,AUS,PERGOLITI Lekiesha,WP 3:2,SAT 1 AUG 2026,As of line,49
Commonwealth Games,2026-08-01,Women's 70kg,Quarter-Finals,,HILL Jansseen,NIR,REID Chantelle,ENG,REID Chantelle,WP 5:0,SAT 1 AUG 2026,As of line,49
Commonwealth Games,2026-08-01,Women's 70kg,Semi-Finals,,CHOUDHARY Arundhati,IND,ECCLES Rosie,WAL,CHOUDHARY Arundhati,WP 4:0,SAT 1 AUG 2026,As of line,49
Commonwealth Games,2026-08-01,Women's 70kg,Semi-Finals,,PERGOLITI Lekiesha,AUS,REID Chantelle,ENG,REID Chantelle,WP 5:0,SAT 1 AUG 2026,As of line,49
Commonwealth Games,2026-08-01,Women's 70kg,Final,,CHOUDHARY Arundhati,IND,REID Chantelle,ENG,CHOUDHARY Arundhati,WP 5:0,SAT 1 AUG 2026,As of line,49
Commonwealth Games,2026-08-01,Women's 75kg,Quarter-Finals,,GREENTREE Emma-Sue,AUS,,,GREENTREE Emma-Sue,Bye,SAT 1 AUG 2026,As of line,50
Commonwealth Games,2026-08-01,Women's 75kg,Quarter-Finals,,SMITH Mary Kate,ENG,MBATA Patricia,NGR,SMITH Mary Kate,WP 3:2,SAT 1 AUG 2026,As of line,50
Commonwealth Games,2026-08-01,Women's 75kg,Quarter-Finals,,BORGOHAIN Lovina,IND,,,BORGOHAIN Lovina,Bye,SAT 1 AUG 2026,As of line,50
Commonwealth Games,2026-08-01,Women's 75kg,Quarter-Finals,,TAAFAKI Tarona Khanum Badi Pasoni,TUV,,,TAAFAKI Tarona Khanum Badi Pasoni,Bye,SAT 1 AUG 2026,As of line,50
Commonwealth Games,2026-08-01,Women's 75kg,Semi-Finals,,GREENTREE Emma-Sue,AUS,SMITH Mary Kate,ENG,GREENTREE Emma-Sue,WP 3:2,SAT 1 AUG 2026,As of line,50
Commonwealth Games,2026-08-01,Women's 75kg,Semi-Finals,,BORGOHAIN Lovina,IND,TAAFAKI Tarona Khanum Badi Pasoni,TUV,BORGOHAIN Lovina,WP 5:0,SAT 1 AUG 2026,As of line,50
Commonwealth Games,2026-08-01,Women's 75kg,Final,,GREENTREE Emma-Sue,AUS,BORGOHAIN Lovina,IND,GREENTREE Emma-Sue,WP 4:1,SAT 1 AUG 2026,As of line,50
Commonwealth Games,2026-08-01,Men's 55kg,Preliminaries,,MOHAMMED Amadu,GHA,,,MOHAMMED Amadu,Bye,SAT 1 AUG 2026,As of line,51
Commonwealth Games,2026-08-01,Men's 55kg,Preliminaries,,TEERS Thomas,GGY,TEMAKAU Eriu,KIR,TEMAKAU Eriu,WP 3:1,SAT 1 AUG 2026,As of line,51
Commonwealth Games,2026-08-01,Men's 55kg,Preliminaries,,TROWBRIDGE Ellis,ENG,NOMLEAS Ricksen,VAN,TROWBRIDGE Ellis,RSC R1 1:53,SAT 1 AUG 2026,As of line,51
Commonwealth Games,2026-08-01,Men's 55kg,Preliminaries,,PRASANNA Rukmal,SRI,,,PRASANNA Rukmal,Bye,SAT 1 AUG 2026,As of line,51
Commonwealth Games,2026-08-01,Men's 55kg,Preliminaries,,DIXON Jye,AUS,,,DIXON Jye,Bye,SAT 1 AUG 2026,As of line,51
Commonwealth Games,2026-08-01,Men's 55kg,Preliminaries,,SEHOLOHOLO Matheaira,LES,ROONEY Louis,NIR,SEHOLOHOLO Matheaira,KO R2 0:25,SAT 1 AUG 2026,As of line,51
Commonwealth Games,2026-08-01,Men's 55kg,Preliminaries,,HOSSAIN Md Rakib,BAN,SOIL TETEKANA Clinton,SOL,HOSSAIN Md Rakib,RSC R2 0:49,SAT 1 AUG 2026,As of line,51
Commonwealth Games,2026-08-01,Men's 55kg,Preliminaries,,INOINO Bid Michael,PNG,,,INOINO Bid Michael,Bye,SAT 1 AUG 2026,As of line,51
Commonwealth Games,2026-08-01,Men's 55kg,Preliminaries,,REHMAN Sumama,PAK,,,REHMAN Sumama,Bye,SAT 1 AUG 2026,As of line,51
Commonwealth Games,2026-08-01,Men's 55kg,Preliminaries,,CULLEN Aaron,SCO,MANDENGBAM Jadumani Singh,IND,MANDENGBAM Jadumani Singh,WP 5:0,SAT 1 AUG 2026,As of line,51
Commonwealth Games,2026-08-01,Men's 55kg,Preliminaries,,MWALE Mwengo,ZAM,FAKI Faki Issa,TAN,MWALE Mwengo,RSC R2 1:49,SAT 1 AUG 2026,As of line,51
Commonwealth Games,2026-08-01,Men's 55kg,Preliminaries,,SIGWELA Masibulele,RSA,,,SIGWELA Masibulele,Bye,SAT 1 AUG 2026,As of line,51
Commonwealth Games,2026-08-01,Men's 55kg,Preliminaries,,MUKUKA Alex,NZL,,,MUKUKA Alex,Bye,SAT 1 AUG 2026,As of line,51
Commonwealth Games,2026-08-01,Men's 55kg,Preliminaries,,CANON Narvalous-Marvin,NRU,VALERIE Fabrice Karl,MRI,VALERIE Fabrice Karl,WP 5:0,SAT 1 AUG 2026,As of line,51
Commonwealth Games,2026-08-01,Men's 55kg,Preliminaries,,HAOSEB Philip Pumulo Mutakela,NAM,VILAKATI Siboniso Charles,SWZ,HAOSEB Philip Pumulo Mutakela,WP 5:0,SAT 1 AUG 2026,As of line,51
Commonwealth Games,2026-08-01,Men's 55kg,Preliminaries,,YAYA Charel,TOG,,,YAYA Charel,Bye,SAT 1 AUG 2026,As of line,51
Commonwealth Games,2026-08-01,Men's 55kg,Quarter-Finals,,MOHAMMED Amadu,GHA,TEMAKAU Eriu,KIR,MOHAMMED Amadu,RSC R1 1:54,SAT 1 AUG 2026,As of line,51
Commonwealth Games,2026-08-01,Men's 55kg,Quarter-Finals,,TROWBRIDGE Ellis,ENG,PRASANNA Rukmal,SRI,TROWBRIDGE Ellis,WP 4:0,SAT 1 AUG 2026,As of line,51
Commonwealth Games,2026-08-01,Men's 55kg,Quarter-Finals,,DIXON Jye,AUS,SEHOLOHOLO Matheaira,LES,DIXON Jye,WP 5:0,SAT 1 AUG 2026,As of line,51
Commonwealth Games,2026-08-01,Men's 55kg,Quarter-Finals,,HOSSAIN Md Rakib,BAN,INOINO Bid Michael,PNG,HOSSAIN Md Rakib,WP 5:0,SAT 1 AUG 2026,As of line,51
Commonwealth Games,2026-08-01,Men's 55kg,Quarter-Finals,,MANDENGBAM Jadumani Singh,IND,REHMAN Sumama,PAK,MANDENGBAM Jadumani Singh,WP 5:0,SAT 1 AUG 2026,As of line,51
Commonwealth Games,2026-08-01,Men's 55kg,Quarter-Finals,,MWALE Mwengo,ZAM,SIGWELA Masibulele,RSA,MWALE Mwengo,WP 5:0,SAT 1 AUG 2026,As of line,51
Commonwealth Games,2026-08-01,Men's 55kg,Quarter-Finals,,MUKUKA Alex,NZL,VALERIE Fabrice Karl,MRI,MUKUKA Alex,WP 4:1,SAT 1 AUG 2026,As of line,51
Commonwealth Games,2026-08-01,Men's 55kg,Quarter-Finals,,HAOSEB Philip Pumulo Mutakela,NAM,YAYA Charel,TOG,HAOSEB Philip Pumulo Mutakela,RSC R2 1:11,SAT 1 AUG 2026,As of line,51
Commonwealth Games,2026-08-01,Men's 55kg,Semi-Finals,,MOHAMMED Amadu,GHA,TROWBRIDGE Ellis,ENG,MOHAMMED Amadu,WP 4:1,SAT 1 AUG 2026,As of line,51
Commonwealth Games,2026-08-01,Men's 55kg,Semi-Finals,,DIXON Jye,AUS,HOSSAIN Md Rakib,BAN,DIXON Jye,RSC R2 2:14,SAT 1 AUG 2026,As of line,51
Commonwealth Games,2026-08-01,Men's 55kg,Semi-Finals,,MANDENGBAM Jadumani Singh,IND,MWALE Mwengo,ZAM,MANDENGBAM Jadumani Singh,WP 5:0,SAT 1 AUG 2026,As of line,51
Commonwealth Games,2026-08-01,Men's 55kg,Semi-Finals,,MUKUKA Alex,NZL,HAOSEB Philip Pumulo Mutakela,NAM,HAOSEB Philip Pumulo Mutakela,WP 4:0,SAT 1 AUG 2026,As of line,51
Commonwealth Games,2026-08-01,Men's 55kg,Final,,MOHAMMED Amadu,GHA,DIXON Jye,AUS,DIXON Jye,WP 4:1,SAT 1 AUG 2026,As of line,51
Commonwealth Games,2026-08-01,Men's 55kg,Final,,MANDENGBAM Jadumani Singh,IND,HAOSEB Philip Pumulo Mutakela,NAM,MANDENGBAM Jadumani Singh,WP 5:0,SAT 1 AUG 2026,As of line,51
Commonwealth Games,2026-08-01,Men's 60kg,Preliminaries,,ANKRAH Ebenezer,GHA,,,ANKRAH Ebenezer,Bye,SAT 1 AUG 2026,As of line,52
Commonwealth Games,2026-08-01,Men's 60kg,Preliminaries,,DEVLIN Nicholas,SCO,O'SULLIVAN Finbar,NZL,DEVLIN Nicholas,WP 5:0,SAT 1 AUG 2026,As of line,52
Commonwealth Games,2026-08-01,Men's 60kg,Preliminaries,,HARRIS-ALLAN Owain,WAL,,,HARRIS-ALLAN Owain,Bye,SAT 1 AUG 2026,As of line,52
Commonwealth Games,2026-08-01,Men's 60kg,Preliminaries,,CHEMBEN Niven,MRI,,,CHEMBEN Niven,Bye,SAT 1 AUG 2026,As of line,52
Commonwealth Games,2026-08-01,Men's 60kg,Preliminaries,,LITABE Toka,LES,,,LITABE Toka,Bye,SAT 1 AUG 2026,As of line,52
Commonwealth Games,2026-08-01,Men's 60kg,Preliminaries,,MOREMI Treasure,BOT,GATAUA Phoenix,NIU,MOREMI Treasure,WP 5:0,SAT 1 AUG 2026,As of line,52
Commonwealth Games,2026-08-01,Men's 60kg,Preliminaries,,SACHIN Sachin,IND,AL-AHMADEIH Keoma,CAN,SACHIN Sachin,WP 4:1,SAT 1 AUG 2026,As of line,52
Commonwealth Games,2026-08-01,Men's 60kg,Preliminaries,,HEWITT William,ENG,,,HEWITT William,Bye,SAT 1 AUG 2026,As of line,52
Commonwealth Games,2026-08-01,Men's 60kg,Preliminaries,,DLAMINI Mncobi,SWZ,,,DLAMINI Mncobi,Bye,SAT 1 AUG 2026,As of line,52
Commonwealth Games,2026-08-01,Men's 60kg,Preliminaries,,NGULUBE Albert,ZAM,KEMIS Ibrahim,UGA,NGULUBE Albert,WP 5:0,SAT 1 AUG 2026,As of line,52
Commonwealth Games,2026-08-01,Men's 60kg,Preliminaries,,ULLAH Qudrat,PAK,,,ULLAH Qudrat,Bye,SAT 1 AUG 2026,As of line,52
Commonwealth Games,2026-08-01,Men's 60kg,Preliminaries,,GALLAGHER Jude,NIR,DAVULE Jone,FIJ,GALLAGHER Jude,WP 4:0,SAT 1 AUG 2026,As of line,52
Commonwealth Games,2026-08-01,Men's 60kg,Preliminaries,,REZA Md Ruhin,BAN,,,REZA Md Ruhin,Bye,SAT 1 AUG 2026,As of line,52
Commonwealth Games,2026-08-01,Men's 60kg,Preliminaries,,NDEVELO Tryagain Morning,NAM,,,NDEVELO Tryagain Morning,Bye,SAT 1 AUG 2026,As of line,52
Commonwealth Games,2026-08-01,Men's 60kg,Preliminaries,,JAYANATH Ravindu,SRI,MAKANA Max,SOL,JAYANATH Ravindu,WP 5:0,SAT 1 AUG 2026,As of line,52
Commonwealth Games,2026-08-01,Men's 60kg,Preliminaries,,ADAMS Niall,GGY,,,ADAMS Niall,Bye,SAT 1 AUG 2026,As of line,52
Commonwealth Games,2026-08-01,Men's 60kg,Quarter-Finals,,ANKRAH Ebenezer,GHA,DEVLIN Nicholas,SCO,DEVLIN Nicholas,WP 3:2,SAT 1 AUG 2026,As of line,52
Commonwealth Games,2026-08-01,Men's 60kg,Quarter-Finals,,HARRIS-ALLAN Owain,WAL,CHEMBEN Niven,MRI,HARRIS-ALLAN Owain,WP 5:0,SAT 1 AUG 2026,As of line,52
Commonwealth Games,2026-08-01,Men's 60kg,Quarter-Finals,,LITABE Toka,LES,MOREMI Treasure,BOT,MOREMI Treasure,WP 3:2,SAT 1 AUG 2026,As of line,52
Commonwealth Games,2026-08-01,Men's 60kg,Quarter-Finals,,SACHIN Sachin,IND,HEWITT William,ENG,SACHIN Sachin,WP 4:1,SAT 1 AUG 2026,As of line,52
Commonwealth Games,2026-08-01,Men's 60kg,Quarter-Finals,,DLAMINI Mncobi,SWZ,NGULUBE Albert,ZAM,NGULUBE Albert,WP 5:0,SAT 1 AUG 2026,As of line,52
Commonwealth Games,2026-08-01,Men's 60kg,Quarter-Finals,,ULLAH Qudrat,PAK,GALLAGHER Jude,NIR,GALLAGHER Jude,WP 3:2,SAT 1 AUG 2026,As of line,52
Commonwealth Games,2026-08-01,Men's 60kg,Quarter-Finals,,REZA Md Ruhin,BAN,NDEVELO Tryagain Morning,NAM,NDEVELO Tryagain Morning,WO,SAT 1 AUG 2026,As of line,52
Commonwealth Games,2026-08-01,Men's 60kg,Quarter-Finals,,JAYANATH Ravindu,SRI,ADAMS Niall,GGY,ADAMS Niall,WP 4:1,SAT 1 AUG 2026,As of line,52
Commonwealth Games,2026-08-01,Men's 60kg,Semi-Finals,,DEVLIN Nicholas,SCO,HARRIS-ALLAN Owain,WAL,HARRIS-ALLAN Owain,WP 5:0,SAT 1 AUG 2026,As of line,52
Commonwealth Games,2026-08-01,Men's 60kg,Semi-Finals,,MOREMI Treasure,BOT,SACHIN Sachin,IND,SACHIN Sachin,WP 5:0,SAT 1 AUG 2026,As of line,52
Commonwealth Games,2026-08-01,Men's 60kg,Semi-Finals,,NGULUBE Albert,ZAM,GALLAGHER Jude,NIR,GALLAGHER Jude,WP 3:2,SAT 1 AUG 2026,As of line,52
Commonwealth Games,2026-08-01,Men's 60kg,Semi-Finals,,NDEVELO Tryagain Morning,NAM,ADAMS Niall,GGY,NDEVELO Tryagain Morning,WP 5:0,SAT 1 AUG 2026,As of line,52
Commonwealth Games,2026-08-01,Men's 60kg,Final,,HARRIS-ALLAN Owain,WAL,SACHIN Sachin,IND,SACHIN Sachin,WP 5:0,SAT 1 AUG 2026,As of line,52
Commonwealth Games,2026-08-01,Men's 60kg,Final,,GALLAGHER Jude,NIR,NDEVELO Tryagain Morning,NAM,NDEVELO Tryagain Morning,WP 3:2,SAT 1 AUG 2026,As of line,52
Commonwealth Games,2026-08-01,Men's 65kg,Preliminaries,,COPE Martez,JAM,,,COPE Martez,Bye,SAT 1 AUG 2026,As of line,53
Commonwealth Games,2026-08-01,Men's 65kg,Preliminaries,,KHOAHLI Pooana,LES,PAO De Niro,NIU,KHOAHLI Pooana,WP 5:0,SAT 1 AUG 2026,As of line,53
Commonwealth Games,2026-08-01,Men's 65kg,Preliminaries,,AGATHE Ziggy,MRI,DAMESI Simamkele,RSA,AGATHE Ziggy,RSC-I R2 0:08,SAT 1 AUG 2026,As of line,53
Commonwealth Games,2026-08-01,Men's 65kg,Preliminaries,,WILLIAMS Rashield,BAH,PAUL James,PNG,WILLIAMS Rashield,WP 3:2,SAT 1 AUG 2026,As of line,53
Commonwealth Games,2026-08-01,Men's 65kg,Preliminaries,,LABRIE Gabriel,CAN,,,LABRIE Gabriel,Bye,SAT 1 AUG 2026,As of line,53
Commonwealth Games,2026-08-01,Men's 65kg,Preliminaries,,BOUZIN Jovanie,SEY,KHAN Afzal,PAK,KHAN Afzal,WP 5:0,SAT 1 AUG 2026,As of line,53
Commonwealth Games,2026-08-01,Men's 65kg,Preliminaries,,CAMPBELL Connor,NZL,MAUKAKALA Ben,FIJ,CAMPBELL Connor,RSC R2 2:31,SAT 1 AUG 2026,As of line,53
Commonwealth Games,2026-08-01,Men's 65kg,Preliminaries,,CASSAR Jacob,AUS,,,CASSAR Jacob,Bye,SAT 1 AUG 2026,As of line,53
Commonwealth Games,2026-08-01,Men's 65kg,Preliminaries,,YADAV Aditya Pratap,IND,,,YADAV Aditya Pratap,Bye,SAT 1 AUG 2026,As of line,53
Commonwealth Games,2026-08-01,Men's 65kg,Preliminaries,,ABDULWAHAB Abdulramon,NGR,BATTE Nuhu,UGA,BATTE Nuhu,WP 3:2,SAT 1 AUG 2026,As of line,53
Commonwealth Games,2026-08-01,Men's 65kg,Preliminaries,,MUGHLAZAI Patris,ENG,OMAR Abdul Wahib,GHA,MUGHLAZAI Patris,WP 5:0,SAT 1 AUG 2026,As of line,53
Commonwealth Games,2026-08-01,Men's 65kg,Preliminaries,,HALE John Paul,NIR,,,HALE John Paul,Bye,SAT 1 AUG 2026,As of line,53
Commonwealth Games,2026-08-01,Men's 65kg,Preliminaries,,CHURCH Leo,SCO,TEBOUWA Vr-J,NRU,CHURCH Leo,WP 5:0,SAT 1 AUG 2026,As of line,53
Commonwealth Games,2026-08-01,Men's 65kg,Preliminaries,,KATEMA Emmanuel,ZAM,PATHMASIRI Chamli,SRI,KATEMA Emmanuel,KO R3 0:40,SAT 1 AUG 2026,As of line,53
Commonwealth Games,2026-08-01,Men's 65kg,Preliminaries,,BONZO Elias,MAW,RYAN Alston,ANT,BONZO Elias,RSC R2 3:00,SAT 1 AUG 2026,As of line,53
Commonwealth Games,2026-08-01,Men's 65kg,Preliminaries,,GRACIA Ewan,GIB,,,GRACIA Ewan,Bye,SAT 1 AUG 2026,As of line,53
Commonwealth Games,2026-08-01,Men's 65kg,Quarter-Finals,,COPE Martez,JAM,KHOAHLI Pooana,LES,KHOAHLI Pooana,WP 5:0,SAT 1 AUG 2026,As of line,53
Commonwealth Games,2026-08-01,Men's 65kg,Quarter-Finals,,AGATHE Ziggy,MRI,WILLIAMS Rashield,BAH,AGATHE Ziggy,WP 5:0,SAT 1 AUG 2026,As of line,53
Commonwealth Games,2026-08-01,Men's 65kg,Quarter-Finals,,LABRIE Gabriel,CAN,KHAN Afzal,PAK,LABRIE Gabriel,WP 5:0,SAT 1 AUG 2026,As of line,53
Commonwealth Games,2026-08-01,Men's 65kg,Quarter-Finals,,CASSAR Jacob,AUS,CAMPBELL Connor,NZL,CASSAR Jacob,WP 5:0,SAT 1 AUG 2026,As of line,53
Commonwealth Games,2026-08-01,Men's 65kg,Quarter-Finals,,BATTE Nuhu,UGA,YADAV Aditya Pratap,IND,BATTE Nuhu,WP 3:2,SAT 1 AUG 2026,As of line,53
Commonwealth Games,2026-08-01,Men's 65kg,Quarter-Finals,,MUGHLAZAI Patris,ENG,HALE John Paul,NIR,MUGHLAZAI Patris,WP 5:0,SAT 1 AUG 2026,As of line,53
Commonwealth Games,2026-08-01,Men's 65kg,Quarter-Finals,,KATEMA Emmanuel,ZAM,CHURCH Leo,SCO,KATEMA Emmanuel,WP 4:0,SAT 1 AUG 2026,As of line,53
Commonwealth Games,2026-08-01,Men's 65kg,Quarter-Finals,,BONZO Elias,MAW,GRACIA Ewan,GIB,BONZO Elias,WP 5:0,SAT 1 AUG 2026,As of line,53
Commonwealth Games,2026-08-01,Men's 65kg,Semi-Finals,,KHOAHLI Pooana,LES,AGATHE Ziggy,MRI,KHOAHLI Pooana,WP 5:0,SAT 1 AUG 2026,As of line,53
Commonwealth Games,2026-08-01,Men's 65kg,Semi-Finals,,LABRIE Gabriel,CAN,CASSAR Jacob,AUS,CASSAR Jacob,WP 3:2,SAT 1 AUG 2026,As of line,53
Commonwealth Games,2026-08-01,Men's 65kg,Semi-Finals,,MUGHLAZAI Patris,ENG,BATTE Nuhu,UGA,MUGHLAZAI Patris,WP 3:0,SAT 1 AUG 2026,As of line,53
Commonwealth Games,2026-08-01,Men's 65kg,Semi-Finals,,KATEMA Emmanuel,ZAM,BONZO Elias,MAW,KATEMA Emmanuel,RSC R2 2:27,SAT 1 AUG 2026,As of line,53
Commonwealth Games,2026-08-01,Men's 65kg,Final,,KHOAHLI Pooana,LES,CASSAR Jacob,AUS,CASSAR Jacob,WP 5:0,SAT 1 AUG 2026,As of line,53
Commonwealth Games,2026-08-01,Men's 65kg,Final,,MUGHLAZAI Patris,ENG,KATEMA Emmanuel,ZAM,MUGHLAZAI Patris,WP 4:1,SAT 1 AUG 2026,As of line,53
Commonwealth Games,2026-08-01,Men's 70kg,Preliminaries,,BONNE Lorenzo,SEY,,,BONNE Lorenzo,Bye,SAT 1 AUG 2026,As of line,54
Commonwealth Games,2026-08-01,Men's 70kg,Preliminaries,,THAI Refiloe,LES,FOLY Ayomide Hassan,NGR,THAI Refiloe,WP 4:0,SAT 1 AUG 2026,As of line,54
Commonwealth Games,2026-08-01,Men's 70kg,Preliminaries,,HOLLEY-SOTOMI Orlando,WAL,,,HOLLEY-SOTOMI Orlando,Bye,SAT 1 AUG 2026,As of line,54
Commonwealth Games,2026-08-01,Men's 70kg,Preliminaries,,HEWITT Paddy,ENG,,,HEWITT Paddy,Bye,SAT 1 AUG 2026,As of line,54
Commonwealth Games,2026-08-01,Men's 70kg,Preliminaries,,QIOKATA Elijah,FIJ,,,QIOKATA Elijah,Bye,SAT 1 AUG 2026,As of line,54
Commonwealth Games,2026-08-01,Men's 70kg,Preliminaries,,NETTEY Precious Akai,GHA,,,NETTEY Precious Akai,Bye,SAT 1 AUG 2026,As of line,54
Commonwealth Games,2026-08-01,Men's 70kg,Preliminaries,,TAAFAKI Pasoni Badi,TUV,,,TAAFAKI Pasoni Badi,Bye,SAT 1 AUG 2026,As of line,54
Commonwealth Games,2026-08-01,Men's 70kg,Preliminaries,,CLAIR Merven,MRI,,,CLAIR Merven,Bye,SAT 1 AUG 2026,As of line,54
Commonwealth Games,2026-08-01,Men's 70kg,Preliminaries,,AH TONG Marion,SAM,,,AH TONG Marion,Bye,SAT 1 AUG 2026,As of line,54
Commonwealth Games,2026-08-01,Men's 70kg,Preliminaries,,KAOMA Tavita,KIR,,,KAOMA Tavita,Bye,SAT 1 AUG 2026,As of line,54
Commonwealth Games,2026-08-01,Men's 70kg,Preliminaries,,KERR Sonny,SCO,,,KERR Sonny,Bye,SAT 1 AUG 2026,As of line,54
Commonwealth Games,2026-08-01,Men's 70kg,Preliminaries,,MAINA Boniface,KEN,,,MAINA Boniface,Bye,SAT 1 AUG 2026,As of line,54
Commonwealth Games,2026-08-01,Men's 70kg,Preliminaries,,HIELD Carl,BAH,,,HIELD Carl,Bye,SAT 1 AUG 2026,As of line,54
Commonwealth Games,2026-08-01,Men's 70kg,Preliminaries,,TALAKA Osward,SOL,,,TALAKA Osward,Bye,SAT 1 AUG 2026,As of line,54
Commonwealth Games,2026-08-01,Men's 70kg,Preliminaries,,SUMIT Sumit,IND,,,SUMIT Sumit,Bye,SAT 1 AUG 2026,As of line,54
Commonwealth Games,2026-08-01,Men's 70kg,Preliminaries,,McCONNELL Jon,NIR,,,McCONNELL Jon,Bye,SAT 1 AUG 2026,As of line,54
Commonwealth Games,2026-08-01,Men's 70kg,Quarter-Finals,,BONNE Lorenzo,SEY,THAI Refiloe,LES,THAI Refiloe,WP 5:0,SAT 1 AUG 2026,As of line,54
Commonwealth Games,2026-08-01,Men's 70kg,Quarter-Finals,,HOLLEY-SOTOMI Orlando,WAL,HEWITT Paddy,ENG,HOLLEY-SOTOMI Orlando,WP 4:1,SAT 1 AUG 2026,As of line,54
Commonwealth Games,2026-08-01,Men's 70kg,Quarter-Finals,,QIOKATA Elijah,FIJ,NETTEY Precious Akai,GHA,NETTEY Precious Akai,RSC R2 1:17,SAT 1 AUG 2026,As of line,54
Commonwealth Games,2026-08-01,Men's 70kg,Quarter-Finals,,TAAFAKI Pasoni Badi,TUV,CLAIR Merven,MRI,CLAIR Merven,WP 5:0,SAT 1 AUG 2026,As of line,54
Commonwealth Games,2026-08-01,Men's 70kg,Quarter-Finals,,AH TONG Marion,SAM,KAOMA Tavita,KIR,AH TONG Marion,RSC R3 0:34,SAT 1 AUG 2026,As of line,54
Commonwealth Games,2026-08-01,Men's 70kg,Quarter-Finals,,KERR Sonny,SCO,MAINA Boniface,KEN,KERR Sonny,WP 3:0,SAT 1 AUG 2026,As of line,54
Commonwealth Games,2026-08-01,Men's 70kg,Quarter-Finals,,HIELD Carl,BAH,TALAKA Osward,SOL,HIELD Carl,WP 3:1,SAT 1 AUG 2026,As of line,54
Commonwealth Games,2026-08-01,Men's 70kg,Quarter-Finals,,SUMIT Sumit,IND,McCONNELL Jon,NIR,McCONNELL Jon,WP 4:1,SAT 1 AUG 2026,As of line,54
Commonwealth Games,2026-08-01,Men's 70kg,Semi-Finals,,THAI Refiloe,LES,HOLLEY-SOTOMI Orlando,WAL,HOLLEY-SOTOMI Orlando,KO R1 1:15,SAT 1 AUG 2026,As of line,54
Commonwealth Games,2026-08-01,Men's 70kg,Semi-Finals,,NETTEY Precious Akai,GHA,CLAIR Merven,MRI,CLAIR Merven,WP 5:0,SAT 1 AUG 2026,As of line,54
Commonwealth Games,2026-08-01,Men's 70kg,Semi-Finals,,AH TONG Marion,SAM,KERR Sonny,SCO,KERR Sonny,WP 5:0,SAT 1 AUG 2026,As of line,54
Commonwealth Games,2026-08-01,Men's 70kg,Semi-Finals,,HIELD Carl,BAH,McCONNELL Jon,NIR,McCONNELL Jon,WO,SAT 1 AUG 2026,As of line,54
Commonwealth Games,2026-08-01,Men's 70kg,Final,,HOLLEY-SOTOMI Orlando,WAL,McCONNELL Jon,NIR,McCONNELL Jon,WP 4:1,SAT 1 AUG 2026,As of line,54
Commonwealth Games,2026-08-01,Men's 80kg,Preliminaries,,ANKUSH Ankush,IND,,,ANKUSH Ankush,Bye,SAT 1 AUG 2026,As of line,55
Commonwealth Games,2026-08-01,Men's 80kg,Preliminaries,,NGWIRA Happy,MAW,JAN Zalaan,ANT,JAN Zalaan,RSC R3 0:23,SAT 1 AUG 2026,As of line,55
Commonwealth Games,2026-08-01,Men's 80kg,Preliminaries,,MICOCK Jade,SEY,DICKS Lio,SOL,MICOCK Jade,WP 5:0,SAT 1 AUG 2026,As of line,55
Commonwealth Games,2026-08-01,Men's 80kg,Preliminaries,,QUINN Eoghan,NIR,,,QUINN Eoghan,Bye,SAT 1 AUG 2026,As of line,55
Commonwealth Games,2026-08-01,Men's 80kg,Preliminaries,,PAPPOE Desmond,GHA,,,PAPPOE Desmond,Bye,SAT 1 AUG 2026,As of line,55
Commonwealth Games,2026-08-01,Men's 80kg,Preliminaries,,THOMAS Jeremiah,TTO,TONGA Josh,TGA,THOMAS Jeremiah,WP 5:0,SAT 1 AUG 2026,As of line,55
Commonwealth Games,2026-08-01,Men's 80kg,Preliminaries,,OFORI Joshua,CAN,SUDAMMA Sithija,SRI,OFORI Joshua,RSC R1 1:21,SAT 1 AUG 2026,As of line,55
Commonwealth Games,2026-08-01,Men's 80kg,Preliminaries,,SARATIBAU Aminiasi,FIJ,,,SARATIBAU Aminiasi,Bye,SAT 1 AUG 2026,As of line,55
Commonwealth Games,2026-08-01,Men's 80kg,Preliminaries,,SHITTU Dimeji,ENG,,,SHITTU Dimeji,Bye,SAT 1 AUG 2026,As of line,55
Commonwealth Games,2026-08-01,Men's 80kg,Preliminaries,,OJOK Alfred,UGA,ANITELEA-LAUNIU Kalani,NIU,OJOK Alfred,WP 5:0,SAT 1 AUG 2026,As of line,55
Commonwealth Games,2026-08-01,Men's 80kg,Preliminaries,,AKINTOLA David,NGR,CHANGALAWE Yusuf Lucasi,TAN,CHANGALAWE Yusuf Lucasi,WP 4:1,SAT 1 AUG 2026,As of line,55
Commonwealth Games,2026-08-01,Men's 80kg,Preliminaries,,OKAKA Robert,KEN,,,OKAKA Robert,Bye,SAT 1 AUG 2026,As of line,55
Commonwealth Games,2026-08-01,Men's 80kg,Preliminaries,,MUA Kua Gunua,PNG,,,MUA Kua Gunua,Bye,SAT 1 AUG 2026,As of line,55
Commonwealth Games,2026-08-01,Men's 80kg,Preliminaries,,IOAPO Dee,SAM,PITT Daniel,WAL,PITT Daniel,WP 5:0,SAT 1 AUG 2026,As of line,55
Commonwealth Games,2026-08-01,Men's 80kg,Preliminaries,,PERRIE Alan,SCO,TRAINOR Paul,AUS,TRAINOR Paul,RSC-I R2 2:23,SAT 1 AUG 2026,As of line,55
Commonwealth Games,2026-08-01,Men's 80kg,Preliminaries,,IPINGE Gebhard Tonateni,NAM,,,IPINGE Gebhard Tonateni,Bye,SAT 1 AUG 2026,As of line,55
Commonwealth Games,2026-08-01,Men's 80kg,Quarter-Finals,,ANKUSH Ankush,IND,JAN Zalaan,ANT,ANKUSH Ankush,WP 5:0,SAT 1 AUG 2026,As of line,55
Commonwealth Games,2026-08-01,Men's 80kg,Quarter-Finals,,MICOCK Jade,SEY,QUINN Eoghan,NIR,MICOCK Jade,WP 4:1,SAT 1 AUG 2026,As of line,55
Commonwealth Games,2026-08-01,Men's 80kg,Quarter-Finals,,PAPPOE Desmond,GHA,THOMAS Jeremiah,TTO,PAPPOE Desmond,WP 3:2,SAT 1 AUG 2026,As of line,55
Commonwealth Games,2026-08-01,Men's 80kg,Quarter-Finals,,OFORI Joshua,CAN,SARATIBAU Aminiasi,FIJ,OFORI Joshua,WO,SAT 1 AUG 2026,As of line,55
Commonwealth Games,2026-08-01,Men's 80kg,Quarter-Finals,,SHITTU Dimeji,ENG,OJOK Alfred,UGA,SHITTU Dimeji,WP 5:0,SAT 1 AUG 2026,As of line,55
Commonwealth Games,2026-08-01,Men's 80kg,Quarter-Finals,,CHANGALAWE Yusuf Lucasi,TAN,OKAKA Robert,KEN,OKAKA Robert,WP 5:0,SAT 1 AUG 2026,As of line,55
Commonwealth Games,2026-08-01,Men's 80kg,Quarter-Finals,,MUA Kua Gunua,PNG,PITT Daniel,WAL,PITT Daniel,WP 5:0,SAT 1 AUG 2026,As of line,55
Commonwealth Games,2026-08-01,Men's 80kg,Quarter-Finals,,TRAINOR Paul,AUS,IPINGE Gebhard Tonateni,NAM,TRAINOR Paul,WP 3:2,SAT 1 AUG 2026,As of line,55
Commonwealth Games,2026-08-01,Men's 80kg,Semi-Finals,,ANKUSH Ankush,IND,MICOCK Jade,SEY,ANKUSH Ankush,WP 5:0,SAT 1 AUG 2026,As of line,55
Commonwealth Games,2026-08-01,Men's 80kg,Semi-Finals,,PAPPOE Desmond,GHA,OFORI Joshua,CAN,OFORI Joshua,RSC R2 2:58,SAT 1 AUG 2026,As of line,55
Commonwealth Games,2026-08-01,Men's 80kg,Semi-Finals,,SHITTU Dimeji,ENG,OKAKA Robert,KEN,SHITTU Dimeji,WP 5:0,SAT 1 AUG 2026,As of line,55
Commonwealth Games,2026-08-01,Men's 80kg,Semi-Finals,,PITT Daniel,WAL,TRAINOR Paul,AUS,TRAINOR Paul,WP 4:1,SAT 1 AUG 2026,As of line,55
Commonwealth Games,2026-08-01,Men's 80kg,Final,,ANKUSH Ankush,IND,OFORI Joshua,CAN,ANKUSH Ankush,WP 5:0,SAT 1 AUG 2026,As of line,55
Commonwealth Games,2026-08-01,Men's 80kg,Final,,SHITTU Dimeji,ENG,TRAINOR Paul,AUS,SHITTU Dimeji,WP 5:0,SAT 1 AUG 2026,As of line,55
Commonwealth Games,2026-08-01,Men's 80kg,Final,,ANKUSH Ankush,IND,SHITTU Dimeji,ENG,ANKUSH Ankush,WP 4:1,SAT 1 AUG 2026,As of line,55
commonwealth games GLASGOW 2026,2026-08-01,Men's 90kg,Quarter-Finals,,HOLO TUTAKITOA-WILLIAMS Duken,NIU,,,HOLO TUTAKITOA-WILLIAMS Duken,Bye,SAT 1 AUG 2026,As of line,56
commonwealth games GLASGOW 2026,2026-08-01,Men's 90kg,Quarter-Finals,,WILLIAMS Connor,WAL,KOTZE Petrus Jacobus,NAM,WILLIAMS Connor,RSC R2 2:11,SAT 1 AUG 2026,As of line,56
commonwealth games GLASGOW 2026,2026-08-01,Men's 90kg,Quarter-Finals,,MUNTARI Jibril,GHA,,,MUNTARI Jibril,Bye,SAT 1 AUG 2026,As of line,56
commonwealth games GLASGOW 2026,2026-08-01,Men's 90kg,Quarter-Finals,,McALLISTER Garyn,NIR,,,McALLISTER Garyn,Bye,SAT 1 AUG 2026,As of line,56
commonwealth games GLASGOW 2026,2026-08-01,Men's 90kg,Quarter-Finals,,OKOH Isaac,ENG,,,OKOH Isaac,Bye,SAT 1 AUG 2026,As of line,56
commonwealth games GLASGOW 2026,2026-08-01,Men's 90kg,Quarter-Finals,,POKHARIYA Kapil,IND,,,POKHARIYA Kapil,Bye,SAT 1 AUG 2026,As of line,56
commonwealth games GLASGOW 2026,2026-08-01,Men's 90kg,Quarter-Finals,,LAWSON Lachlan,AUS,McNULTY Robert,SCO,McNULTY Robert,WP 5:0,SAT 1 AUG 2026,As of line,56
commonwealth games GLASGOW 2026,2026-08-01,Men's 90kg,Semi-Finals,,HOLO TUTAKITOA-WILLIAMS Duken,NIU,WILLIAMS Connor,WAL,WILLIAMS Connor,WP 4:1,SAT 1 AUG 2026,As of line,56
commonwealth games GLASGOW 2026,2026-08-01,Men's 90kg,Semi-Finals,,OKOH Isaac,ENG,POKHARIYA Kapil,IND,OKOH Isaac,WP 5:0,SAT 1 AUG 2026,As of line,56
commonwealth games GLASGOW 2026,2026-08-01,Men's 90kg,Final,,WILLIAMS Connor,WAL,OKOH Isaac,ENG,OKOH Isaac,WP 5:0,SAT 1 AUG 2026,As of line,56
Commonwealth Games,2026-08-01,Men's 90+kg,Quarter-Finals,,NARENDER Narender,IND,SEKO Michael,SAM,NARENDER Narender,WP 3:2,SAT 1 AUG 2026,As of line,57
Commonwealth Games,2026-08-01,Men's 90+kg,Quarter-Finals,,PAUL Nigel,TTO,SALIFOU Ramzi,TOG,PAUL Nigel,WP 5:0,SAT 1 AUG 2026,As of line,57
Commonwealth Games,2026-08-01,Men's 90+kg,Quarter-Finals,,PLANGE Daniel,GHA,McCARTAN William John,NIR,McCARTAN William John,WP 5:0,SAT 1 AUG 2026,As of line,57
Commonwealth Games,2026-08-01,Men's 90+kg,Quarter-Finals,,ABDUL Aziz,UGA,THOMAS Damar,ENG,THOMAS Damar,DSQ R3 1:14,SAT 1 AUG 2026,As of line,57
Commonwealth Games,2026-08-01,Men's 90+kg,Semi-Finals,,NARENDER Narender,IND,PAUL Nigel,TTO,NARENDER Narender,WP 5:0,SAT 1 AUG 2026,As of line,57
Commonwealth Games,2026-08-01,Men's 90+kg,Semi-Finals,,McCARTAN William John,NIR,THOMAS Damar,ENG,THOMAS Damar,WO,SAT 1 AUG 2026,As of line,57
Commonwealth Games,2026-08-01,Men's 90+kg,Final,,NARENDER Narender,IND,THOMAS Damar,ENG,THOMAS Damar,WP 5:0,SAT 1 AUG 2026,As of line,57
