event,division,page_type,rank,name,country,previous_rank,points_total,page
WORLD BOXING,WOMEN'S 48KG RANKINGS,ranking_table,1,Minakshi MINAKSHI,IND,1,2225.0,2
WORLD BOXING,WOMEN'S 48KG RANKINGS,ranking_table,2,Nazym KYZAIBAY,KAZ,2,1262.5,2
WORLD BOXING,WOMEN'S 48KG RANKINGS,ranking_table,3,Sabina BOBOKULOVA,UZB,3,600.0,2
WORLD BOXING,WOMEN'S 48KG RANKINGS,ranking_table,4,Enkh-Amgalan NOMUNDARI,MGL,4,500.0,2
WORLD BOXING,WOMEN'S 48KG RANKINGS,ranking_table,5,Hiraku SHINOHARA,JPN,5,468.75,2
WORLD BOXING,WOMEN'S 48KG RANKINGS,ranking_table,6,Altansetseg LUTSAIKHAN,MGL,6,450.0,2
WORLD BOXING,WOMEN'S 48KG RANKINGS,ranking_table,7,Fozilova FARZONA,UZB,8,400.0,2
WORLD BOXING,WOMEN'S 48KG RANKINGS,ranking_table,8,Hanna OKHOTA,UKR,7,337.5,2
WORLD BOXING,WOMEN'S 48KG RANKINGS,ranking_table,9,Giovanna MARCHESE,ITA,8,300.0,2
WORLD BOXING,WOMEN'S 48KG RANKINGS,ranking_table,9,Sattibayeva ALGERIM,KAZ,8,300.0,2
WORLD BOXING,WOMEN'S 48KG RANKINGS,ranking_table,9,Yodwaree THIPSATCHA,THA,8,300.0,2
WORLD BOXING,WOMEN'S 48KG RANKINGS,ranking_table,12,Alice PUMPHREY,ENG,12,225.0,2
WORLD BOXING,WOMEN'S 48KG RANKINGS,ranking_table,13,Milagros Tatiana FLORES,ARG,13,187.5,2
WORLD BOXING,WOMEN'S 48KG RANKINGS,ranking_table,14,Fatima HERRERA,MEX,18,175.0,2
WORLD BOXING,WOMEN'S 48KG RANKINGS,ranking_table,15,Jyoti JYOTI,IND,x,150.0,2
WORLD BOXING,WOMEN'S 48KG RANKINGS,ranking_table,15,Anh Pham THI QUYNH,VIE,14,150.0,2
WORLD BOXING,WOMEN'S 48KG RANKINGS,ranking_table,15,Wangmo CHIMMI,BHU,14,150.0,2
WORLD BOXING,WOMEN'S 48KG RANKINGS,ranking_table,15,Yuka SADAMATSU,JPN,14,150.0,2
WORLD BOXING,WOMEN'S 48KG RANKINGS,ranking_table,19,Bak CHORONG,KOR,17,112.5,2
WORLD BOXING,WOMEN'S 48KG RANKINGS,ranking_table,20,Angelika KRYSZTOFORSKA,POL,x,75.0,2
WORLD BOXING,WOMEN'S 48KG RANKINGS,ranking_table,20,MARTA LÓPEZ DEL ÁRBOL,ESP,19,75.0,2
WORLD BOXING,WOMEN'S 48KG RANKINGS,ranking_table,22,Radija GAMA,BRA,20,71.25,2
WORLD BOXING,WOMEN'S 48KG RANKINGS,ranking_table,23,Yi-xuan GUO,TPE,21,56.25,2
WORLD BOXING,WOMEN'S 48KG RANKINGS,ranking_table,23,Nurselen YALGETTEKIN,TUR,21,56.25,2
WORLD BOXING,WOMEN'S 48KG RANKINGS,ranking_table,25,Nicole DURIKOVA,SVK,23,22.5,2
WORLD BOXING,WOMEN'S 48KG RANKINGS,ranking_table,26,Ahadi LUKUNGU,NOR,24,11.25,2
WORLD BOXING,WOMEN'S 48KG RANKINGS,ranking_table,26,Alexa GOMEZ,MEX,24,11.25,2
WORLD BOXING,WOMEN'S 51KG RANKINGS,ranking_table,1,Wu YU,CHN,1,1950.0,3
WORLD BOXING,WOMEN'S 51KG RANKINGS,ranking_table,2,Buse CAKIROGLU,TUR,2,1400.0,3
WORLD BOXING,WOMEN'S 51KG RANKINGS,ranking_table,3,Alua BALKIBEKOVA,KAZ,3,1275.0,3
WORLD BOXING,WOMEN'S 51KG RANKINGS,ranking_table,4,Zareen NIKHAT,IND,4,750.0,3
WORLD BOXING,WOMEN'S 51KG RANKINGS,ranking_table,5,Yi-Xuan GUO,TPE,5,675.0,3
WORLD BOXING,WOMEN'S 51KG RANKINGS,ranking_table,6,Xinyu QI,CHN,6,600.0,3
WORLD BOXING,WOMEN'S 51KG RANKINGS,ranking_table,7,Byol An KUM,PRK,7,500.0,3
WORLD BOXING,WOMEN'S 51KG RANKINGS,ranking_table,8,Feruza KAZAKOVA,UZB,8,450.0,3
WORLD BOXING,WOMEN'S 51KG RANKINGS,ranking_table,9,Pihla KAIVO-OJA,FIN,9,425.0,3
WORLD BOXING,WOMEN'S 51KG RANKINGS,ranking_table,10,Mungunsaran BALSAN,MGL,10,375.0,3
WORLD BOXING,WOMEN'S 51KG RANKINGS,ranking_table,11,Wassila LKHADIRI,FRA,11,306.25,3
WORLD BOXING,WOMEN'S 51KG RANKINGS,ranking_table,12,Laura FUERTES FERNANDEZ,ESP,13,300.0,3
WORLD BOXING,WOMEN'S 51KG RANKINGS,ranking_table,13,Gulsevar GANIEVA,UZB,12,262.5,3
WORLD BOXING,WOMEN'S 51KG RANKINGS,ranking_table,14,Romane MOULAI,FRA,18,175.0,3
WORLD BOXING,WOMEN'S 51KG RANKINGS,ranking_table,15,Chorong BAK,KOR,14,150.0,3
WORLD BOXING,WOMEN'S 51KG RANKINGS,ranking_table,15,Xian BAGUIHN,PHI,14,150.0,3
WORLD BOXING,WOMEN'S 51KG RANKINGS,ranking_table,17,Zhaziya URAKBAYEVA,KAZ,16,112.5,3
WORLD BOXING,WOMEN'S 51KG RANKINGS,ranking_table,17,Zhansaya RAKHYMBERDI,KAZ,16,112.5,3
WORLD BOXING,WOMEN'S 51KG RANKINGS,ranking_table,19,Minakshi MINAKSHI,IND,x,100.0,3
WORLD BOXING,WOMEN'S 51KG RANKINGS,ranking_table,19,Guanxia XIONG,CHN,18,100.0,3
WORLD BOXING,WOMEN'S 51KG RANKINGS,ranking_table,21,Noelle HARO,USA,20,75.0,3
WORLD BOXING,WOMEN'S 51KG RANKINGS,ranking_table,21,Yu-Shan LIU,TPE,20,75.0,3
WORLD BOXING,WOMEN'S 51KG RANKINGS,ranking_table,21,Lalita CHAINARONG,THA,20,75.0,3
WORLD BOXING,WOMEN'S 51KG RANKINGS,ranking_table,21,Rinka KINOSHITA,JPN,20,75.0,3
WORLD BOXING,WOMEN'S 51KG RANKINGS,ranking_table,21,Lucia AYARI,ITA,20,75.0,3
WORLD BOXING,WOMEN'S 51KG RANKINGS,ranking_table,26,Natalia KUCZEWSKA,POL,25,56.25,3
WORLD BOXING,WOMEN'S 51KG RANKINGS,ranking_table,26,Jennifer LOZANO,USA,25,56.25,3
WORLD BOXING,WOMEN'S 51KG RANKINGS,ranking_table,26,Caroline BARBOSA DE ALMEIDA,BRA,25,56.25,3
WORLD BOXING,WOMEN'S 51KG RANKINGS,ranking_table,29,Danisha MATHIALAGAN,SGP,28,50.0,3
WORLD BOXING,WOMEN'S 51KG RANKINGS,ranking_table,30,Altansetseg LUTSAIKHAN,MGL,29,37.5,3
WORLD BOXING,WOMEN'S 51KG RANKINGS,ranking_table,30,Janarguli BYEISENBYEI,MGL,29,37.5,3
WORLD BOXING,WOMEN'S 51KG RANKINGS,ranking_table,32,Yuna NISHINAKA,JPN,31,22.5,3
WORLD BOXING,WOMEN'S 51KG RANKINGS,ranking_table,33,Mckenzie WRIGHT,CAN,32,11.25,3
WORLD BOXING,WOMEN'S 51KG RANKINGS,ranking_table,33,Maxi KLOTZER,GER,32,11.25,3
WORLD BOXING,WOMEN'S 51KG RANKINGS,ranking_table,34,Laura MYLLYMÄKI,FIN,32,7.5,3
WORLD BOXING,WOMEN'S 51KG RANKINGS,ranking_table,35,Ahadi LUKUNGU,NOR,32,7.5,3
WORLD BOXING,WOMEN'S 54KG RANKINGS,ranking_table,1,Hsiao-Wen HUANG,TPE,1,1887.5,4
WORLD BOXING,WOMEN'S 54KG RANKINGS,ranking_table,2,Aeji IM,KOR,2,1225.0,4
WORLD BOXING,WOMEN'S 54KG RANKINGS,ranking_table,3,Preeti PREETI,IND,3,1025.0,4
WORLD BOXING,WOMEN'S 54KG RANKINGS,ranking_table,4,Yoseline PEREZ,USA,4,937.5,4
WORLD BOXING,WOMEN'S 54KG RANKINGS,ranking_table,5,Hatice AKBAS,TUR,5,875.0,4
WORLD BOXING,WOMEN'S 54KG RANKINGS,ranking_table,6,Sirine CHARABAI,ITA,6,756.25,4
WORLD BOXING,WOMEN'S 54KG RANKINGS,ranking_table,7,Zhao XUAN,CHN,7,300.0,4
WORLD BOXING,WOMEN'S 54KG RANKINGS,ranking_table,7,Tatiana De Jesus CHAGAS,BRA,7,300.0,4
WORLD BOXING,WOMEN'S 54KG RANKINGS,ranking_table,9,Wiktoria ROGALINSKA,POL,9,281.25,4
WORLD BOXING,WOMEN'S 54KG RANKINGS,ranking_table,10,Chongprongklang Natchina,THA,13,225.0,4
WORLD BOXING,WOMEN'S 54KG RANKINGS,ranking_table,10,Ariadna Jeanette GIL,MEX,10,225.0,4
WORLD BOXING,WOMEN'S 54KG RANKINGS,ranking_table,10,Nigina UKTAMOVA,UZB,10,225.0,4
WORLD BOXING,WOMEN'S 54KG RANKINGS,ranking_table,13,Yesugen OYUNTSETSEG,MGL,12,175.0,4
WORLD BOXING,WOMEN'S 54KG RANKINGS,ranking_table,14,Nazym KYZAIBAY,KAZ,x,150.0,4
WORLD BOXING,WOMEN'S 54KG RANKINGS,ranking_table,14,Namiki TSUKIMI,JPN,13,150.0,4
WORLD BOXING,WOMEN'S 54KG RANKINGS,ranking_table,14,Munguntsetseg ENKHJARGAL,MGL,13,150.0,4
WORLD BOXING,WOMEN'S 54KG RANKINGS,ranking_table,14,Wagmo KINGA,BHU,13,150.0,4
WORLD BOXING,WOMEN'S 54KG RANKINGS,ranking_table,14,Yunnan GAN,CHN,13,150.0,4
WORLD BOXING,WOMEN'S 54KG RANKINGS,ranking_table,19,Lauren MACKIE,ENG,18,131.25,4
WORLD BOXING,WOMEN'S 54KG RANKINGS,ranking_table,20,Sakshi SAKSHI,IND,19,112.5,4
WORLD BOXING,WOMEN'S 54KG RANKINGS,ranking_table,21,Sara ĆIRKOVIĆ,SRB,20,100.0,4
WORLD BOXING,WOMEN'S 54KG RANKINGS,ranking_table,22,Wassila LKHADIRI,FRA,x,75.0,4
WORLD BOXING,WOMEN'S 54KG RANKINGS,ranking_table,22,Widad BERTAL,MAR,21,75.0,4
WORLD BOXING,WOMEN'S 54KG RANKINGS,ranking_table,24,Ivy-Jane SMITH,ENG,22,62.5,4
WORLD BOXING,WOMEN'S 54KG RANKINGS,ranking_table,25,Feruza KAZAKOVA,UZB,23,56.25,4
WORLD BOXING,WOMEN'S 54KG RANKINGS,ranking_table,26,Michidmaa ERDENEDALAI,MGL,24,50.0,4
WORLD BOXING,WOMEN'S 54KG RANKINGS,ranking_table,27,Khulan PUREVDORJ,MGL,25,37.5,4
WORLD BOXING,WOMEN'S 54KG RANKINGS,ranking_table,28,Charley DAVIDSON,ENG,26,22.5,4
WORLD BOXING,WOMEN'S 54KG RANKINGS,ranking_table,29,Teresa MÄKINEN,FIN,27,15.0,4
WORLD BOXING,WOMEN'S 54KG RANKINGS,ranking_table,30,Hanna LAKOTAR,HUN,28,11.25,4
WORLD BOXING,WOMEN'S 54KG RANKINGS,ranking_table,31,Tatjana OBERMEIER,GER,29,7.5,4
WORLD BOXING,WOMEN'S 54KG RANKINGS,ranking_table,31,Anabelle BRUUN,NOR,29,7.5,4
WORLD BOXING,WOMEN'S 57KG RANKINGS,ranking_table,1,Jaismine JAISIMINE,IND,1,1962.5,5
WORLD BOXING,WOMEN'S 57KG RANKINGS,ranking_table,2,Julia SZEREMETA,POL,2,1475.0,5
WORLD BOXING,WOMEN'S 57KG RANKINGS,ranking_table,3,Yu-Ting LIN,TPE,3,1000.0,5
WORLD BOXING,WOMEN'S 57KG RANKINGS,ranking_table,4,Punrawee RUERNOS,THA,4,800.0,5
WORLD BOXING,WOMEN'S 57KG RANKINGS,ranking_table,5,Carolina ALCALA CEGOVIA,VEN,5,600.0,5
WORLD BOXING,WOMEN'S 57KG RANKINGS,ranking_table,6,Jucielen ROMEU,BRA,6,587.5,5
WORLD BOXING,WOMEN'S 57KG RANKINGS,ranking_table,7,Shih-Yi WU,TPE,7,506.25,5
WORLD BOXING,WOMEN'S 57KG RANKINGS,ranking_table,8,Nigina UKTAMOVA,UZB,12,450.0,5
WORLD BOXING,WOMEN'S 57KG RANKINGS,ranking_table,8,Valeria ARBOLEDA MENDOZA,COL,8,450.0,5
WORLD BOXING,WOMEN'S 57KG RANKINGS,ranking_table,10,Esra YILDIZ,TUR,9,400.0,5
WORLD BOXING,WOMEN'S 57KG RANKINGS,ranking_table,11,Gabriella WEERHEIM,NED,10,325.0,5
WORLD BOXING,WOMEN'S 57KG RANKINGS,ranking_table,12,Ulzhan SARSENBEK,KAZ,11,318.75,5
WORLD BOXING,WOMEN'S 57KG RANKINGS,ranking_table,13,Mijgona SAMADOVA,TJK,12,300.0,5
WORLD BOXING,WOMEN'S 57KG RANKINGS,ranking_table,14,Enkhjargal UNGUNTSETSEG,MGL,,250.0,5
WORLD BOXING,WOMEN'S 57KG RANKINGS,ranking_table,15,Ziyi CHEN,CHN,18,225.0,5
WORLD BOXING,WOMEN'S 57KG RANKINGS,ranking_table,15,Khumorabonu MAMAJONOVA,UZB,,225.0,5
WORLD BOXING,WOMEN'S 57KG RANKINGS,ranking_table,15,Karina IBRAGIMOVA,KAZ,17,225.0,5
WORLD BOXING,WOMEN'S 57KG RANKINGS,ranking_table,18,Vivien PARSONS,ENG,17,171.25,5
WORLD BOXING,WOMEN'S 57KG RANKINGS,ranking_table,19,Nomin-Erdene TUGSJARGAL,MGL,18,150.0,5
WORLD BOXING,WOMEN'S 57KG RANKINGS,ranking_table,19,Ching-Yu YAO,TPE,18,150.0,5
WORLD BOXING,WOMEN'S 57KG RANKINGS,ranking_table,21,Ahhyeon PARK,KOR,21,112.5,5
WORLD BOXING,WOMEN'S 57KG RANKINGS,ranking_table,22,Prachi PRACHI,IND,x,100.0,5
WORLD BOXING,WOMEN'S 57KG RANKINGS,ranking_table,22,Kukhta VLADISLAVA,HUN,22,100.0,5
WORLD BOXING,WOMEN'S 57KG RANKINGS,ranking_table,24,Amina ZIDANI,FRA,x,75.0,5
WORLD BOXING,WOMEN'S 57KG RANKINGS,ranking_table,24,Delfina ARANCIBIA,ARG,23,75.0,5
WORLD BOXING,WOMEN'S 57KG RANKINGS,ranking_table,24,Preedakamon TINTABTHAI,THA,23,75.0,5
WORLD BOXING,WOMEN'S 57KG RANKINGS,ranking_table,24,Satsuki YOSHIZAWA,JPN,23,75.0,5
WORLD BOXING,WOMEN'S 57KG RANKINGS,ranking_table,28,Aidana ZABYNBEKOVA,KAZ,26,56.25,5
WORLD BOXING,WOMEN'S 57KG RANKINGS,ranking_table,29,Mulan RUAN,CHN,27,50.0,5
WORLD BOXING,WOMEN'S 57KG RANKINGS,ranking_table,30,Bolortuul TUMURKHUYAG,MGL,28,37.5,5
WORLD BOXING,WOMEN'S 57KG RANKINGS,ranking_table,30,Oyun-Erdene NERGUI,MGL,28,37.5,5
WORLD BOXING,WOMEN'S 57KG RANKINGS,ranking_table,30,Alyssa MENDOZA,USA,28,37.5,5
WORLD BOXING,WOMEN'S 57KG RANKINGS,ranking_table,33,Michidmaa ERDENEDALAI,MGL,31,22.5,5
WORLD BOXING,WOMEN'S 57KG RANKINGS,ranking_table,34,Laura Djida AKRAM,PAK,32,11.25,5
WORLD BOXING,WOMEN'S 60KG RANKINGS,ranking_table,1,Rebeca DE LIMA SANTOS,BRA,1,1400.0,6
WORLD BOXING,WOMEN'S 60KG RANKINGS,ranking_table,2,Aneta RYGIELSKA,POL,2,1012.5,6
WORLD BOXING,WOMEN'S 60KG RANKINGS,ranking_table,3,Viktoriya GRAFEYEVA,KAZ,4,862.5,6
WORLD BOXING,WOMEN'S 60KG RANKINGS,ranking_table,4,Priya PRIYA,IND,3,800.0,6
WORLD BOXING,WOMEN'S 60KG RANKINGS,ranking_table,5,Chengyu YANG,CHN,6,675.0,6
WORLD BOXING,WOMEN'S 60KG RANKINGS,ranking_table,6,Ayaka TAGUCHI,JPN,5,600.0,6
WORLD BOXING,WOMEN'S 60KG RANKINGS,ranking_table,7,Yeonji OH,KOR,7,525.0,6
WORLD BOXING,WOMEN'S 60KG RANKINGS,ranking_table,8,Un-Gyong WON,PRK,8,500.0,6
WORLD BOXING,WOMEN'S 60KG RANKINGS,ranking_table,9,Yu-Ting LIN,TPE,11,400.0,6
WORLD BOXING,WOMEN'S 60KG RANKINGS,ranking_table,9,Shih-Yi WU,TPE,9,400.0,6
WORLD BOXING,WOMEN'S 60KG RANKINGS,ranking_table,11,Namuun MONKHOR,MGL,10,375.0,6
WORLD BOXING,WOMEN'S 60KG RANKINGS,ranking_table,12,Sitora TURDIBEKOVA,UZB,13,300.0,6
WORLD BOXING,WOMEN'S 60KG RANKINGS,ranking_table,13,Angie VALDES PANA,COL,12,250.0,6
WORLD BOXING,WOMEN'S 60KG RANKINGS,ranking_table,14,Parveen PARVEEN,IND,13,225.0,6
WORLD BOXING,WOMEN'S 60KG RANKINGS,ranking_table,14,Camila Gabriela CAMILO BRAVO,COL,13,225.0,6
WORLD BOXING,WOMEN'S 60KG RANKINGS,ranking_table,16,Elise GLYNN,ENG,,221.25,6
WORLD BOXING,WOMEN'S 60KG RANKINGS,ranking_table,17,Mushtariybonu IBROKHIMJONOVA,UZB,,150.0,6
WORLD BOXING,WOMEN'S 60KG RANKINGS,ranking_table,18,Rebecca NICOLI,ITA,,112.5,6
WORLD BOXING,WOMEN'S 60KG RANKINGS,ranking_table,19,Maud VAN DER TOON,NED,,82.5,6
WORLD BOXING,WOMEN'S 60KG RANKINGS,ranking_table,20,Yu TIAN,CHN,,75.0,6
WORLD BOXING,WOMEN'S 60KG RANKINGS,ranking_table,21,Tina RAHIMI,AUS,,56.25,6
WORLD BOXING,WOMEN'S 60KG RANKINGS,ranking_table,21,Sanju SANJU,IND,,56.25,6
WORLD BOXING,WOMEN'S 60KG RANKINGS,ranking_table,21,Lucy KINGS-WHEATLEY,ENG,,56.25,6
WORLD BOXING,WOMEN'S 60KG RANKINGS,ranking_table,24,Jinwen WANG,CHN,,37.5,6
WORLD BOXING,WOMEN'S 60KG RANKINGS,ranking_table,25,Marif AL AHMADIEIT,CAN,,22.5,6
WORLD BOXING,WOMEN'S 60KG RANKINGS,ranking_table,26,Jajaira GONZALEZ,USA,,11.25,6
WORLD BOXING,WOMEN'S 60KG RANKINGS,ranking_table,27,Ramona GRAEFF,GER,,7.5,6
,WOMEN'S 65KG RANKINGS,ranking_table,1,Nien-Chin CHEN,TPE,1,1875.0,7
,WOMEN'S 65KG RANKINGS,ranking_table,2,Aida ABIKEYEVA,KAZ,2,1356.25,7
,WOMEN'S 65KG RANKINGS,ranking_table,3,Navbakhor Khamidova,UZB,3,1262.5,7
,WOMEN'S 65KG RANKINGS,ranking_table,4,Liu YANG,CHN,4,875.0,7
,WOMEN'S 65KG RANKINGS,ranking_table,5,Busenaz SURMENELI,TUR,5,550.0,7
,WOMEN'S 65KG RANKINGS,ranking_table,6,Sacha HICKEY,ENG,8,512.5,7
,WOMEN'S 65KG RANKINGS,ranking_table,7,Hyo Sun HWANG,PRK,6,500.0,7
,WOMEN'S 65KG RANKINGS,ranking_table,8,Grainne Mary WALSH,IRL,7,450.0,7
,WOMEN'S 65KG RANKINGS,ranking_table,9,Kinga KROWKA,POL,11,375.0,7
,WOMEN'S 65KG RANKINGS,ranking_table,9,Shu LI,CHN,9,375.0,7
,WOMEN'S 65KG RANKINGS,ranking_table,11,Oshin DERIEUW,BEL,10,362.5,7
,WOMEN'S 65KG RANKINGS,ranking_table,12,Ankushita BORO,IND,11,300.0,7
,WOMEN'S 65KG RANKINGS,ranking_table,12,Dione BURMAN,ENG,11,300.0,7
,WOMEN'S 65KG RANKINGS,ranking_table,14,Anna HAMORI,HUN,,272.5,7
,WOMEN'S 65KG RANKINGS,ranking_table,15,Sukyong KANG,KOR,15,187.5,7
,WOMEN'S 65KG RANKINGS,ranking_table,16,Beatriz FERREIRA,BRA,x,150.0,7
,WOMEN'S 65KG RANKINGS,ranking_table,16,Tsetsegdari MYAGMARSUREN,MGL,16,150.0,7
,WOMEN'S 65KG RANKINGS,ranking_table,16,Feruza ABDUALIMOVA,UZB,16,150.0,7
,WOMEN'S 65KG RANKINGS,ranking_table,16,Laura YESSENKELDI,KAZ,16,150.0,7
,WOMEN'S 65KG RANKINGS,ranking_table,16,Porntip BUAPA,THA,16,150.0,7
,WOMEN'S 65KG RANKINGS,ranking_table,20,Kayla ALLEN,ENG,20,125.0,7
,WOMEN'S 65KG RANKINGS,ranking_table,22,Morelle MCCANE,USA,21,123.75,7
,WOMEN'S 65KG RANKINGS,ranking_table,23,Neeraj PHOGAT,IND,22,112.5,7
,WOMEN'S 65KG RANKINGS,ranking_table,24,Beatriz OLIVEIRA SOARES,BRA,23,86.25,7
,WOMEN'S 65KG RANKINGS,ranking_table,25,Hongeun CHOI,KOR,24,50.0,7
,WOMEN'S 65KG RANKINGS,ranking_table,26,Chiara SARAIELLO,ITA,25,37.5,7
,WOMEN'S 65KG RANKINGS,ranking_table,26,Sarnaitsetseg ERDENEBAT,MGL,25,37.5,7
,WOMEN'S 65KG RANKINGS,ranking_table,28,Madeleine ANGELSEN,NOR,27,15.0,7
,WOMEN'S 65KG RANKINGS,ranking_table,29,Krista KOVALAINEN,FIN,28,7.5,7
,WOMEN'S 65KG RANKINGS,ranking_table,29,Charlotta SCHUENEMANN,GER,28,7.5,7
,WOMEN'S 70KG RANKINGS,ranking_table,1,Natalya BOGDANOVA,KAZ,1,1237.5,8
,WOMEN'S 70KG RANKINGS,ranking_table,2,Arundhati CHOUDHARY,IND,2,1025.0,8
,WOMEN'S 70KG RANKINGS,ranking_table,3,Lekeisha PERGOLITI,AUS,3,1000.0,8
,WOMEN'S 70KG RANKINGS,ranking_table,4,Aziza ZOKIROVA,UZB,4,600.0,8
,WOMEN'S 70KG RANKINGS,ranking_table,5,Chantelle REID,ENG,6,525.0,8
,WOMEN'S 70KG RANKINGS,ranking_table,6,Bakyt SEIDISH,KAZ,5,500.0,8
,WOMEN'S 70KG RANKINGS,ranking_table,7,Leonie MULLER,GER,6,450.0,8
,WOMEN'S 70KG RANKINGS,ranking_table,8,Liu YANG,CHN,14,300.0,8
,WOMEN'S 70KG RANKINGS,ranking_table,8,Oysha TOIROVA,UZB,8,300.0,8
,WOMEN'S 70KG RANKINGS,ranking_table,8,Alimire ABUDUREYIMU,CHN,8,300.0,8
,WOMEN'S 70KG RANKINGS,ranking_table,11,Sema CALISKAN,TUR,10,225.0,8
,WOMEN'S 70KG RANKINGS,ranking_table,11,Lisa Edel O'ROURKE,IRL,10,225.0,8
,WOMEN'S 70KG RANKINGS,ranking_table,11,Mengge ZHANG,CHN,10,225.0,8
,WOMEN'S 70KG RANKINGS,ranking_table,14,Barbara MARCINKOWSKA,POL,13,187.5,8
,WOMEN'S 70KG RANKINGS,ranking_table,15,Sujin SEON,KOR,14,150.0,8
,WOMEN'S 70KG RANKINGS,ranking_table,16,Anastasiaa CHERNOKOLENKO,UKR,16,112.5,8
,WOMEN'S 70KG RANKINGS,ranking_table,17,Maelys RICHOL,FRA,x,100.0,8
,WOMEN'S 70KG RANKINGS,ranking_table,18,Isabella WINKLER,USA,17,75.0,8
,WOMEN'S 70KG RANKINGS,ranking_table,19,Patricia MBATA,NGR,18,56.25,8
,WOMEN'S 70KG RANKINGS,ranking_table,19,Queila BRAGA,BRA,18,56.25,8
,WOMEN'S 70KG RANKINGS,ranking_table,20,Barbara dos SANTOS,BRA,20,37.5,8
,WOMEN'S 70KG RANKINGS,ranking_table,21,Marie-Angelis ROSENDO,USA,21,22.5,8
,WOMEN'S 70KG RANKINGS,ranking_table,22,Darianne HERNANDEZ,MEX,22,11.25,8
,WOMEN'S 75KG RANKINGS,ranking_table,1,Aoife O'ROURKE,IRL,1,1125.0,9
,WOMEN'S 75KG RANKINGS,ranking_table,2,Ziyi BAO,CHN,3,950.0,9
,WOMEN'S 75KG RANKINGS,ranking_table,3,Busra ISILDAR,TUR,2,881.25,9
,WOMEN'S 75KG RANKINGS,ranking_table,4,Emma Sue GREENTREE,AUS,4,750.0,9
,WOMEN'S 75KG RANKINGS,ranking_table,5,Aziza ZOKIROVA,UZB,6,631.25,9
,WOMEN'S 75KG RANKINGS,ranking_table,6,Sunniva HOFSTAD,NOR,5,600.0,9
,WOMEN'S 75KG RANKINGS,ranking_table,7,Lovlina BORGOHAIN,IND,7,550.0,9
,WOMEN'S 75KG RANKINGS,ranking_table,8,Lina WANG,CHN,8,450.0,9
,WOMEN'S 75KG RANKINGS,ranking_table,9,Viviane PEREIRA,BRA,9,418.75,9
,WOMEN'S 75KG RANKINGS,ranking_table,10,Valentina KHALZOVA,KAZ,10,300.0,9
,WOMEN'S 75KG RANKINGS,ranking_table,10,Suyeon SEONG,KOR,10,300.0,9
,WOMEN'S 75KG RANKINGS,ranking_table,12,Melissa GEMINI,ITA,12,247.5,9
,WOMEN'S 75KG RANKINGS,ranking_table,13,Mary-Kate SMITH,ENG,13,225.0,9
,WOMEN'S 75KG RANKINGS,ranking_table,13,Naomi GRAHAM,USA,13,225.0,9
,WOMEN'S 75KG RANKINGS,ranking_table,15,Yu-Ting JHUO,TPE,15,150.0,9
,WOMEN'S 75KG RANKINGS,ranking_table,15,Naoko KASAHARA,JPN,15,150.0,9
,WOMEN'S 75KG RANKINGS,ranking_table,17,Saweety SAWEETY,IND,17,112.5,9
,WOMEN'S 75KG RANKINGS,ranking_table,18,Tammara THIBEAULT,CAN,x,100.0,9
,WOMEN'S 75KG RANKINGS,ranking_table,18,Barbara SANTOS,BRA,18,100.0,9
,WOMEN'S 75KG RANKINGS,ranking_table,20,Agata KACZMARSKA,POL,x,75.0,9
,WOMEN'S 75KG RANKINGS,ranking_table,20,Nadezhaa RYABETS,KAZ,19,75.0,9
,WOMEN'S 75KG RANKINGS,ranking_table,22,Oliwia TOROREK,POL,20,56.25,9
,WOMEN'S 75KG RANKINGS,ranking_table,23,Livy SCHEIBE,GER,21,26.25,9
,WOMEN'S 75KG RANKINGS,ranking_table,24,Mari SILLANSUO,FIN,22,7.5,9
WOMEN'S 80KG RANKINGS,WOMEN'S 80KG RANKINGS,ranking_table,1,Eseta FLINT,AUS,1,1237.5,10
WOMEN'S 80KG RANKINGS,WOMEN'S 80KG RANKINGS,ranking_table,2,Pooja Rani POOJA RANI,IND,2,975.0,10
WOMEN'S 80KG RANKINGS,WOMEN'S 80KG RANKINGS,ranking_table,3,Nadezhda RYABETS,KAZ,3,800.0,10
WOMEN'S 80KG RANKINGS,WOMEN'S 80KG RANKINGS,ranking_table,4,Emily ASQUITH,ENG,4,750.0,10
WOMEN'S 80KG RANKINGS,WOMEN'S 80KG RANKINGS,ranking_table,5,Rukhshona PARPIEVA,UZB,5,500.0,10
WOMEN'S 80KG RANKINGS,WOMEN'S 80KG RANKINGS,ranking_table,6,Viktoria PENNEY,CAN,6,472.5,10
WOMEN'S 80KG RANKINGS,WOMEN'S 80KG RANKINGS,ranking_table,7,Emilia KOTERSKA,POL,7,450.0,10
WOMEN'S 80KG RANKINGS,WOMEN'S 80KG RANKINGS,ranking_table,8,Elif GUNERI,TUR,8,281.25,10
WOMEN'S 80KG RANKINGS,WOMEN'S 80KG RANKINGS,ranking_table,9,Agata KACZMARSKA,POL,9,225.0,10
WOMEN'S 80KG RANKINGS,WOMEN'S 80KG RANKINGS,ranking_table,9,Gulsaya YERZHAN,KAZ,9,225.0,10
WOMEN'S 80KG RANKINGS,WOMEN'S 80KG RANKINGS,ranking_table,9,Qimeng ZHONG,CHN,9,225.0,10
WOMEN'S 80KG RANKINGS,WOMEN'S 80KG RANKINGS,ranking_table,12,Xiaomeng WANG,CHN,x,150.0,10
WOMEN'S 80KG RANKINGS,WOMEN'S 80KG RANKINGS,ranking_table,13,Diana MAGAUYAYEVA,KAZ,12,112.5,10
WOMEN'S 80KG RANKINGS,WOMEN'S 80KG RANKINGS,ranking_table,14,Sofia SORENSON,NOR,13,111.25,10
WOMEN'S 80KG RANKINGS,WOMEN'S 80KG RANKINGS,ranking_table,15,Davina MICHEL,FRA,x,100.0,10
WOMEN'S 80KG RANKINGS,WOMEN'S 80KG RANKINGS,ranking_table,16,Valeriya AXENOVA,KAZ,x,75.0,10
WOMEN'S 80KG RANKINGS,WOMEN'S 80KG RANKINGS,ranking_table,17,Zhibek ZHARASKYZY,KAZ,14,75.0,10
WOMEN'S 80KG RANKINGS,WOMEN'S 80KG RANKINGS,ranking_table,18,Sokhiba RUZMETOVA,UZB,15,56.25,10
WOMEN'S 80KG RANKINGS,WOMEN'S 80KG RANKINGS,ranking_table,19,Citlalli Vanessa ORTIZ,MEX,16,37.5,10
WORLD BOXING,WOMEN'S 80+KG RANKINGS,ranking_table,1,Agata KACZMARSKA,POL,1,1125.0,11
WORLD BOXING,WOMEN'S 80+KG RANKINGS,ranking_table,2,Nupur NUPUR,IND,2,1087.5,11
WORLD BOXING,WOMEN'S 80+KG RANKINGS,ranking_table,3,Dina ISLAMBEKOVA,KAZ,3,875.0,11
WORLD BOXING,WOMEN'S 80+KG RANKINGS,ranking_table,4,Oltinoy SOTIMBOEVA,UZB,4,625.0,11
WORLD BOXING,WOMEN'S 80+KG RANKINGS,ranking_table,5,Yeldana TALIPOVA,KAZ,5,525.0,11
WORLD BOXING,WOMEN'S 80+KG RANKINGS,ranking_table,6,Seyma DUZTAS,TUR,6,506.25,11
WORLD BOXING,WOMEN'S 80+KG RANKINGS,ranking_table,7,Alfiya PATHAN,IND,7,500.0,11
WORLD BOXING,WOMEN'S 80+KG RANKINGS,ranking_table,8,Yilian ZHAN,CHN,8,375.0,11
WORLD BOXING,WOMEN'S 80+KG RANKINGS,ranking_table,9,Celine Eline DANIEL LEE-LO,NZL,8,225.0,11
WORLD BOXING,WOMEN'S 80+KG RANKINGS,ranking_table,9,Noof ALYOUSEF,KSA,8,225.0,11
WORLD BOXING,WOMEN'S 80+KG RANKINGS,ranking_table,11,Valeriya AXENOVA,KAZ,11,150.0,11
WORLD BOXING,WOMEN'S 80+KG RANKINGS,ranking_table,12,Zsófia SZIRA,HUN,12,100.0,11
WORLD BOXING,WOMEN'S 80+KG RANKINGS,ranking_table,13,Mariia LOVCHYNSKA,UKR,13,112.5,11
WORLD BOXING,WOMEN'S 80+KG RANKINGS,ranking_table,13,Assel TOKTASSYN,KAZ,13,112.5,11
WORLD BOXING,WOMEN'S 80+KG RANKINGS,ranking_table,15,Elzbieta WOJCIK,POL,x,75.0,11
MEN'S 50KG RANKINGS,MEN'S 50KG RANKINGS,ranking_table,1,Sanzhar TASHKENBAY,KAZ,1,1537.5,12
MEN'S 50KG RANKINGS,MEN'S 50KG RANKINGS,ranking_table,2,Battulga ALDARKHISHIG,MGL,2,1100.0,12
MEN'S 50KG RANKINGS,MEN'S 50KG RANKINGS,ranking_table,3,Vishvanath SURESH,IND,3,800.0,12
MEN'S 50KG RANKINGS,MEN'S 50KG RANKINGS,ranking_table,4,Alejandro CLARO FIZ,CUB,4,700.0,12
MEN'S 50KG RANKINGS,MEN'S 50KG RANKINGS,ranking_table,5,Soushi MAKINO,JPN,5,675.0,12
MEN'S 50KG RANKINGS,MEN'S 50KG RANKINGS,ranking_table,6,Daichi IWAI,JPN,6,500.0,12
MEN'S 50KG RANKINGS,MEN'S 50KG RANKINGS,ranking_table,7,Asilbek JALILOV,UZB,7,437.5,12
MEN'S 50KG RANKINGS,MEN'S 50KG RANKINGS,ranking_table,8,Jadumani MANDENGBAM,IND,7,431.25,12
MEN'S 50KG RANKINGS,MEN'S 50KG RANKINGS,ranking_table,9,Huthaifa ESHISH,JOR,9,375.0,12
MEN'S 50KG RANKINGS,MEN'S 50KG RANKINGS,ranking_table,9,Martin MOLINA SALVADOR,ESP,11,375.0,12
MEN'S 50KG RANKINGS,MEN'S 50KG RANKINGS,ranking_table,11,John Wayne VICERA,PHI,9,300.0,12
MEN'S 50KG RANKINGS,MEN'S 50KG RANKINGS,ranking_table,11,Samet GUMUS,TUR,11,225.0,12
MEN'S 50KG RANKINGS,MEN'S 50KG RANKINGS,ranking_table,12,Shodiyorjon MELIKUZIEV,UZB,11,225.0,12
MEN'S 50KG RANKINGS,MEN'S 50KG RANKINGS,ranking_table,14,Subkhan MAMEDOV,AZE,0,206.25,12
MEN'S 50KG RANKINGS,MEN'S 50KG RANKINGS,ranking_table,15,Omer IZAZ,AUS,15,168.75,12
MEN'S 50KG RANKINGS,MEN'S 50KG RANKINGS,ranking_table,16,Tae Il KIM,PRK,0,150.0,12
MEN'S 50KG RANKINGS,MEN'S 50KG RANKINGS,ranking_table,16,Fredrik RAMPAGE,INA,0,150.0,12
MEN'S 50KG RANKINGS,MEN'S 50KG RANKINGS,ranking_table,18,Ellis TROWBRIDGE,ENG,18,100.0,12
MEN'S 50KG RANKINGS,MEN'S 50KG RANKINGS,ranking_table,18,Issam BENSAYAR,MAR,0,100.0,12
MEN'S 50KG RANKINGS,MEN'S 50KG RANKINGS,ranking_table,20,Anvarzhan KHODZHIEV,KGZ,0,75.0,12
MEN'S 50KG RANKINGS,MEN'S 50KG RANKINGS,ranking_table,20,Luis PACHAY,PAN,0,75.0,12
MEN'S 50KG RANKINGS,MEN'S 50KG RANKINGS,ranking_table,20,Nikee CUMMINGS,FRA,0,75.0,12
MEN'S 50KG RANKINGS,MEN'S 50KG RANKINGS,ranking_table,20,Jay Bryan BARICUATRO,PHI,0,75.0,12
MEN'S 50KG RANKINGS,MEN'S 50KG RANKINGS,ranking_table,24,Jakub SLOMINSKI,POL,0,56.25,12
MEN'S 50KG RANKINGS,MEN'S 50KG RANKINGS,ranking_table,25,Scott RICHARDS,WAL,0,37.5,12
MEN'S 50KG RANKINGS,MEN'S 50KG RANKINGS,ranking_table,25,Aaron Jude BADO,PHI,0,37.5,12
MEN'S 50KG RANKINGS,MEN'S 50KG RANKINGS,ranking_table,27,Salvatore ATTRATTIVO,ITA,0,11.25,12
MEN'S 50KG RANKINGS,MEN'S 50KG RANKINGS,ranking_table,27,Oyan NURULLAH,TUR,0,11.25,12
MEN'S 55KG RANKINGS,MEN'S 55KG RANKINGS,ranking_table,1,Makhmud SABYRKHAN,KAZ,1,1537.5,13
MEN'S 55KG RANKINGS,MEN'S 55KG RANKINGS,ranking_table,2,Rui YAMAGUCHI,JPN,2,1212.5,13
MEN'S 55KG RANKINGS,MEN'S 55KG RANKINGS,ranking_table,3,Rafael LOZANO SERRANO,ESP,3,1100.0,13
MEN'S 55KG RANKINGS,MEN'S 55KG RANKINGS,ranking_table,4,Liu CHUANG,CHN,4,825.0,13
MEN'S 55KG RANKINGS,MEN'S 55KG RANKINGS,ranking_table,5,Bilguunsaikhan KHARKHUU,MGL,5,811.25,13
MEN'S 55KG RANKINGS,MEN'S 55KG RANKINGS,ranking_table,6,Yunior ALCANTARA REYES,DOM,6,681.25,13
MEN'S 55KG RANKINGS,MEN'S 55KG RANKINGS,ranking_table,7,Thady Patsy JOYCE,IRL,7,450.0,13
MEN'S 55KG RANKINGS,MEN'S 55KG RANKINGS,ranking_table,8,Javier IBANEZ DIAZ,BUL,8,400.0,13
MEN'S 55KG RANKINGS,MEN'S 55KG RANKINGS,ranking_table,9,Mirazizbek MIRZAKHALILOV,UZB,9,300.0,13
MEN'S 55KG RANKINGS,MEN'S 55KG RANKINGS,ranking_table,10,Carlo PAALAM,PHI,10,250.0,13
MEN'S 55KG RANKINGS,MEN'S 55KG RANKINGS,ranking_table,10,Jiamao ZHANG,CHN,12,250.0,13
MEN'S 55KG RANKINGS,MEN'S 55KG RANKINGS,ranking_table,12,Samandar OLIMOV,UZB,11,225.0,13
MEN'S 55KG RANKINGS,MEN'S 55KG RANKINGS,ranking_table,12,Shakhzod MUZAFAROV,UZB,12,150.0,13
MEN'S 55KG RANKINGS,MEN'S 55KG RANKINGS,ranking_table,13,Lorenzo PATRICIO,USA,x,150.0,13
MEN'S 55KG RANKINGS,MEN'S 55KG RANKINGS,ranking_table,13,Pawan BARTWAL,IND,12,150.0,13
MEN'S 55KG RANKINGS,MEN'S 55KG RANKINGS,ranking_table,13,Chia-Feng PENG,TPE,12,150.0,13
MEN'S 55KG RANKINGS,MEN'S 55KG RANKINGS,ranking_table,13,Anushervon FAZYLOV,TJK,12,150.0,13
MEN'S 55KG RANKINGS,MEN'S 55KG RANKINGS,ranking_table,13,Meylis SHADURDYEV,TKM,12,150.0,13
MEN'S 55KG RANKINGS,MEN'S 55KG RANKINGS,ranking_table,19,Yasen RADEV,BUL,18,131.25,13
MEN'S 55KG RANKINGS,MEN'S 55KG RANKINGS,ranking_table,20,Nursultan ALTYNBEK,KAZ,19,112.5,13
MEN'S 55KG RANKINGS,MEN'S 55KG RANKINGS,ranking_table,20,Ellis TROWBRIDGE,ENG,19,112.5,13
MEN'S 55KG RANKINGS,MEN'S 55KG RANKINGS,ranking_table,22,Nikhil NIKHIL,IND,x,75.0,13
MEN'S 55KG RANKINGS,MEN'S 55KG RANKINGS,ranking_table,22,Jaeyong SHIN,KOR,x,75.0,13
MEN'S 55KG RANKINGS,MEN'S 55KG RANKINGS,ranking_table,24,Manish RATHORE,IND,21,56.25,13
MEN'S 55KG RANKINGS,MEN'S 55KG RANKINGS,ranking_table,24,Jose Daniel FELIPE MIJANGOS,GUA,21,56.25,13
MEN'S 55KG RANKINGS,MEN'S 55KG RANKINGS,ranking_table,26,Michael Douglas TRINDADE,BRA,23,22.5,13
MEN'S 55KG RANKINGS,MEN'S 55KG RANKINGS,ranking_table,27,Bryan Owen ORTIZ,MEX,24,11.25,13
MEN'S 60KG RANKINGS,MEN'S 60KG RANKINGS,ranking_table,1,Abdumalik KHALOKOV,UZB,1,2275.0,14
MEN'S 60KG RANKINGS,MEN'S 60KG RANKINGS,ranking_table,2,Luiz Gabriel DE OLIVEIRA,BRA,2,1162.5,14
MEN'S 60KG RANKINGS,MEN'S 60KG RANKINGS,ranking_table,3,Orazbek ASSYLIKULOV,KAZ,3,800.0,14
MEN'S 60KG RANKINGS,MEN'S 60KG RANKINGS,ranking_table,3,Munarbek SEITBEK UULU,KGZ,3,800.0,14
MEN'S 60KG RANKINGS,MEN'S 60KG RANKINGS,ranking_table,5,Sachin SACHIN,IND,5,781.25,14
MEN'S 60KG RANKINGS,MEN'S 60KG RANKINGS,ranking_table,6,Shunsuke KITAMOTO,JPN,6,678.75,14
MEN'S 60KG RANKINGS,MEN'S 60KG RANKINGS,ranking_table,7,Radoslav ROSENOV,BUL,7,525.0,14
MEN'S 60KG RANKINGS,MEN'S 60KG RANKINGS,ranking_table,8,William HEWITT,ENG,9,412.5,14
MEN'S 60KG RANKINGS,MEN'S 60KG RANKINGS,ranking_table,9,Shudai HARADA,JPN,8,350.0,14
MEN'S 60KG RANKINGS,MEN'S 60KG RANKINGS,ranking_table,10,Sakda RUAMTHAM,THA,10,300.0,14
MEN'S 60KG RANKINGS,MEN'S 60KG RANKINGS,ranking_table,10,Abdurakhmon MAKHMUDJONOV,UZB,10,300.0,14
MEN'S 60KG RANKINGS,MEN'S 60KG RANKINGS,ranking_table,10,Pawel BRACH,POL,10,300.0,14
MEN'S 60KG RANKINGS,MEN'S 60KG RANKINGS,ranking_table,10,Keoma-Ali AL-AHMADIEH,CAN,10,300.0,14
MEN'S 60KG RANKINGS,MEN'S 60KG RANKINGS,ranking_table,14,Cheng-Wei LEE,TPE,14,150.0,14
MEN'S 60KG RANKINGS,MEN'S 60KG RANKINGS,ranking_table,14,Dovlet MUHANOV,TKM,14,150.0,14
MEN'S 60KG RANKINGS,MEN'S 60KG RANKINGS,ranking_table,14,Mohammad Abu JAEH,JOR,14,150.0,14
MEN'S 60KG RANKINGS,MEN'S 60KG RANKINGS,ranking_table,17,Enkhtur TEGSHJARGAL,MGL,17,112.5,14
MEN'S 60KG RANKINGS,MEN'S 60KG RANKINGS,ranking_table,17,Dilshod ABDUMURODOV,UZB,17,112.5,14
MEN'S 60KG RANKINGS,MEN'S 60KG RANKINGS,ranking_table,19,Salim ELLIS BEY,USA,19,100.0,14
MEN'S 60KG RANKINGS,MEN'S 60KG RANKINGS,ranking_table,20,Lounes HAMRAOUI,FRA,20,75.0,14
MEN'S 60KG RANKINGS,MEN'S 60KG RANKINGS,ranking_table,20,Lundaa GANTUMUR,MGL,20,75.0,14
MEN'S 60KG RANKINGS,MEN'S 60KG RANKINGS,ranking_table,20,Xinlin CHEN,CHN,20,75.0,14
MEN'S 60KG RANKINGS,MEN'S 60KG RANKINGS,ranking_table,20,Jaeyong SHIN,KOR,20,75.0,14
MEN'S 60KG RANKINGS,MEN'S 60KG RANKINGS,ranking_table,24,Madiyar DANIYAROV,UZB,24,56.25,14
MEN'S 60KG RANKINGS,MEN'S 60KG RANKINGS,ranking_table,24,Mahammadali GASIMZADA,AZE,24,56.25,14
MEN'S 60KG RANKINGS,MEN'S 60KG RANKINGS,ranking_table,26,Ramon SANTOS DA CONCEIÇÃO,BRA,26,25.0,14
MEN'S 60KG RANKINGS,MEN'S 60KG RANKINGS,ranking_table,27,Mahmoud AL CHABTUN,NED,27,15.0,14
MEN'S 60KG RANKINGS,MEN'S 60KG RANKINGS,ranking_table,28,Leo WOOD,ENG,28,11.25,14
MEN'S 60KG RANKINGS,MEN'S 60KG RANKINGS,ranking_table,28,Isa AKRAM,SCO,28,11.25,14
MEN'S 60KG RANKINGS,MEN'S 60KG RANKINGS,ranking_table,30,Alvin WARUKAGA,SWE,30,7.5,14
MEN'S 65KG RANKINGS,MEN'S 65KG RANKINGS,ranking_table,1,Asadkhuja MUYDINKHUJAEV,UZB,1,2125.0,15
MEN'S 65KG RANKINGS,MEN'S 65KG RANKINGS,ranking_table,2,Erislandy ALVAREZ,CUB,2,1450.0,15
MEN'S 65KG RANKINGS,MEN'S 65KG RANKINGS,ranking_table,3,Yuri Falcao DOS REIS,BRA,3,1125.0,15
MEN'S 65KG RANKINGS,MEN'S 65KG RANKINGS,ranking_table,4,Shion NISHIYAMA,JPN,4,850.0,15
MEN'S 65KG RANKINGS,MEN'S 65KG RANKINGS,ranking_table,4,Lasha GURULI,GEO,5,850.0,15
MEN'S 65KG RANKINGS,MEN'S 65KG RANKINGS,ranking_table,6,Abdulloh MADAMINOV,UZB,6,800.0,15
MEN'S 65KG RANKINGS,MEN'S 65KG RANKINGS,ranking_table,7,Yertugan ZEINULLINOV,KAZ,7,581.25,15
MEN'S 65KG RANKINGS,MEN'S 65KG RANKINGS,ranking_table,8,Abhinash JAMWAL,IND,8,525.0,15
MEN'S 65KG RANKINGS,MEN'S 65KG RANKINGS,ranking_table,9,SINSIRI Bunjong,THA,9,500.0,15
MEN'S 65KG RANKINGS,MEN'S 65KG RANKINGS,ranking_table,10,Ali HABIBINEZHAD,IRI,10,300.0,15
MEN'S 65KG RANKINGS,MEN'S 65KG RANKINGS,ranking_table,11,Hugo GRAU,FRA,x,150.0,15
MEN'S 65KG RANKINGS,MEN'S 65KG RANKINGS,ranking_table,11,Mirzokhid IMAMNAZAROV,KGZ,11,150.0,15
MEN'S 65KG RANKINGS,MEN'S 65KG RANKINGS,ranking_table,11,Ihlasbek KOCHKAROV,TKM,11,150.0,15
MEN'S 65KG RANKINGS,MEN'S 65KG RANKINGS,ranking_table,11,Aditya Pratap YADAV,IND,11,150.0,15
MEN'S 65KG RANKINGS,MEN'S 65KG RANKINGS,ranking_table,11,Obada ALKASBEH,JOR,11,150.0,15
MEN'S 65KG RANKINGS,MEN'S 65KG RANKINGS,ranking_table,11,Breno DE CARVALHO,BRA,11,150.0,15
MEN'S 65KG RANKINGS,MEN'S 65KG RANKINGS,ranking_table,18,Adkhamjon MUKHIDDINOV,UZB,16,112.5,15
MEN'S 65KG RANKINGS,MEN'S 65KG RANKINGS,ranking_table,18,Elvin ALIEV,UKR,16,112.5,15
MEN'S 65KG RANKINGS,MEN'S 65KG RANKINGS,ranking_table,18,Patris MULGHALZAI,ENG,16,112.5,15
MEN'S 65KG RANKINGS,MEN'S 65KG RANKINGS,ranking_table,19,Alexandru PARASCHIV,MDA,19,150.0,15
MEN'S 65KG RANKINGS,MEN'S 65KG RANKINGS,ranking_table,21,Marcus LUTHER,USA,x,100.0,15
MEN'S 65KG RANKINGS,MEN'S 65KG RANKINGS,ranking_table,22,Gabriel LABRIE,CAN,19,75.0,15
MEN'S 65KG RANKINGS,MEN'S 65KG RANKINGS,ranking_table,22,Misheelt BATTUMUR,MGL,19,75.0,15
MEN'S 65KG RANKINGS,MEN'S 65KG RANKINGS,ranking_table,22,Sakda RUAMTHAM,THA,19,75.0,15
MEN'S 65KG RANKINGS,MEN'S 65KG RANKINGS,ranking_table,25,Gianluigi MALANGA,ITA,23,56.25,15
MEN'S 65KG RANKINGS,MEN'S 65KG RANKINGS,ranking_table,26,Donghwan JANG,KOR,24,50.0,15
MEN'S 65KG RANKINGS,MEN'S 65KG RANKINGS,ranking_table,27,Tuguldur BYAMBATSOGT,MGL,25,37.5,15
MEN'S 65KG RANKINGS,MEN'S 65KG RANKINGS,ranking_table,27,Bat-Ulzii ERDENETSOGT,MGL,25,37.5,15
MEN'S 65KG RANKINGS,MEN'S 65KG RANKINGS,ranking_table,29,Denis BRIL,GER,27,26.25,15
MEN'S 65KG RANKINGS,MEN'S 65KG RANKINGS,ranking_table,30,Ismail UMAR,FIN,28,25.0,15
MEN'S 65KG RANKINGS,MEN'S 65KG RANKINGS,ranking_table,31,Rene CAMACHO,USA,29,11.25,15
WORLD BOXING,MEN'S 70KG RANKINGS,ranking_table,1,Torekhan SABYRKHAN,KAZ,1,1625.0,16
WORLD BOXING,MEN'S 70KG RANKINGS,ranking_table,2,Zeyad EASHASH,JOR,2,1575.0,16
WORLD BOXING,MEN'S 70KG RANKINGS,ranking_table,3,Sewonrets OKAZAWA,JPN,3,1150.0,16
WORLD BOXING,MEN'S 70KG RANKINGS,ranking_table,4,Odel KAMARA,ENG,4,675.0,16
WORLD BOXING,MEN'S 70KG RANKINGS,ranking_table,5,Byamba-Erdene OTGONBAATAR,MGL,5,468.75,16
WORLD BOXING,MEN'S 70KG RANKINGS,ranking_table,6,Makan TRAORE,FRA,6,431.25,16
WORLD BOXING,MEN'S 70KG RANKINGS,ranking_table,7,Hitesh HITESH,IND,6,412.5,16
WORLD BOXING,MEN'S 70KG RANKINGS,ranking_table,8,Peicheng WANG,CHN,8,300.0,16
WORLD BOXING,MEN'S 70KG RANKINGS,ranking_table,9,Deepak DEEPAK,IND,12,250.0,16
WORLD BOXING,MEN'S 70KG RANKINGS,ranking_table,9,Kaian REIS,BRA,9,250.0,16
WORLD BOXING,MEN'S 70KG RANKINGS,ranking_table,11,Ikhtiiar NISHONOV,KGZ,10,225.0,16
WORLD BOXING,MEN'S 70KG RANKINGS,ranking_table,11,Shavkatjon BOLTAEV,UZB,10,225.0,16
WORLD BOXING,MEN'S 70KG RANKINGS,ranking_table,13,Ablaikhan ZHUSSUPOV,KAZ,x,150.0,16
WORLD BOXING,MEN'S 70KG RANKINGS,ranking_table,13,Damian DURKACZ,POL,12,150.0,16
WORLD BOXING,MEN'S 70KG RANKINGS,ranking_table,13,Mursal NURBEK,KAZ,12,150.0,16
WORLD BOXING,MEN'S 70KG RANKINGS,ranking_table,13,Eldar TURDUBAEV,KGZ,12,150.0,16
WORLD BOXING,MEN'S 70KG RANKINGS,ranking_table,13,Saidov SHAMSHER,TJK,12,150.0,16
WORLD BOXING,MEN'S 70KG RANKINGS,ranking_table,18,Ismoilov Mukhammadazibek,UZB,17,112.5,16
WORLD BOXING,MEN'S 70KG RANKINGS,ranking_table,18,Yurii ZAKHARIEIEV,UKR,17,112.5,16
WORLD BOXING,MEN'S 70KG RANKINGS,ranking_table,20,Nabi ISGANDAROV,AZE,19,75.0,16
WORLD BOXING,MEN'S 70KG RANKINGS,ranking_table,20,Eduardo BECKFORD,PAN,19,75.0,16
WORLD BOXING,MEN'S 70KG RANKINGS,ranking_table,20,Magomed SCHACHIDOV,GER,19,75.0,16
WORLD BOXING,MEN'S 70KG RANKINGS,ranking_table,23,Carlos FLOWERS,USA,22,56.25,16
WORLD BOXING,MEN'S 70KG RANKINGS,ranking_table,24,Ye Erdawulieti MAIYILANBIEKE,CHN,23,50.0,16
WORLD BOXING,MEN'S 70KG RANKINGS,ranking_table,25,Calum MAKIN,ENG,24,47.5,16
WORLD BOXING,MEN'S 70KG RANKINGS,ranking_table,26,Patrick HEWITT,ENG,25,37.5,16
WORLD BOXING,MEN'S 70KG RANKINGS,ranking_table,27,Jimi NOIOSO,FIN,26,15.0,16
WORLD BOXING,MEN'S 70KG RANKINGS,ranking_table,28,Kelvin SOQUESSA,CZE,27,11.25,16
WORLD BOXING,MEN'S 70KG RANKINGS,ranking_table,28,Angel David LOPEZ,MEX,27,11.25,16
WORLD BOXING,MEN'S 70KG RANKINGS,ranking_table,30,Unto JANSSON,FIN,29,7.5,16
MEN'S 75KG RANKINGS,MEN'S 75KG RANKINGS,ranking_table,1,Fazliddin ERKINBOEV,UZB,1,1237.5,17
MEN'S 75KG RANKINGS,MEN'S 75KG RANKINGS,ranking_table,2,Rami Mofid KIWAN,BUL,2,1175.0,17
MEN'S 75KG RANKINGS,MEN'S 75KG RANKINGS,ranking_table,3,Sabyrzhan AKKALYKOV,KAZ,3,912.5,17
MEN'S 75KG RANKINGS,MEN'S 75KG RANKINGS,ranking_table,4,Saidjamshid JAFAROV,AZE,5,750.0,17
MEN'S 75KG RANKINGS,MEN'S 75KG RANKINGS,ranking_table,5,Javokhir ABDURAKHIMOV,UZB,4,725.0,17
MEN'S 75KG RANKINGS,MEN'S 75KG RANKINGS,ranking_table,6,Callum MAKIN,ENG,6,450.0,17
MEN'S 75KG RANKINGS,MEN'S 75KG RANKINGS,ranking_table,7,Pavlo ILLIUSHA,UKR,7,337.5,17
MEN'S 75KG RANKINGS,MEN'S 75KG RANKINGS,ranking_table,8,Dalai GANZORIG,MGL,8,300.0,17
MEN'S 75KG RANKINGS,MEN'S 75KG RANKINGS,ranking_table,8,Akash AKASH,IND,8,300.0,17
MEN'S 75KG RANKINGS,MEN'S 75KG RANKINGS,ranking_table,10,Joshua OFORI,CAN,10,262.5,17
MEN'S 75KG RANKINGS,MEN'S 75KG RANKINGS,ranking_table,11,Hamza SRIRI,BEL,11,236.25,17
MEN'S 75KG RANKINGS,MEN'S 75KG RANKINGS,ranking_table,12,Alan PERRIE,SCO,12,225.0,17
MEN'S 75KG RANKINGS,MEN'S 75KG RANKINGS,ranking_table,13,Michal JARLINSKI,POL,13,206.25,17
MEN'S 75KG RANKINGS,MEN'S 75KG RANKINGS,ranking_table,14,Gabriele RONTANI,ITA,25,172.5,17
MEN'S 75KG RANKINGS,MEN'S 75KG RANKINGS,ranking_table,14,Mateusz URBAN,POL,20,150.0,17
MEN'S 75KG RANKINGS,MEN'S 75KG RANKINGS,ranking_table,14,Taiga YAGI,JPN,14,150.0,17
MEN'S 75KG RANKINGS,MEN'S 75KG RANKINGS,ranking_table,14,Zaid Aldeen IASHASH,JOR,14,150.0,17
MEN'S 75KG RANKINGS,MEN'S 75KG RANKINGS,ranking_table,14,Yhlas BAGTYYAROV,TKM,14,150.0,17
MEN'S 75KG RANKINGS,MEN'S 75KG RANKINGS,ranking_table,14,Atai DAMIR,KGZ,14,150.0,17
MEN'S 75KG RANKINGS,MEN'S 75KG RANKINGS,ranking_table,20,Sumit SUMIT,IND,18,112.5,17
MEN'S 75KG RANKINGS,MEN'S 75KG RANKINGS,ranking_table,21,Thauan SILVA,BRA,19,100.0,17
MEN'S 75KG RANKINGS,MEN'S 75KG RANKINGS,ranking_table,22,Kaue BELINI,BRA,20,75.0,17
MEN'S 75KG RANKINGS,MEN'S 75KG RANKINGS,ranking_table,23,Nikhil DUBEY,IND,22,56.25,17
MEN'S 75KG RANKINGS,MEN'S 75KG RANKINGS,ranking_table,23,Nuradin RUSTAMBEK UULU,KGZ,22,56.25,17
MEN'S 75KG RANKINGS,MEN'S 75KG RANKINGS,ranking_table,23,Remo SALVATI,ITA,22,56.25,17
MEN'S 75KG RANKINGS,MEN'S 75KG RANKINGS,ranking_table,26,Daigo SUNAGA,JPN,26,11.25,17
MEN'S 80KG RANKINGS,MEN'S 80KG RANKINGS,ranking_table,1,Javokhir UMMATALIEV,UZB,1,1387.5,18
MEN'S 80KG RANKINGS,MEN'S 80KG RANKINGS,ranking_table,2,Nurbek ORALBAY,KAZ,2,950.0,18
MEN'S 80KG RANKINGS,MEN'S 80KG RANKINGS,ranking_table,3,Yojerlin CESAR,FRA,3,918.75,18
MEN'S 80KG RANKINGS,MEN'S 80KG RANKINGS,ranking_table,4,Fazliddin ERKINBOEV,UZB,4,800.0,18
MEN'S 80KG RANKINGS,MEN'S 80KG RANKINGS,ranking_table,4,Gabrijel VEOCIC,CRO,4,800.0,18
MEN'S 80KG RANKINGS,MEN'S 80KG RANKINGS,ranking_table,6,Wanderley DE SOUZA PEREIRA,BRA,6,725.0,18
MEN'S 80KG RANKINGS,MEN'S 80KG RANKINGS,ranking_table,7,Dimeji SHITTU,ENG,7,600.0,18
MEN'S 80KG RANKINGS,MEN'S 80KG RANKINGS,ranking_table,8,Hussein IASHAISH,JOR,8,500.0,18
MEN'S 80KG RANKINGS,MEN'S 80KG RANKINGS,ranking_table,9,Pylyp AKHILOV,HUN,9,487.5,18
MEN'S 80KG RANKINGS,MEN'S 80KG RANKINGS,ranking_table,10,Minseong KIM,KOR,10,450.0,18
MEN'S 80KG RANKINGS,MEN'S 80KG RANKINGS,ranking_table,11,Murad ALLAHVERDIYEV,AZE,13,325.0,18
MEN'S 80KG RANKINGS,MEN'S 80KG RANKINGS,ranking_table,12,Nekruz SALIMOV,TJK,11,300.0,18
MEN'S 80KG RANKINGS,MEN'S 80KG RANKINGS,ranking_table,12,Ankush ANKUSH,IND,11,300.0,18
MEN'S 80KG RANKINGS,MEN'S 80KG RANKINGS,ranking_table,14,Turabek KHABIBULLAEV,UZB,13,250.0,18
MEN'S 80KG RANKINGS,MEN'S 80KG RANKINGS,ranking_table,15,William CHOLOV,BUL,15,225.0,18
MEN'S 80KG RANKINGS,MEN'S 80KG RANKINGS,ranking_table,16,Go WAKAYA,JPN,16,175.0,18
MEN'S 80KG RANKINGS,MEN'S 80KG RANKINGS,ranking_table,17,Xiaobao WANG,CHN,17,150.0,18
MEN'S 80KG RANKINGS,MEN'S 80KG RANKINGS,ranking_table,17,Yerassyl ZHAKPEKOV,KAZ,17,150.0,18
MEN'S 80KG RANKINGS,MEN'S 80KG RANKINGS,ranking_table,17,Maikhel Robberd MUSKITA,INA,17,150.0,18
MEN'S 80KG RANKINGS,MEN'S 80KG RANKINGS,ranking_table,20,Dias MOLZHIGITOV,KAZ,20,131.25,18
MEN'S 80KG RANKINGS,MEN'S 80KG RANKINGS,ranking_table,21,Sanzhar-Ali BEGALIYEV,KAZ,21,112.5,18
MEN'S 80KG RANKINGS,MEN'S 80KG RANKINGS,ranking_table,21,Marlon SEVEHON,AUS,21,112.5,18
MEN'S 80KG RANKINGS,MEN'S 80KG RANKINGS,ranking_table,23,Joshua OFORI,CAN,23,75.0,18
MEN'S 80KG RANKINGS,MEN'S 80KG RANKINGS,ranking_table,24,Robby GONZALES,USA,24,67.5,18
MEN'S 80KG RANKINGS,MEN'S 80KG RANKINGS,ranking_table,25,Mert AYBUGA,TUR,25,56.25,18
MEN'S 80KG RANKINGS,MEN'S 80KG RANKINGS,ranking_table,26,Hamimulati REHEMANDU,CHN,26,50.0,18
MEN'S 80KG RANKINGS,MEN'S 80KG RANKINGS,ranking_table,27,Marcel MANGOLD,GER,27,37.5,18
MEN'S 80KG RANKINGS,MEN'S 80KG RANKINGS,ranking_table,27,Chingis DASHIYN,MGL,27,37.5,18
MEN'S 80KG RANKINGS,MEN'S 80KG RANKINGS,ranking_table,29,Felipe IGANACIO,BRA,29,25.0,18
MEN'S 80KG RANKINGS,MEN'S 80KG RANKINGS,ranking_table,30,Nickenson DENIS,CAN,30,22.5,18
MEN'S 80KG RANKINGS,MEN'S 80KG RANKINGS,ranking_table,31,Attia SALEHEDDIN,NOR,31,15.0,18
MEN'S 80KG RANKINGS,MEN'S 80KG RANKINGS,ranking_table,32,Malkan BAYRAM,TUR,32,11.25,18
MEN'S 80KG RANKINGS,MEN'S 80KG RANKINGS,ranking_table,33,Jaakko HAANPÄÄ,FIN,33,7.5,18
MEN'S 80KG RANKINGS,MEN'S 80KG RANKINGS,ranking_table,33,Oliver GINKEL,GER,33,7.5,18
MEN'S 85KG RANKINGS,MEN'S 85KG RANKINGS,ranking_table,1,Akmaljon ISROILOV,UZB,1,1275.0,19
MEN'S 85KG RANKINGS,MEN'S 85KG RANKINGS,ranking_table,2,Teagn STOTT,ENG,2,806.25,19
MEN'S 85KG RANKINGS,MEN'S 85KG RANKINGS,ranking_table,3,Nurbek ORALBAY,KAZ,3,800.0,19
MEN'S 85KG RANKINGS,MEN'S 85KG RANKINGS,ranking_table,4,Jasurbek YULDOSHEV,UZB,4,650.0,19
MEN'S 85KG RANKINGS,MEN'S 85KG RANKINGS,ranking_table,5,Michael DEROUICHE,AUT,5,547.5,19
MEN'S 85KG RANKINGS,MEN'S 85KG RANKINGS,ranking_table,6,Danylo ZHASAN,UKR,6,450.0,19
MEN'S 85KG RANKINGS,MEN'S 85KG RANKINGS,ranking_table,7,Sultanbek AIBARULY,KAZ,7,375.0,19
MEN'S 85KG RANKINGS,MEN'S 85KG RANKINGS,ranking_table,8,Lokesh LOKESH,IND,8,300.0,19
MEN'S 85KG RANKINGS,MEN'S 85KG RANKINGS,ranking_table,8,Bariakhaan DORJ,MGL,8,300.0,19
MEN'S 85KG RANKINGS,MEN'S 85KG RANKINGS,ranking_table,10,Jugnoo JUGNOO,IND,14,262.5,19
MEN'S 85KG RANKINGS,MEN'S 85KG RANKINGS,ranking_table,11,Adrian FRESNEDA RICARDO,ESP,10,225.0,19
MEN'S 85KG RANKINGS,MEN'S 85KG RANKINGS,ranking_table,11,Semion BOLDIREV,BUL,10,225.0,19
MEN'S 85KG RANKINGS,MEN'S 85KG RANKINGS,ranking_table,11,Robert MCNULTY,SCO,10,225.0,19
MEN'S 85KG RANKINGS,MEN'S 85KG RANKINGS,ranking_table,11,Georgii KUSHITASHVILI,GEO,10,225.0,19
MEN'S 85KG RANKINGS,MEN'S 85KG RANKINGS,ranking_table,15,Junior TADAH,FRA,x,150.0,19
MEN'S 85KG RANKINGS,MEN'S 85KG RANKINGS,ranking_table,15,Mukhammadaziz ZAKIROV,KGZ,15,150.0,19
MEN'S 85KG RANKINGS,MEN'S 85KG RANKINGS,ranking_table,15,Gichae KIM,KOR,15,150.0,19
MEN'S 85KG RANKINGS,MEN'S 85KG RANKINGS,ranking_table,15,Mohammad SULEIMAN,JOR,15,150.0,19
MEN'S 85KG RANKINGS,MEN'S 85KG RANKINGS,ranking_table,19,Daulet TULEMISSOV,KAZ,18,112.5,19
MEN'S 85KG RANKINGS,MEN'S 85KG RANKINGS,ranking_table,19,Bekzad NURDAULETOV,KAZ,18,112.5,19
MEN'S 85KG RANKINGS,MEN'S 85KG RANKINGS,ranking_table,19,Kim DAEHOON,KOR,18,112.5,19
MEN'S 85KG RANKINGS,MEN'S 85KG RANKINGS,ranking_table,22,Paulo CARUSO,ITA,x,100.0,19
MEN'S 85KG RANKINGS,MEN'S 85KG RANKINGS,ranking_table,22,Kaue BELINI,BRA,21,100.0,19
MEN'S 85KG RANKINGS,MEN'S 85KG RANKINGS,ranking_table,24,Valerij WALTER,GER,22,75.0,19
MEN'S 85KG RANKINGS,MEN'S 85KG RANKINGS,ranking_table,25,Abdoulaye TRAORE,FRA,23,56.25,19
MEN'S 85KG RANKINGS,MEN'S 85KG RANKINGS,ranking_table,25,Jakub STRASZEWSKI,POL,23,56.25,19
MEN'S 85KG RANKINGS,MEN'S 85KG RANKINGS,ranking_table,25,Samet ERSOY,TUR,23,56.25,19
MEN'S 85KG RANKINGS,MEN'S 85KG RANKINGS,ranking_table,28,Kalkan BEDIRHAN,TUR,26,37.5,19
MEN'S 85KG RANKINGS,MEN'S 85KG RANKINGS,ranking_table,29,Ivan KREKO,HUN,27,11.25,19
MEN'S 85KG RANKINGS,MEN'S 85KG RANKINGS,ranking_table,29,Daniel KOMAREK,CZE,27,11.25,19
MEN'S 90KG RANKINGS,MEN'S 90KG RANKINGS,ranking_table,1,Turabek KHABIBULLAEV,UZB,1,1387.5,20
MEN'S 90KG RANKINGS,MEN'S 90KG RANKINGS,ranking_table,2,Loren Berto ALFONSO DOMINGUEZ,AZE,2,1175.0,20
MEN'S 90KG RANKINGS,MEN'S 90KG RANKINGS,ranking_table,3,Isaias FILHO,BRA,3,1068.75,20
MEN'S 90KG RANKINGS,MEN'S 90KG RANKINGS,ranking_table,4,Emmanuel REYES,ESP,4,950.0,20
MEN'S 90KG RANKINGS,MEN'S 90KG RANKINGS,ranking_table,5,Khalimjon MAMASOLIEV,UZB,5,800.0,20
MEN'S 90KG RANKINGS,MEN'S 90KG RANKINGS,ranking_table,6,Sagyndyk TOGAMBAY,KAZ,6,581.25,20
MEN'S 90KG RANKINGS,MEN'S 90KG RANKINGS,ranking_table,7,Parviz KARIMOV,TJK,7,500.0,20
MEN'S 90KG RANKINGS,MEN'S 90KG RANKINGS,ranking_table,8,Isaac OKOH,ENG,10,400.0,20
MEN'S 90KG RANKINGS,MEN'S 90KG RANKINGS,ranking_table,9,Emrah YASAR,TUR,8,375.0,20
MEN'S 90KG RANKINGS,MEN'S 90KG RANKINGS,ranking_table,10,Adam TUTAK,POL,9,337.5,20
MEN'S 90KG RANKINGS,MEN'S 90KG RANKINGS,ranking_table,11,Harsh CHOUDHARY,IND,10,300.0,20
MEN'S 90KG RANKINGS,MEN'S 90KG RANKINGS,ranking_table,12,Jack MARLEY,IRL,12,250.0,20
MEN'S 90KG RANKINGS,MEN'S 90KG RANKINGS,ranking_table,13,Malachi GEORGES,USA,13,247.5,20
MEN'S 90KG RANKINGS,MEN'S 90KG RANKINGS,ranking_table,14,Xuezhen HAN,CHN,14,225.0,20
MEN'S 90KG RANKINGS,MEN'S 90KG RANKINGS,ranking_table,15,Enkhsanaa GANTULGA,MGL,14,150.0,20
MEN'S 90KG RANKINGS,MEN'S 90KG RANKINGS,ranking_table,15,Tynystan ALYBAEV,KGZ,14,150.0,20
MEN'S 90KG RANKINGS,MEN'S 90KG RANKINGS,ranking_table,15,Nusratbek TOKHIROV,UZB,14,150.0,20
MEN'S 90KG RANKINGS,MEN'S 90KG RANKINGS,ranking_table,18,Kumar NAVEEN,IND,18,112.5,20
MEN'S 90KG RANKINGS,MEN'S 90KG RANKINGS,ranking_table,19,Hanuel JUNG,KOR,19,100.0,20
MEN'S 90KG RANKINGS,MEN'S 90KG RANKINGS,ranking_table,20,Dean NWOKEDI CHIME,ITA,20,75.0,20
MEN'S 90KG RANKINGS,MEN'S 90KG RANKINGS,ranking_table,20,Andrea BERTONI,ITA,20,75.0,20
MEN'S 90KG RANKINGS,MEN'S 90KG RANKINGS,ranking_table,22,Vishal VISHAL,IND,22,56.25,20
MEN'S 90KG RANKINGS,MEN'S 90KG RANKINGS,ranking_table,22,Soheb BOUAFIA,FRA,22,56.25,20
MEN'S 90KG RANKINGS,MEN'S 90KG RANKINGS,ranking_table,24,Yasse CISE,GER,24,11.25,20
WORLD BOXING,MEN'S 90+KG RANKINGS,ranking_table,1,Aibek ORALBAY,KAZ,1,2325.0,21
WORLD BOXING,MEN'S 90+KG RANKINGS,ranking_table,2,Danabieke BAYIKEWUZI,CHN,2,950.0,21
WORLD BOXING,MEN'S 90+KG RANKINGS,ranking_table,3,Jakhongir ZOKIROV,UZB,3,937.5,21
WORLD BOXING,MEN'S 90+KG RANKINGS,ranking_table,4,Diego LENZI,ITA,4,612.5,21
WORLD BOXING,MEN'S 90+KG RANKINGS,ranking_table,5,Narender NARENDER,IND,5,506.25,21
WORLD BOXING,MEN'S 90+KG RANKINGS,ranking_table,6,Julio Cesar LA CRUZ PERAZA,CUB,6,450.0,21
WORLD BOXING,MEN'S 90+KG RANKINGS,ranking_table,7,Davit CHALOYAN,ARM,7,350.0,21
WORLD BOXING,MEN'S 90+KG RANKINGS,ranking_table,8,Taeung JU,KOR,8,337.5,21
WORLD BOXING,MEN'S 90+KG RANKINGS,ranking_table,9,Damar THOMAS,ENG,9,300.0,21
WORLD BOXING,MEN'S 90+KG RANKINGS,ranking_table,9,Omar Mohamed SHIHA,NOR,9,300.0,21
WORLD BOXING,MEN'S 90+KG RANKINGS,ranking_table,9,Dovlet YSLAMOV,TKM,9,300.0,21
WORLD BOXING,MEN'S 90+KG RANKINGS,ranking_table,12,Nikita PUTILOV,GER,16,275.0,21
WORLD BOXING,MEN'S 90+KG RANKINGS,ranking_table,13,Joel DA SILVA,BRA,15,251.25,21
WORLD BOXING,MEN'S 90+KG RANKINGS,ranking_table,14,Arman MAKHANOV,UZB,18,225.0,21
WORLD BOXING,MEN'S 90+KG RANKINGS,ranking_table,14,Khalimjon MAMASOLIEV,UZB,12,225.0,21
WORLD BOXING,MEN'S 90+KG RANKINGS,ranking_table,14,Luka PRATLJACIC,CRO,12,225.0,21
WORLD BOXING,MEN'S 90+KG RANKINGS,ranking_table,17,Mahammad ABDULLAYEV,AZE,14,206.25,21
WORLD BOXING,MEN'S 90+KG RANKINGS,ranking_table,18,Daniyal SAPARBAY,KAZ,17,168.75,21
WORLD BOXING,MEN'S 90+KG RANKINGS,ranking_table,19,Muhammad ABRORIDINOV,TJK,18,150.0,21
WORLD BOXING,MEN'S 90+KG RANKINGS,ranking_table,19,Orkhan AGHAYEV,UAE,18,150.0,21
WORLD BOXING,MEN'S 90+KG RANKINGS,ranking_table,21,Kelvin WATTS,USA,21,78.75,21
WORLD BOXING,MEN'S 90+KG RANKINGS,ranking_table,22,Amin Younes OUCHAOU,GER,22,75.0,21
WORLD BOXING,MEN'S 90+KG RANKINGS,ranking_table,23,Beyknur KHALI,MGL,23,50.0,21
WORLD BOXING,MEN'S 90+KG RANKINGS,ranking_table,24,Dean NWOKEDI CHIME,ITA,24,45.0,21
WORLD BOXING,MEN'S 90+KG RANKINGS,ranking_table,25,Iderbat DAVAALKHAGVA,MGL,25,37.5,21
WORLD BOXING,MEN'S 90+KG RANKINGS,ranking_table,26,Alejandro CRUZ,MEX,26,11.25,21
