Session,Date,Start Time,Ring,Page,Order,Bout No,Gender,Weight Category,Weight Code,Red Boxer,Red Team,Blue Boxer,Blue Team,Winner Corner,Winner Boxer,Winner Team,Result,Decision,Referee Team,Referee Name,Judge 1 Team,Judge 1 Name,Judge 1 Score,Judge 2 Team,Judge 2 Name,Judge 2 Score,Judge 3 Team,Judge 3 Name,Judge 3 Score,Judge 4 Team,Judge 4 Name,Judge 4 Score,Judge 5 Team,Judge 5 Name,Judge 5 Score
1,MA. 3 FEB. 2026,15:30,RING A,3,1,1,Women,Elite Women - 54 Kg (EW-54kg),EW-54kg,ALIASKAR SYMBAT,KAZ,PREETI,IND,BLUE,PREETI,IND,WP,5:0,ESP,FLORES SANTIAGO,KAZ,BATYROV NURBEK,28:29,FRA,FORGET ALAIN,27:30,ENG,KHAN KAMRAN,27:30,UKR,SOKOLOV RUSLAN,28:29,ESP,MOYA FLORENTINO,27:29
1,MA. 3 FEB. 2026,15:30,RING A,3,2,2,Women,Elite Women - 57 Kg (EW-57kg),EW-57kg,ISSAYEVA SHAKHNAZ,KAZ,WEERHEIM GABRIELLA,NED,BLUE,WEERHEIM GABRIELLA,NED,WP,4:1,ESP,AVILA PRIETO FRANCISCO JOSE,KAZ,BATYROV NURBEK,29:28,FRA,FORGET ALAIN,27:30,UKR,SOKOLOV RUSLAN,28:29,ESP,FERNANDEZ FERNANDEZ JOSE RAMÓN,27:30,ENG,KHAN KAMRAN,28:29
1,MA. 3 FEB. 2026,15:30,RING A,3,3,3,Women,Elite Women - 57 Kg (EW-57kg),EW-57kg,MORELL RAMIREZ VANESA,ESP,PRACHI,IND,BLUE,PRACHI,IND,WP,5:0,ESP,FLORES SANTIAGO,FRA,FORGET ALAIN,26:30,KAZ,BATYROV NURBEK,27:30,UKR,SOKOLOV RUSLAN,26:30,ESP,AVILA PRIETO FRANCISCO JOSE,27:30,ENG,KHAN KAMRAN,26:30
1,MA. 3 FEB. 2026,15:30,RING A,3,4,4,Women,Elite Women - 60 Kg (EW-60kg),EW-60kg,PRIYA,IND,MANSUETTO ALESSIA,CAN,RED,PRIYA,IND,WP,5:0,ESP,MOYA FLORENTINO,FRA,FORGET ALAIN,30:26,ESP,FLORES SANTIAGO,30:27,UKR,SOKOLOV RUSLAN,30:27,ENG,KHAN KAMRAN,30:27,KAZ,BATYROV NURBEK,30:27
1,MA. 3 FEB. 2026,15:30,RING A,3,5,5,Women,Elite Women - 60 Kg (EW-60kg),EW-60kg,YERMEK AYAZHAN,KAZ,van der TOORN MAUD,NED,BLUE,van der TOORN MAUD,NED,WP,5:0,ESP,AVILA PRIETO FRANCISCO JOSE,UKR,SOKOLOV RUSLAN,27:30,FRA,FORGET ALAIN,28:29,ENG,KHAN KAMRAN,28:29,ESP,FERNANDEZ FERNANDEZ JOSE RAMÓN,28:29,ESP,MOYA FLORENTINO,28:29
1,MA. 3 FEB. 2026,15:30,RING A,3,6,6,Women,Elite Women - 65 Kg (EW-65kg),EW-65kg,SHEVCHENKO MARYNA,UKR,JILKOVÁ VIKTORIE,CZE,BLUE,JILKOVÁ VIKTORIE,CZE,WP,5:0,ENG,KHAN KAMRAN,ESP,FERNANDEZ FERNANDEZ JOSE RAMÓN,27:30,FRA,FORGET ALAIN,28:29,KAZ,BATYROV NURBEK,28:29,ESP,FLORES SANTIAGO,27:30,ESP,MOYA FLORENTINO,28:29
1,MA. 3 FEB. 2026,15:30,RING A,3,7,7,Women,Elite Women - 65 Kg (EW-65kg),EW-65kg,JENNI ANNA,SUI,SERIK NAZERKE,KAZ,BLUE,SERIK NAZERKE,KAZ,WP,5:0,ESP,FLORES SANTIAGO,ESP,MOYA FLORENTINO,27:30,ESP,FERNANDEZ FERNANDEZ JOSE RAMÓN,28:29,UKR,SOKOLOV RUSLAN,28:29,FRA,FORGET ALAIN,27:30,ENG,KHAN KAMRAN,28:29
1,MA. 3 FEB. 2026,15:30,RING A,3,8,8,Men,Elite Men - 60 Kg (EM-60kg),EM-60kg,AL CHABTUN MAHMOUD,NED,AL AHMADIEH KEOMA-ALI,CAN,BLUE,AL AHMADIEH KEOMA-ALI,CAN,WP,5:0,ESP,FERNANDEZ FERNANDEZ JOSE RAMÓN,ESP,AVILA PRIETO FRANCISCO JOSE,27:30,FRA,FORGET ALAIN,27:30,KAZ,BATYROV NURBEK,27:30,UKR,SOKOLOV RUSLAN,27:30,ENG,KHAN KAMRAN,27:30
1,MA. 3 FEB. 2026,15:30,RING A,4,9,9,Men,Elite Men - 60 Kg (EM-60kg),EM-60kg,MOHAMMED HUSSAM UDDIN,IND,BÜYÜKDEMIR MATIAS MEHMET,DEN,RED,MOHAMMED HUSSAM UDDIN,IND,WP,4:1,ESP,MOYA FLORENTINO,UKR,SOKOLOV RUSLAN,29:28,KAZ,BATYROV NURBEK,30:27,ESP,FERNANDEZ FERNANDEZ JOSE RAMÓN,29:28,FRA,FORGET ALAIN,29:28,ENG,KHAN KAMRAN,28:29
1,MA. 3 FEB. 2026,15:30,RING A,4,10,10,Men,Elite Men - 60 Kg (EM-60kg),EM-60kg,DAHLY ALI,UKR,RUAMTHAM SAKDA,THA,RED,DAHLY ALI,UKR,WP,5:0,KAZ,BATYROV NURBEK,ESP,AVILA PRIETO FRANCISCO JOSE,30:27,ESP,MOYA FLORENTINO,30:27,ESP,FLORES SANTIAGO,30:27,FRA,FORGET ALAIN,30:27,ENG,KHAN KAMRAN,29:28
1,MA. 3 FEB. 2026,15:30,RING A,4,11,11,Men,Elite Men - 65 Kg (EM-65kg),EM-65kg,MONTEIRO MARCIO,CPV,PIDNUCH KHUNATIP,THA,BLUE,PIDNUCH KHUNATIP,THA,WP,5:0,FRA,FORGET ALAIN,UKR,SOKOLOV RUSLAN,28:29,ESP,FLORES SANTIAGO,27:30,KAZ,BATYROV NURBEK,27:30,ESP,FERNANDEZ FERNANDEZ JOSE RAMÓN,27:30,ENG,KHAN KAMRAN,27:30
1,MA. 3 FEB. 2026,15:30,RING A,4,12,12,Men,Elite Men - 65 Kg (EM-65kg),EM-65kg,GULIYEV RASUL,UKR,OUNAI MOHAMED,FRA,BLUE,OUNAI MOHAMED,FRA,WP,4:1,ENG,KHAN KAMRAN,FRA,FORGET ALAIN,27:30,ESP,MOYA FLORENTINO,28:29,UKR,SOKOLOV RUSLAN,30:27,KAZ,BATYROV NURBEK,28:29,ESP,AVILA PRIETO FRANCISCO JOSE,27:30
1,MA. 3 FEB. 2026,15:30,RING A,4,13,13,Men,Elite Men - 65 Kg (EM-65kg),EM-65kg,TURNER JOE,ENG,YADAV ADITYA PRATAP,IND,RED,TURNER JOE,ENG,WP,4:1,ESP,FLORES SANTIAGO,UKR,SOKOLOV RUSLAN,28:29,ESP,FERNANDEZ FERNANDEZ JOSE RAMÓN,29:28,FRA,FORGET ALAIN,30:27,ESP,AVILA PRIETO FRANCISCO JOSE,29:28,KAZ,BATYROV NURBEK,29:28
1,MA. 3 FEB. 2026,15:30,RING A,4,14,14,Men,Elite Men - 65 Kg (EM-65kg),EM-65kg,JAMWAL ABHINASH,IND,OSMAN QALID,DEN,RED,JAMWAL ABHINASH,IND,WP,5:0,ESP,MOYA FLORENTINO,ENG,KHAN KAMRAN,30:27,KAZ,BATYROV NURBEK,30:27,FRA,FORGET ALAIN,29:28,ESP,AVILA PRIETO FRANCISCO JOSE,30:27,UKR,SOKOLOV RUSLAN,29:28
1,MA. 3 FEB. 2026,15:30,RING A,4,15,15,Men,Elite Men - 70 Kg (EM-70kg),EM-70kg,FORMENTO SANTOS KALED,ESP,SANTORIELLO VICENT,CAN,BLUE,SANTORIELLO VICENT,CAN,WP,4:1,ESP,MOYA FLORENTINO,UKR,SOKOLOV RUSLAN,29:28,ESP,FLORES SANTIAGO,28:29,FRA,FORGET ALAIN,27:30,ENG,KHAN KAMRAN,27:30,KAZ,BATYROV NURBEK,28:29
1,MA. 3 FEB. 2026,15:30,RING A,4,16,16,Men,Elite Men - 70 Kg (EM-70kg),EM-70kg,BOS FINN,NED,HITESH,IND,BLUE,HITESH,IND,WP,5:0,ESP,FERNANDEZ FERNANDEZ JOSE RAMÓN,FRA,FORGET ALAIN,27:30,ENG,KHAN KAMRAN,27:30,KAZ,BATYROV NURBEK,28:29,ESP,AVILA PRIETO FRANCISCO JOSE,28:29,UKR,SOKOLOV RUSLAN,27:30
1,MA. 3 FEB. 2026,15:30,RING A,5,17,17,Men,Elite Men - 70 Kg (EM-70kg),EM-70kg,LOMAKIN MARK,UKR,MAYUOM KOUC,DEN,BLUE,MAYUOM KOUC,DEN,WP,5:0,ESP,MOYA FLORENTINO,KAZ,BATYROV NURBEK,28:29,ESP,FERNANDEZ FERNANDEZ JOSE RAMÓN,27:30,ESP,AVILA PRIETO FRANCISCO JOSE,28:29,FRA,FORGET ALAIN,27:30,ENG,KHAN KAMRAN,28:29
1,MA. 3 FEB. 2026,15:30,RING A,5,18,18,Men,Elite Men - 70 Kg (EM-70kg),EM-70kg,MONTEIRO AILTON,CPV,SABYRKHAN TOREKHAN,KAZ,BLUE,SABYRKHAN TOREKHAN,KAZ,WP,5:0,FRA,FORGET ALAIN,UKR,SOKOLOV RUSLAN,28:29,ESP,FERNANDEZ FERNANDEZ JOSE RAMÓN,27:30,ENG,KHAN KAMRAN,27:30,ESP,FLORES SANTIAGO,27:30,ESP,MOYA FLORENTINO,27:30
1,MA. 3 FEB. 2026,15:30,RING A,5,19,19,Men,Elite Men - 75 Kg (EM-75kg),EM-75kg,TAVARES ADMILSON,CPV,SHAW-TULLIN KYLE,ENG,BLUE,SHAW-TULLIN KYLE,ENG,WP,5:0,UKR,SOKOLOV RUSLAN,ESP,FLORES SANTIAGO,27:30,ESP,AVILA PRIETO FRANCISCO JOSE,27:30,FRA,FORGET ALAIN,27:30,KAZ,BATYROV NURBEK,27:30,ESP,FERNANDEZ FERNANDEZ JOSE RAMÓN,27:30
1,MA. 3 FEB. 2026,15:30,RING A,5,20,20,Men,Elite Men - 75 Kg (EM-75kg),EM-75kg,AKASH,IND,ZAKKHARCHENKO NIKITA,UKR,RED,AKASH,IND,WP,4:1,ESP,AVILA PRIETO FRANCISCO JOSE,ENG,KHAN KAMRAN,30:27,ESP,MOYA FLORENTINO,30:27,FRA,FORGET ALAIN,28:29,ESP,FLORES SANTIAGO,29:28,KAZ,BATYROV NURBEK,29:28
1,MA. 3 FEB. 2026,15:30,RING A,5,21,21,Men,Elite Men - 80 Kg (EM-80kg),EM-80kg,GOMES EDMILSON,CPV,JONGJOHO WEERAPON,THA,BLUE,JONGJOHO WEERAPON,THA,WP,5:0,ESP,MOYA FLORENTINO,FRA,FORGET ALAIN,27:30,KAZ,BATYROV NURBEK,27:30,ESP,FERNANDEZ FERNANDEZ JOSE RAMÓN,27:30,UKR,SOKOLOV RUSLAN,27:30,ENG,KHAN KAMRAN,27:30
1,MA. 3 FEB. 2026,15:30,RING A,5,22,22,Men,Elite Men - 80 Kg (EM-80kg),EM-80kg,BEN OTHMEN RAYEN,BEL,RYSZARD GILEJ,POL,RED,BEN OTHMEN RAYEN,BEL,WP,5:0,UKR,SOKOLOV RUSLAN,KAZ,BATYROV NURBEK,30:27,FRA,FORGET ALAIN,30:27,ENG,KHAN KAMRAN,30:27,ESP,FERNANDEZ FERNANDEZ JOSE RAMÓN,30:27,ESP,FLORES SANTIAGO,30:27
1,MA. 3 FEB. 2026,15:30,RING A,5,23,23,Men,Elite Men - 80 Kg (EM-80kg),EM-80kg,COY BERNAL PABLO,ESP,MONTEIRO KEVIN,CPV,RED,COY BERNAL PABLO,ESP,ABD,R1,ESP,AVILA PRIETO FRANCISCO JOSE,UKR,SOKOLOV RUSLAN,-,KAZ,BATYROV NURBEK,-,ENG,KHAN KAMRAN,-,FRA,FORGET ALAIN,-,ESP,MOYA FLORENTINO,-
2,MA. 3 FEB. 2026,15:30,RING B,6,1,24,Women,Elite Women - 54 Kg (EW-54kg),EW-54kg,CHONGPRONGKLANG NATNICHA,THA,DELGADO MEDEIROS MIREN,ESP,RED,CHONGPRONGKLANG NATNICHA,THA,WP,5:0,KAZ,PARKHATOV MEIRKHAN,POR,TEIXEIRA SANDRA,29:28,SWE,BERNTZEN MATS,29:28,IND,NEELAM,30:27,ESP,ROMERO JOSE JUAN,30:26,ESP,ACENDRA LOPEZ EDILBERTO,30:27
2,MA. 3 FEB. 2026,15:30,RING B,6,2,25,Women,Elite Women - 57 Kg (EW-57kg),EW-57kg,RUENROS PUNRAWEE,THA,TERESI MALOÉ,FRA,RED,RUENROS PUNRAWEE,THA,WP,5:0,ESP,ALVAREZ IDAFE,POR,TEIXEIRA SANDRA,30:26,SWE,BERNTZEN MATS,30:25,ESP,ACENDRA LOPEZ EDILBERTO,30:27,IND,NEELAM,29:28,KAZ,PARKHATOV MEIRKHAN,30:27
2,MA. 3 FEB. 2026,15:30,RING B,6,3,26,Women,Elite Women - 57 Kg (EW-57kg),EW-57kg,AL AHMADIEH MARIE,CAN,BURGOS UCEDA DANIELA,ESP,RED,AL AHMADIEH MARIE,CAN,WP,4:1,ESP,ACENDRA LOPEZ EDILBERTO,IND,NEELAM,28:29,ESP,ROMERO JOSE JUAN,29:28,POR,TEIXEIRA SANDRA,29:28,KAZ,PARKHATOV MEIRKHAN,30:27,SWE,BERNTZEN MATS,30:27
2,MA. 3 FEB. 2026,15:30,RING B,6,4,27,Women,Elite Women - 60 Kg (EW-60kg),EW-60kg,DOVHAL TETIANA,UKR,NOVICEUR LISA,FRA,RED,DOVHAL TETIANA,UKR,WP,3:2,ESP,ROMERO JOSE JUAN,ESP,ALVAREZ IDAFE,29:28,KAZ,PARKHATOV MEIRKHAN,29:28,SWE,BERNTZEN MATS,28:29,POR,TEIXEIRA SANDRA,28:29,IND,NEELAM,30:27
2,MA. 3 FEB. 2026,15:30,RING B,6,5,28,Women,Elite Women - 60 Kg (EW-60kg),EW-60kg,SOMNUEK THANANYA,THA,GONZALEZ RODRIGUEZ ANA ISABEL,ESP,RED,SOMNUEK THANANYA,THA,WP,3:2,ESP,ALVAREZ IDAFE,IND,NEELAM,28:29,KAZ,PARKHATOV MEIRKHAN,29:28,ESP,ACENDRA LOPEZ EDILBERTO,27:30,POR,TEIXEIRA SANDRA,29:28,SWE,BERNTZEN MATS,30:26
2,MA. 3 FEB. 2026,15:30,RING B,6,6,29,Women,Elite Women - 65 Kg (EW-65kg),EW-65kg,HOPPEMA AALIYAH,NED,ALLEN KAYLA,ENG,BLUE,ALLEN KAYLA,ENG,WP,3:2,ESP,ACENDRA LOPEZ EDILBERTO,POR,TEIXEIRA SANDRA,28:29,ESP,ROMERO JOSE JUAN,29:28,IND,NEELAM,29:28,KAZ,PARKHATOV MEIRKHAN,27:30,SWE,BERNTZEN MATS,28:29
2,MA. 3 FEB. 2026,15:30,RING B,6,7,30,Women,Elite Women - 65 Kg (EW-65kg),EW-65kg,TANATAR ASSEM,KAZ,KAJAL,IND,BLUE,KAJAL,IND,WP,4:1,ESP,ROMERO JOSE JUAN,KAZ,PARKHATOV MEIRKHAN,30:27,POR,TEIXEIRA SANDRA,28:29,SWE,BERNTZEN MATS,28:29,ESP,ALVAREZ IDAFE,27:30,IND,NEELAM,28:29
2,MA. 3 FEB. 2026,15:30,RING B,6,8,31,Men,Elite Men - 60 Kg (EM-60kg),EM-60kg,EL AIDOUNI HAMEZA,BEL,ABDURAIMOV AIDER,UKR,BLUE,ABDURAIMOV AIDER,UKR,WP,5:0,ESP,ALVAREZ IDAFE,POR,TEIXEIRA SANDRA,26:30,IND,NEELAM,26:30,ESP,ACENDRA LOPEZ EDILBERTO,27:29,SWE,BERNTZEN MATS,24:30,KAZ,PARKHATOV MEIRKHAN,26:30
2,MA. 3 FEB. 2026,15:30,RING B,7,9,32,Men,Elite Men - 60 Kg (EM-60kg),EM-60kg,CHINEA COLLAZOS BRANDON ALEJANDRO,ESP,SACHIN,IND,BLUE,SACHIN,IND,WP,5:0,ESP,ACENDRA LOPEZ EDILBERTO,ESP,ROMERO JOSE JUAN,27:30,IND,NEELAM,27:30,POR,TEIXEIRA SANDRA,27:30,KAZ,PARKHATOV MEIRKHAN,27:30,SWE,BERNTZEN MATS,27:30
2,MA. 3 FEB. 2026,15:30,RING B,7,10,33,Men,Elite Men - 60 Kg (EM-60kg),EM-60kg,MELKUMIAN GEORGES BENIK,LUX,RAKHIMOV FUZAYL,CAN,RED,MELKUMIAN GEORGES BENIK,LUX,WP,3:2,IND,NEELAM,KAZ,PARKHATOV MEIRKHAN,29:28,POR,TEIXEIRA SANDRA,27:30,SWE,BERNTZEN MATS,28:29,ESP,ROMERO JOSE JUAN,29:28,ESP,ALVAREZ IDAFE,29:28
2,MA. 3 FEB. 2026,15:30,RING B,7,11,34,Men,Elite Men - 60 Kg (EM-60kg),EM-60kg,DRYDEN JACK,ENG,MOLDASHEV DAULET,KAZ,RED,DRYDEN JACK,ENG,WP,3:2,KAZ,PARKHATOV MEIRKHAN,POR,TEIXEIRA SANDRA,29:28,ESP,ALVAREZ IDAFE,30:27,ESP,ACENDRA LOPEZ EDILBERTO,29:28,IND,NEELAM,28:29,SWE,BERNTZEN MATS,28:29
2,MA. 3 FEB. 2026,15:30,RING B,7,12,35,Men,Elite Men - 65 Kg (EM-65kg),EM-65kg,TYMUR TSEBEN,POL,ALIIEV ELVIN,UKR,BLUE,ALIIEV ELVIN,UKR,RSC,R2,ESP,ROMERO JOSE JUAN,POR,TEIXEIRA SANDRA,9:10,KAZ,PARKHATOV MEIRKHAN,9:10,IND,NEELAM,9:10,ESP,ACENDRA LOPEZ EDILBERTO,9:10,SWE,BERNTZEN MATS,9:10
2,MA. 3 FEB. 2026,15:30,RING B,7,13,36,Men,Elite Men - 65 Kg (EM-65kg),EM-65kg,TOLTAYEV SANATALI,KAZ,LABRIE GABRIEL ALY,CAN,BLUE,LABRIE GABRIEL ALY,CAN,WP,3:0,KAZ,PARKHATOV MEIRKHAN,SWE,BERNTZEN MATS,19:19,IND,NEELAM,19:19,POR,TEIXEIRA SANDRA,18:20,ESP,ACENDRA LOPEZ EDILBERTO,18:20,ESP,ROMERO JOSE JUAN,18:20
2,MA. 3 FEB. 2026,15:30,RING B,7,14,37,Men,Elite Men - 65 Kg (EM-65kg),EM-65kg,TISAYEV RASUL,BEL,IBARRECHE CONDE OIER,ESP,BLUE,IBARRECHE CONDE OIER,ESP,WP,5:0,ESP,ROMERO JOSE JUAN,IND,NEELAM,28:29,SWE,BERNTZEN MATS,28:29,ESP,ALVAREZ IDAFE,27:30,KAZ,PARKHATOV MEIRKHAN,27:30,POR,TEIXEIRA SANDRA,28:29
2,MA. 3 FEB. 2026,15:30,RING B,7,15,38,Men,Elite Men - 70 Kg (EM-70kg),EM-70kg,MURSAL NURBEK,KAZ,CHANSOM WITTHAYA,THA,RED,MURSAL NURBEK,KAZ,RSC,R3,KAZ,PARKHATOV MEIRKHAN,POR,TEIXEIRA SANDRA,19:19,ESP,ALVAREZ IDAFE,20:17,SWE,BERNTZEN MATS,20:17,IND,NEELAM,20:18,ESP,ACENDRA LOPEZ EDILBERTO,20:17
2,MA. 3 FEB. 2026,15:30,RING B,7,16,39,Men,Elite Men - 70 Kg (EM-70kg),EM-70kg,KERR SONNY KEVIN,SCO,MATIAKUBOV BOZORBOI,UKR,BLUE,MATIAKUBOV BOZORBOI,UKR,WP,3:2,SWE,BERNTZEN MATS,KAZ,PARKHATOV MEIRKHAN,29:28,POR,TEIXEIRA SANDRA,28:29,ESP,ACENDRA LOPEZ EDILBERTO,27:30,IND,NEELAM,28:29,ESP,ROMERO JOSE JUAN,30:27
2,MA. 3 FEB. 2026,15:30,RING B,8,17,40,Men,Elite Men - 70 Kg (EM-70kg),EM-70kg,DEEPAK,IND,AYITEVI HORNEL,BEL,RED,DEEPAK,IND,WP,4:1,IND,NEELAM,KAZ,PARKHATOV MEIRKHAN,30:27,ESP,ALVAREZ IDAFE,30:27,POR,TEIXEIRA SANDRA,30:27,SWE,BERNTZEN MATS,28:29,ESP,ROMERO JOSE JUAN,30:27
2,MA. 3 FEB. 2026,15:30,RING B,8,18,41,Men,Elite Men - 70 Kg (EM-70kg),EM-70kg,NANGEMO MODY,SWE,ROSALÉN PRIETO DAVID EDEÑEL,ESP,BLUE,ROSALÉN PRIETO DAVID EDEÑEL,ESP,WP,5:0,ESP,ALVAREZ IDAFE,POR,TEIXEIRA SANDRA,28:29,ESP,ACENDRA LOPEZ EDILBERTO,27:30,KAZ,PARKHATOV MEIRKHAN,27:30,SWE,BERNTZEN MATS,27:30,IND,NEELAM,27:30
2,MA. 3 FEB. 2026,15:30,RING B,8,19,42,Men,Elite Men - 75 Kg (EM-75kg),EM-75kg,SALAS MANUEL BENI,BEL,GOMES JENARIO,NED,RED,SALAS MANUEL BENI,BEL,WP,4:1,SWE,BERNTZEN MATS,ESP,ALVAREZ IDAFE,29:28,KAZ,PARKHATOV MEIRKHAN,29:28,IND,NEELAM,29:28,POR,TEIXEIRA SANDRA,29:28,ESP,ROMERO JOSE JUAN,28:29
2,MA. 3 FEB. 2026,15:30,RING B,8,20,43,Men,Elite Men - 75 Kg (EM-75kg),EM-75kg,ZYGULA LUKASZ,POL,KONSBEKOV AMAN,KAZ,BLUE,KONSBEKOV AMAN,KAZ,WP,5:0,KAZ,PARKHATOV MEIRKHAN,POR,TEIXEIRA SANDRA,27:30,ESP,ALVAREZ IDAFE,27:30,IND,NEELAM,27:30,ESP,ACENDRA LOPEZ EDILBERTO,27:30,ESP,ROMERO JOSE JUAN,27:30
2,MA. 3 FEB. 2026,15:30,RING B,8,21,44,Men,Elite Men - 80 Kg (EM-80kg),EM-80kg,MALSAWMTLUANGA,IND,ANKUSH,IND,BLUE,ANKUSH,IND,WP,4:1,IND,NEELAM,ESP,ALVAREZ IDAFE,29:28,KAZ,PARKHATOV MEIRKHAN,27:30,ESP,ACENDRA LOPEZ EDILBERTO,28:29,SWE,BERNTZEN MATS,27:30,POR,TEIXEIRA SANDRA,27:30
2,MA. 3 FEB. 2026,15:30,RING B,8,22,45,Men,Elite Men - 80 Kg (EM-80kg),EM-80kg,ZHAKPEKOV YERASSYL,KAZ,OFORI JOSHUA,CAN,RED,ZHAKPEKOV YERASSYL,KAZ,WP,4:1,KAZ,PARKHATOV MEIRKHAN,IND,NEELAM,29:28,SWE,BERNTZEN MATS,30:27,POR,TEIXEIRA SANDRA,28:29,ESP,ROMERO JOSE JUAN,29:28,ESP,ACENDRA LOPEZ EDILBERTO,30:27
2,MA. 3 FEB. 2026,15:30,RING B,8,23,46,Men,Elite Men - 80 Kg (EM-80kg),EM-80kg,KULIIEV DZHAMAL,UKR,BEKTAS AZAMAT,KAZ,BLUE,BEKTAS AZAMAT,KAZ,WP,3:2,KAZ,PARKHATOV MEIRKHAN,POR,TEIXEIRA SANDRA,29:28,ESP,ACENDRA LOPEZ EDILBERTO,28:29,SWE,BERNTZEN MATS,30:27,IND,NEELAM,28:29,ESP,ROMERO JOSE JUAN,28:29
3,MI. 4 FEB. 2026,15:30,RING A,9,1,47,Women,Elite Women - 48 Kg (EW-48kg),EW-48kg,D´ALMEIDA GLORIA,FRA,RANI MANJU,IND,BLUE,RANI MANJU,IND,WP,5:0,KAZ,BATYROV NURBEK,UKR,SOKOLOV RUSLAN,27:30,ESP,MOYA FLORENTINO,27:30,ESP,FLORES SANTIAGO,27:30,ENG,KHAN KAMRAN,27:30,ESP,AVILA PRIETO FRANCISCO JOSE,27:30
3,MI. 4 FEB. 2026,15:30,RING A,9,2,48,Women,Elite Women - 51 Kg (EW-51kg),EW-51kg,MARYNCHUK YAROSLAVA,UKR,WRIGHT MCKENZIE,CAN,BLUE,WRIGHT MCKENZIE,CAN,WP,5:0,UKR,SOKOLOV RUSLAN,ESP,FERNANDEZ FERNANDEZ JOSE RAMÓN,28:29,ENG,KHAN KAMRAN,27:30,ESP,FLORES SANTIAGO,28:29,FRA,FORGET ALAIN,27:30,KAZ,BATYROV NURBEK,28:29
3,MI. 4 FEB. 2026,15:30,RING A,9,3,49,Women,Elite Women - 51 Kg (EW-51kg),EW-51kg,BARCELÓ CALDERÓN LAURA,ESP,NITU,IND,BLUE,NITU,IND,RSC,R1,ESP,AVILA PRIETO FRANCISCO JOSE,KAZ,BATYROV NURBEK,-,UKR,SOKOLOV RUSLAN,-,ESP,MOYA FLORENTINO,-,ENG,KHAN KAMRAN,-,FRA,FORGET ALAIN,-
3,MI. 4 FEB. 2026,15:30,RING A,9,4,50,Women,Elite Women - 51 Kg (EW-51kg),EW-51kg,ALCAÑIZ APARICI CLAUDIA,ESP,KUSUM,IND,BLUE,KUSUM,IND,WP,4:1,ESP,MOYA FLORENTINO,KAZ,BATYROV NURBEK,27:30,ENG,KHAN KAMRAN,28:29,FRA,FORGET ALAIN,27:30,UKR,SOKOLOV RUSLAN,27:30,ESP,FLORES SANTIAGO,29:28
3,MI. 4 FEB. 2026,15:30,RING A,9,5,51,Women,Elite Women - 51 Kg (EW-51kg),EW-51kg,GUO YI-XUAN,TPE,RAKSAT CHUTHAMAT,THA,BLUE,RAKSAT CHUTHAMAT,THA,WP,5:0,ESP,FERNANDEZ FERNANDEZ JOSE RAMÓN,KAZ,BATYROV NURBEK,27:30,ESP,AVILA PRIETO FRANCISCO JOSE,27:30,UKR,SOKOLOV RUSLAN,27:30,FRA,FORGET ALAIN,28:29,ENG,KHAN KAMRAN,27:30
3,MI. 4 FEB. 2026,15:30,RING A,9,6,52,Women,Elite Women - 70 Kg (EW-70kg),EW-70kg,MARTINEZ MAS DUNIA,ESP,MONTEMIGLIO MAEVA,CAN,RED,MARTINEZ MAS DUNIA,ESP,WP,4:1,ESP,AVILA PRIETO FRANCISCO JOSE,UKR,SOKOLOV RUSLAN,30:27,FRA,FORGET ALAIN,28:29,ESP,FLORES SANTIAGO,29:28,ENG,KHAN KAMRAN,29:28,KAZ,BATYROV NURBEK,30:27
3,MI. 4 FEB. 2026,15:30,RING A,9,7,53,Women,Elite Women - 70 Kg (EW-70kg),EW-70kg,ISSINA AZIZA,KAZ,CHOURDHARY ARUNDHATI,IND,BLUE,CHOURDHARY ARUNDHATI,IND,WP,5:0,KAZ,BATYROV NURBEK,ESP,AVILA PRIETO FRANCISCO JOSE,27:30,FRA,FORGET ALAIN,27:30,ESP,FLORES SANTIAGO,27:30,UKR,SOKOLOV RUSLAN,26:30,ENG,KHAN KAMRAN,26:30
3,MI. 4 FEB. 2026,15:30,RING A,9,8,54,Women,Elite Women - 75 Kg (EW-75kg),EW-75kg,SOKOLOVSKA ANASTASIYA,ESP,ECCLES ROSIE,WAL,BLUE,ECCLES ROSIE,WAL,WP,5:0,ESP,FLORES SANTIAGO,KAZ,BATYROV NURBEK,27:30,FRA,FORGET ALAIN,27:30,UKR,SOKOLOV RUSLAN,27:30,ENG,KHAN KAMRAN,27:30,ESP,FERNANDEZ FERNANDEZ JOSE RAMÓN,27:30
3,MI. 4 FEB. 2026,15:30,RING A,10,9,55,Women,Elite Women - 75 Kg (EW-75kg),EW-75kg,PYLYPCHUK OLHA,UKR,BORGOHAIN LOVLINA,IND,BLUE,BORGOHAIN LOVLINA,IND,WP,5:0,UKR,SOKOLOV RUSLAN,KAZ,BATYROV NURBEK,27:30,ESP,AVILA PRIETO FRANCISCO JOSE,27:30,FRA,FORGET ALAIN,27:30,ESP,MOYA FLORENTINO,27:30,ENG,KHAN KAMRAN,27:30
3,MI. 4 FEB. 2026,15:30,RING A,10,10,56,Men,Elite Men - 50 Kg (EM-50kg),EM-50kg,TASHKENBAY SANZHAR,KAZ,SINGH RISHI,IND,RED,TASHKENBAY SANZHAR,KAZ,WP,4:1,KAZ,BATYROV NURBEK,ESP,FERNANDEZ FERNANDEZ JOSE RAMÓN,29:28,ESP,AVILA PRIETO FRANCISCO JOSE,28:29,FRA,FORGET ALAIN,30:27,ESP,FLORES SANTIAGO,30:27,UKR,SOKOLOV RUSLAN,30:27
3,MI. 4 FEB. 2026,15:30,RING A,10,11,57,Men,Elite Men - 55 Kg (EM-55kg),EM-55kg,TURBIDE ALEXIS,CAN,WANUKAGA ALVIN,SWE,BLUE,WANUKAGA ALVIN,SWE,WP,3:1,FRA,FORGET ALAIN,ENG,KHAN KAMRAN,28:29,ESP,FLORES SANTIAGO,28:28,UKR,SOKOLOV RUSLAN,28:29,ESP,FERNANDEZ FERNANDEZ JOSE RAMÓN,29:28,KAZ,BATYROV NURBEK,28:29
3,MI. 4 FEB. 2026,15:30,RING A,10,12,58,Men,Elite Men - 55 Kg (EM-55kg),EM-55kg,SABYRKHAN MAKHMUD,KAZ,GAUCHER IZAYA,FRA,RED,SABYRKHAN MAKHMUD,KAZ,WP,4:1,ESP,MOYA FLORENTINO,FRA,FORGET ALAIN,28:29,UKR,SOKOLOV RUSLAN,29:28,ENG,KHAN KAMRAN,29:28,ESP,AVILA PRIETO FRANCISCO JOSE,30:27,KAZ,BATYROV NURBEK,30:27
3,MI. 4 FEB. 2026,15:30,RING A,10,13,59,Men,Elite Men - 55 Kg (EM-55kg),EM-55kg,PENG CHIA-FENG,TPE,CHULIACHEIEV OLEH,UKR,RED,PENG CHIA-FENG,TPE,WP,4:1,UKR,SOKOLOV RUSLAN,ESP,AVILA PRIETO FRANCISCO JOSE,29:28,KAZ,BATYROV NURBEK,30:27,ENG,KHAN KAMRAN,28:29,ESP,MOYA FLORENTINO,30:27,FRA,FORGET ALAIN,30:27
3,MI. 4 FEB. 2026,15:30,RING A,10,14,60,Men,Elite Men - 55 Kg (EM-55kg),EM-55kg,MUKHAMMADIIEV SIIOVUSH,UKR,MANDENGBAM JADUMANI SINGH,IND,BLUE,MANDENGBAM JADUMANI SINGH,IND,WP,4:1,UKR,SOKOLOV RUSLAN,ESP,FLORES SANTIAGO,27:30,ESP,AVILA PRIETO FRANCISCO JOSE,29:28,ENG,KHAN KAMRAN,27:30,KAZ,BATYROV NURBEK,28:29,FRA,FORGET ALAIN,28:29
3,MI. 4 FEB. 2026,15:30,RING A,10,15,61,Men,Elite Men - 70 Kg (EM-70kg),EM-70kg,SANTORIELLO VINCENT,CAN,HITESH,IND,BLUE,HITESH,IND,WP,5:0,ESP,FERNANDEZ FERNANDEZ JOSE RAMÓN,FRA,FORGET ALAIN,28:29,UKR,SOKOLOV RUSLAN,27:30,KAZ,BATYROV NURBEK,27:30,ESP,FLORES SANTIAGO,28:29,ENG,KHAN KAMRAN,28:29
3,MI. 4 FEB. 2026,15:30,RING A,10,16,62,Men,Elite Men - 70 Kg (EM-70kg),EM-70kg,MAYUOM KOUC,DEN,SABYRKHAN TOREKHAN,KAZ,BLUE,SABYRKHAN TOREKHAN,KAZ,WP,5:0,KAZ,BATYROV NURBEK,ESP,AVILA PRIETO FRANCISCO JOSE,27:30,FRA,FORGET ALAIN,28:29,UKR,SOKOLOV RUSLAN,27:30,ENG,KHAN KAMRAN,28:29,ESP,FERNANDEZ FERNANDEZ JOSE RAMÓN,28:29
3,MI. 4 FEB. 2026,15:30,RING A,11,17,63,Men,Elite Men - 80 Kg (EM-80kg),EM-80kg,ILLIUSHA PAVLO,UKR,JONGJOHO WEERAPON,THA,RED,ILLIUSHA PAVLO,UKR,WP,4:1,UKR,SOKOLOV RUSLAN,ESP,MOYA FLORENTINO,29:28,FRA,FORGET ALAIN,27:30,ESP,FLORES SANTIAGO,29:28,ENG,KHAN KAMRAN,29:28,KAZ,BATYROV NURBEK,30:27
3,MI. 4 FEB. 2026,15:30,RING A,11,18,64,Men,Elite Men - 80 Kg (EM-80kg),EM-80kg,BEN OTHMEN RAYEN,BEL,COY BERNAL PABLO,ESP,BLUE,COY BERNAL PABLO,ESP,WP,4:1,ESP,FERNANDEZ FERNANDEZ JOSE RAMÓN,UKR,SOKOLOV RUSLAN,28:29,FRA,FORGET ALAIN,28:29,KAZ,BATYROV NURBEK,28:29,ENG,KHAN KAMRAN,29:28,ESP,MOYA FLORENTINO,27:30
3,MI. 4 FEB. 2026,15:30,RING A,11,19,65,Men,Elite Men - 85 Kg (EM-85kg),EM-85kg,FRESNEDA RICARDO ADRIAN,ESP,JUGNOO,IND,RED,FRESNEDA RICARDO ADRIAN,ESP,WP,4:1,ESP,AVILA PRIETO FRANCISCO JOSE,KAZ,BATYROV NURBEK,30:27,ESP,FERNANDEZ FERNANDEZ JOSE RAMÓN,29:28,FRA,FORGET ALAIN,28:29,UKR,SOKOLOV RUSLAN,30:27,ENG,KHAN KAMRAN,30:27
3,MI. 4 FEB. 2026,15:30,RING A,11,20,66,Men,Elite Men - 85 Kg (EM-85kg),EM-85kg,ORALBAY NURBEK,KAZ,ZHASAN DANYLO,UKR,RED,ORALBAY NURBEK,KAZ,WP,3:2,ESP,MOYA FLORENTINO,UKR,SOKOLOV RUSLAN,28:29,FRA,FORGET ALAIN,28:29,ENG,KHAN KAMRAN,29:28,KAZ,BATYROV NURBEK,30:27,ESP,AVILA PRIETO FRANCISCO JOSE,30:27
3,MI. 4 FEB. 2026,15:30,RING A,11,21,67,Men,Elite Men - 90 Kg (EM-90kg),EM-90kg,RAKHMANOV ONGTALAP,KAZ,KERMAS LEON,EST,RED,RAKHMANOV ONGTALAP,KAZ,WP,5:0,KAZ,BATYROV NURBEK,ESP,FLORES SANTIAGO,30:27,ENG,KHAN KAMRAN,30:27,FRA,FORGET ALAIN,30:27,UKR,SOKOLOV RUSLAN,30:27,ESP,FERNANDEZ FERNANDEZ JOSE RAMÓN,30:27
3,MI. 4 FEB. 2026,15:30,RING A,11,22,68,Men,Elite Men - 90 Kg (EM-90kg),EM-90kg,CHOUDHARY HARSH,IND,COLWELL BRYAN,CAN,RED,CHOUDHARY HARSH,IND,WP,5:0,ESP,AVILA PRIETO FRANCISCO JOSE,UKR,SOKOLOV RUSLAN,30:27,ESP,MOYA FLORENTINO,30:27,KAZ,BATYROV NURBEK,30:27,FRA,FORGET ALAIN,30:27,ENG,KHAN KAMRAN,29:28
4,MI. 4 FEB. 2026,15:30,RING A,12,1,70,Women,Elite Women - 51 Kg (EW-51kg),EW-51kg,GUTIERREZ SALMERON NOELIA,ESP,ABDUMEZHITOVA RAKHMINA,KAZ,RED,GUTIERREZ SALMERON NOELIA,ESP,WP,5:0,ESP,ALVAREZ IDAFE,SWE,BERNTZEN MATS,29:28,IND,NEELAM,30:27,ESP,ROMERO JOSE JUAN,30:27,POR,TEIXEIRA SANDRA,30:27,KAZ,PARKHATOV MEIRKHAN,29:28
4,MI. 4 FEB. 2026,15:30,RING A,12,2,71,Women,Elite Women - 51 Kg (EW-51kg),EW-51kg,OSTROVSKA TETIANA,UKR,BOUREGA MAYSSOUN,FRA,BLUE,BOUREGA MAYSSOUN,FRA,WP,5:0,ESP,ROMERO JOSE JUAN,SWE,BERNTZEN MATS,27:29,KAZ,PARKHATOV MEIRKHAN,27:30,ESP,ALVAREZ IDAFE,27:30,POR,TEIXEIRA SANDRA,28:29,IND,NEELAM,27:30
4,MI. 4 FEB. 2026,15:30,RING A,12,3,72,Women,Elite Women - 51 Kg (EW-51kg),EW-51kg,MOPIN KAELYA,FRA,POKUSAI TAISSIA,UKR,BLUE,POKUSAI TAISSIA,UKR,WP,3:2,ESP,ACENDRA LOPEZ EDILBERTO,IND,NEELAM,28:29,KAZ,PARKHATOV MEIRKHAN,28:29,POR,TEIXEIRA SANDRA,29:28,ESP,ROMERO JOSE JUAN,29:28,SWE,BERNTZEN MATS,27:30
4,MI. 4 FEB. 2026,15:30,RING A,12,4,73,Women,Elite Women - 51 Kg (EW-51kg),EW-51kg,OULKADI EL IDRISSI SARA,ESP,CHIU CHING-YU,TPE,BLUE,CHIU CHING-YU,TPE,WP,5:0,ESP,ALVAREZ IDAFE,POR,TEIXEIRA SANDRA,28:29,IND,NEELAM,27:30,SWE,BERNTZEN MATS,27:30,KAZ,PARKHATOV MEIRKHAN,27:30,ESP,ROMERO JOSE JUAN,27:30
4,MI. 4 FEB. 2026,15:30,RING A,12,5,74,Women,Elite Women - 70 Kg (EW-70kg),EW-70kg,SNEHA,IND,BADIN ANDREA,FRA,BLUE,BADIN ANDREA,FRA,WP,4:1,IND,NEELAM,SWE,BERNTZEN MATS,29:28,ESP,ACENDRA LOPEZ EDILBERTO,28:29,ESP,ALVAREZ IDAFE,28:29,POR,TEIXEIRA SANDRA,28:29,KAZ,PARKHATOV MEIRKHAN,27:30
4,MI. 4 FEB. 2026,15:30,RING A,12,6,75,Women,Elite Women - 70 Kg (EW-70kg),EW-70kg,TARAN ANASTASIIA,UKR,LOPEZ MOTA LORENA,ESP,RED,TARAN ANASTASIIA,UKR,RSC,R2,ESP,ROMERO JOSE JUAN,POR,TEIXEIRA SANDRA,10:9,IND,NEELAM,10:9,ESP,ALVAREZ IDAFE,10:9,KAZ,PARKHATOV MEIRKHAN,10:9,SWE,BERNTZEN MATS,10:9
4,MI. 4 FEB. 2026,15:30,RING A,12,7,76,Women,Elite Women - 75 Kg (EW-75kg),EW-75kg,THOKCHOM SANAMACHA CHANU,IND,PENNEY VIKTORIA,CAN,RED,THOKCHOM SANAMACHA CHANU,IND,WP,4:1,IND,NEELAM,ESP,ROMERO JOSE JUAN,30:27,KAZ,PARKHATOV MEIRKHAN,28:29,POR,TEIXEIRA SANDRA,29:28,SWE,BERNTZEN MATS,29:28,ESP,ACENDRA LOPEZ EDILBERTO,30:27
4,MI. 4 FEB. 2026,15:30,RING A,12,8,77,Women,Elite Women - 75 Kg (EW-75kg),EW-75kg,SMITH MARY-KATE,ENG,GARCIA ADAME ALMA,ESP,RED,SMITH MARY-KATE,ENG,WP,5:0,ESP,ACENDRA LOPEZ EDILBERTO,SWE,BERNTZEN MATS,30:25,IND,NEELAM,30:27,ESP,ALVAREZ IDAFE,30:27,POR,TEIXEIRA SANDRA,30:25,KAZ,PARKHATOV MEIRKHAN,30:26
4,MI. 4 FEB. 2026,15:30,RING A,13,9,78,Men,Elite Men - 50 Kg (EM-50kg),EM-50kg,ROCK ISAIAH,CAN,ONGAROV NURZAT,KAZ,BLUE,ONGAROV NURZAT,KAZ,WP,5:0,KAZ,PARKHATOV MEIRKHAN,POR,TEIXEIRA SANDRA,27:30,SWE,BERNTZEN MATS,27:30,IND,NEELAM,27:30,ESP,ACENDRA LOPEZ EDILBERTO,27:30,ESP,ROMERO JOSE JUAN,27:30
4,MI. 4 FEB. 2026,15:30,RING A,13,10,79,Men,Elite Men - 50 Kg (EM-50kg),EM-50kg,RUDYK MAKSYM,UKR,MAGHRAOUI FRYHAH ISMAEL,ESP,BLUE,MAGHRAOUI FRYHAH ISMAEL,ESP,RSC,R3,ESP,ALVAREZ IDAFE,POR,TEIXEIRA SANDRA,20:18,ESP,ROMERO JOSE JUAN,19:19,KAZ,PARKHATOV MEIRKHAN,19:19,SWE,BERNTZEN MATS,20:18,IND,NEELAM,19:19
4,MI. 4 FEB. 2026,15:30,RING A,13,11,80,Men,Elite Men - 55 Kg (EM-55kg),EM-55kg,BARTWAL PAWAN,IND,SAENGPHET THANARAT,THA,RED,BARTWAL PAWAN,IND,ABD,R2,IND,NEELAM,ESP,ROMERO JOSE JUAN,10:9,POR,TEIXEIRA SANDRA,10:9,KAZ,PARKHATOV MEIRKHAN,10:9,ESP,ACENDRA LOPEZ EDILBERTO,10:9,SWE,BERNTZEN MATS,10:9
4,MI. 4 FEB. 2026,15:30,RING A,13,12,81,Men,Elite Men - 55 Kg (EM-55kg),EM-55kg,ZYMENKO MAKSYM,UKR,TROWBRIDGE ELLIS,ENG,BLUE,TROWBRIDGE ELLIS,ENG,WP,4:1,SWE,BERNTZEN MATS,ESP,ROMERO JOSE JUAN,28:28 *,KAZ,PARKHATOV MEIRKHAN,29:27,IND,NEELAM,28:28 *,ESP,ALVAREZ IDAFE,27:29,POR,TEIXEIRA SANDRA,28:28 *
4,MI. 4 FEB. 2026,15:30,RING A,13,13,82,Men,Elite Men - 55 Kg (EM-55kg),EM-55kg,CULLEM AARON ANDREW,SCO,BORANBEK BEXULTAN,KAZ,BLUE,BORANBEK BEXULTAN,KAZ,WP,5:0,KAZ,PARKHATOV MEIRKHAN,ESP,ALVAREZ IDAFE,27:30,IND,NEELAM,28:29,POR,TEIXEIRA SANDRA,28:29,ESP,ROMERO JOSE JUAN,27:30,SWE,BERNTZEN MATS,28:29
4,MI. 4 FEB. 2026,15:30,RING A,13,14,83,Men,Elite Men - 55 Kg (EM-55kg),EM-55kg,MOLINA SALVADOR MARTIN,ESP,TOMINES MAXIMUS,CAN,BLUE,TOMINES MAXIMUS,CAN,WP,5:0,ESP,ACENDRA LOPEZ EDILBERTO,KAZ,PARKHATOV MEIRKHAN,28:29,IND,NEELAM,27:30,POR,TEIXEIRA SANDRA,27:30,SWE,BERNTZEN MATS,27:30,ESP,ROMERO JOSE JUAN,27:30
4,MI. 4 FEB. 2026,15:30,RING A,13,15,84,Men,Elite Men - 70 Kg (EM-70kg),EM-70kg,MURSAL NURBEK,KAZ,MATIAKUBOV BOZORBOI,UKR,RED,MURSAL NURBEK,KAZ,WO,,,,,,-,,,-,,,,,,,,,
4,MI. 4 FEB. 2026,15:30,RING A,13,16,85,Men,Elite Men - 70 Kg (EM-70kg),EM-70kg,DEEPAK,IND,ROSALÉN PRIETO DAVID EDEÑEL,ESP,RED,DEEPAK,IND,WP,5:0,ESP,ROMERO JOSE JUAN,ESP,ALVAREZ IDAFE,29:28,IND,NEELAM,30:27,KAZ,PARKHATOV MEIRKHAN,30:27,POR,TEIXEIRA SANDRA,29:28,SWE,BERNTZEN MATS,30:27
4,MI. 4 FEB. 2026,15:30,RING A,14,17,86,Men,Elite Men - 80 Kg (EM-80kg),EM-80kg,ANKUSH,IND,ZHAKPEKOV YERASSYL,KAZ,RED,ANKUSH,IND,WP,3:2,ESP,ALVAREZ IDAFE,ESP,ACENDRA LOPEZ EDILBERTO,30:27,POR,TEIXEIRA SANDRA,29:28,KAZ,PARKHATOV MEIRKHAN,27:30,SWE,BERNTZEN MATS,28:29,IND,NEELAM,29:28
4,MI. 4 FEB. 2026,15:30,RING A,14,18,87,Men,Elite Men - 80 Kg (EM-80kg),EM-80kg,BEKTAS AZAMAT,KAZ,CARCAMO UMAR,CAN,RED,BEKTAS AZAMAT,KAZ,WP,5:0,KAZ,PARKHATOV MEIRKHAN,POR,TEIXEIRA SANDRA,29:28,SWE,BERNTZEN MATS,30:27,ESP,ACENDRA LOPEZ EDILBERTO,30:27,ESP,ALVAREZ IDAFE,29:28,IND,NEELAM,30:27
4,MI. 4 FEB. 2026,15:30,RING A,14,19,88,Men,Elite Men - 85 Kg (EM-85kg),EM-85kg,RAZHBA MATVII,UKR,PANAH ARYAN SAED,NEU,BLUE,PANAH ARYAN SAED,NEU,WP,5:0,POR,TEIXEIRA SANDRA,ESP,ACENDRA LOPEZ EDILBERTO,27:30,IND,NEELAM,27:30,SWE,BERNTZEN MATS,27:30,ESP,ALVAREZ IDAFE,27:30,KAZ,PARKHATOV MEIRKHAN,27:30
4,MI. 4 FEB. 2026,15:30,RING A,14,20,89,Men,Elite Men - 85 Kg (EM-85kg),EM-85kg,LAKTIONOV MYKOLA,UKR,IBAÑEZ MATAIX RUBEN,ESP,RED,LAKTIONOV MYKOLA,UKR,RSC-I,R2,ESP,ACENDRA LOPEZ EDILBERTO,KAZ,PARKHATOV MEIRKHAN,10:9,SWE,BERNTZEN MATS,10:9,ESP,ROMERO JOSE JUAN,10:9,POR,TEIXEIRA SANDRA,10:9,IND,NEELAM,10:9
4,MI. 4 FEB. 2026,15:30,RING A,14,21,90,Men,Elite Men - 90 Kg (EM-90kg),EM-90kg,SOUKOUNA KANDORO,FRA,TANWAR NAMAN,IND,RED,SOUKOUNA KANDORO,FRA,WP,4:1,IND,NEELAM,POR,TEIXEIRA SANDRA,30:27,ESP,ALVAREZ IDAFE,29:28,ESP,ROMERO JOSE JUAN,29:28,SWE,BERNTZEN MATS,28:29,KAZ,PARKHATOV MEIRKHAN,29:28
4,MI. 4 FEB. 2026,15:30,RING A,14,22,91,Men,Elite Men - 90 Kg (EM-90kg),EM-90kg,BELEZIKA ELWIN,SWE,PALAU CONTINENTE GUILLERMO,ESP,RED,BELEZIKA ELWIN,SWE,WP,5:0,ESP,ACENDRA LOPEZ EDILBERTO,ESP,ALVAREZ IDAFE,30:27,POR,TEIXEIRA SANDRA,30:27,KAZ,PARKHATOV MEIRKHAN,30:27,IND,NEELAM,29:28,SWE,BERNTZEN MATS,30:27
5,MI. 5 FEB. 2025,15:30,RING A,15,1,92,Women,Elite Women - 51 Kg (EW-51kg),EW-51kg,WRIGHT MCKENZIE,CAN,NITU,IND,BLUE,NITU,IND,WP,5:0,FRA,FORGET ALAIN,ENG,KHAN KAMRAN,26:30,ESP,FERNANDEZ FERNANDEZ JOSE RAMÓN,26:30,UKR,SOKOLOV RUSLAN,26:30,KAZ,BATYROV NURBEK,26:30,ESP,AVILA PRIETO FRANCISCO JOSE,26:30
5,MI. 5 FEB. 2025,15:30,RING A,15,2,93,Women,Elite Women - 51 Kg (EW-51kg),EW-51kg,KUSUM,IND,RAKSAT CHUTHAMAT,THA,BLUE,RAKSAT CHUTHAMAT,THA,WP,5:0,ESP,FLORES SANTIAGO,KAZ,BATYROV NURBEK,27:30,UKR,SOKOLOV RUSLAN,27:30,ESP,MOYA FLORENTINO,28:29,ENG,KHAN KAMRAN,27:30,FRA,FORGET ALAIN,27:30
5,MI. 5 FEB. 2025,15:30,RING A,15,3,94,Women,Elite Women - 54 Kg (EW-54kg),EW-54kg,GONZALEZ CACERES MARIA,ESP,PREETI,IND,BLUE,PREETI,IND,ABD,R3,ESP,FERNANDEZ FERNANDEZ JOSE RAMÓN,UKR,SOKOLOV RUSLAN,19:19,ENG,KHAN KAMRAN,18:20,ESP,AVILA PRIETO FRANCISCO JOSE,19:19,FRA,FORGET ALAIN,18:20,KAZ,BATYROV NURBEK,19:19
5,MI. 5 FEB. 2025,15:30,RING A,15,4,95,Women,Elite Women - 54 Kg (EW-54kg),EW-54kg,SHKEUL VICTORIIA,UKR,HAMDI AYA,FRA,BLUE,HAMDI AYA,FRA,WP,4:1,ESP,MOYA FLORENTINO,KAZ,BATYROV NURBEK,28:29,FRA,FORGET ALAIN,27:30,ESP,FLORES SANTIAGO,27:30,UKR,SOKOLOV RUSLAN,29:28,ENG,KHAN KAMRAN,27:30
5,MI. 5 FEB. 2025,15:30,RING A,15,5,96,Women,Elite Women - 57 Kg (EW-57kg),EW-57kg,CARDENAS FERNANDEZ ANDREA,ESP,WEERHEIM GABRIELLA,NED,BLUE,WEERHEIM GABRIELLA,NED,WP,5:0,ESP,AVILA PRIETO FRANCISCO JOSE,FRA,FORGET ALAIN,27:30,UKR,SOKOLOV RUSLAN,27:30,KAZ,BATYROV NURBEK,27:30,ENG,KHAN KAMRAN,27:30,ESP,FERNANDEZ FERNANDEZ JOSE RAMÓN,27:30
5,MI. 5 FEB. 2025,15:30,RING A,15,6,97,Women,Elite Women - 57 Kg (EW-57kg),EW-57kg,PRACHI,IND,PARSONS VIVIEN,ENG,BLUE,PARSONS VIVIEN,ENG,WP,3:0,KAZ,BATYROV NURBEK,UKR,SOKOLOV RUSLAN,27:29,FRA,FORGET ALAIN,26:30,ESP,MOYA FLORENTINO,27:29,ESP,FERNANDEZ FERNANDEZ JOSE RAMÓN,28:28,ESP,AVILA PRIETO FRANCISCO JOSE,28:28
5,MI. 5 FEB. 2025,15:30,RING A,15,7,98,Women,Elite Women - 60 Kg (EW-60kg),EW-60kg,GALANO LOPEZ LAURA,ESP,PRIYA,IND,BLUE,PRIYA,IND,WP,5:0,ESP,FLORES SANTIAGO,ESP,MOYA FLORENTINO,25:30,KAZ,BATYROV NURBEK,27:30,FRA,FORGET ALAIN,27:30,UKR,SOKOLOV RUSLAN,27:30,ENG,KHAN KAMRAN,26:30
5,MI. 5 FEB. 2025,15:30,RING A,15,8,99,Women,Elite Women - 60 Kg (EW-60kg),EW-60kg,van der TOORN MAUD,NED,GRAFEYEVA YEVGENIYA,KAZ,RED,van der TOORN MAUD,NED,WP,4:0,FRA,FORGET ALAIN,ESP,AVILA PRIETO FRANCISCO JOSE,30:27,ESP,FERNANDEZ FERNANDEZ JOSE RAMÓN,28:28,UKR,SOKOLOV RUSLAN,30:27,ESP,FLORES SANTIAGO,30:27,ENG,KHAN KAMRAN,30:27
5,MI. 5 FEB. 2025,15:30,RING A,16,9,100,Women,Elite Women - 65 Kg (EW-65kg),EW-65kg,YADAV PRANJAL,IND,JILKOVÁ VIKTORIE,CZE,RED,YADAV PRANJAL,IND,WP,5:0,ESP,MOYA FLORENTINO,KAZ,BATYROV NURBEK,30:27,UKR,SOKOLOV RUSLAN,30:27,ENG,KHAN KAMRAN,29:28,FRA,FORGET ALAIN,30:27,ESP,FERNANDEZ FERNANDEZ JOSE RAMÓN,30:27
5,MI. 5 FEB. 2025,15:30,RING A,16,10,101,Women,Elite Women - 65 Kg (EW-65kg),EW-65kg,SERIK NAZERKE,KAZ,SOTO TORRES MARIANA,ESP,RED,SERIK NAZERKE,KAZ,WP,3:2,ESP,FLORES SANTIAGO,KAZ,BATYROV NURBEK,29:28,FRA,FORGET ALAIN,29:28,UKR,SOKOLOV RUSLAN,29:28,ENG,KHAN KAMRAN,27:30,ESP,AVILA PRIETO FRANCISCO JOSE,28:29
5,MI. 5 FEB. 2025,15:30,RING A,16,11,102,Men,Elite Men - 55 Kg (EM-55kg),EM-55kg,WANUKAGA ALVIN,SWE,SABYRKHAN MAKHMUD,KAZ,BLUE,SABYRKHAN MAKHMUD,KAZ,WP,5:0,ESP,AVILA PRIETO FRANCISCO JOSE,ESP,FERNANDEZ FERNANDEZ JOSE RAMÓN,27:30,FRA,FORGET ALAIN,27:30,ENG,KHAN KAMRAN,27:30,ESP,MOYA FLORENTINO,27:30,UKR,SOKOLOV RUSLAN,27:30
5,MI. 5 FEB. 2025,15:30,RING A,16,12,103,Men,Elite Men - 55 Kg (EM-55kg),EM-55kg,PENG CHIA-FENG,TPE,MANDENGBAM JADUMANI SINGH,IND,BLUE,MANDENGBAM JADUMANI SINGH,IND,WP,5:0,ESP,FERNANDEZ FERNANDEZ JOSE RAMÓN,KAZ,BATYROV NURBEK,28:29,ESP,FLORES SANTIAGO,27:30,FRA,FORGET ALAIN,28:29,UKR,SOKOLOV RUSLAN,28:29,ENG,KHAN KAMRAN,28:29
5,MI. 5 FEB. 2025,15:30,RING A,16,13,104,Men,Elite Men - 60 Kg (EM-60kg),EM-60kg,TEMIRZHANOV SERIK,KAZ,AL AHMADIEH KEOMA-ALI,CAN,BLUE,AL AHMADIEH KEOMA-ALI,CAN,WP,3:2,ENG,KHAN KAMRAN,FRA,FORGET ALAIN,29:28,UKR,SOKOLOV RUSLAN,29:28,ESP,MOYA FLORENTINO,28:29,ESP,AVILA PRIETO FRANCISCO JOSE,27:30,ESP,FLORES SANTIAGO,27:30
5,MI. 5 FEB. 2025,15:30,RING A,16,14,105,Men,Elite Men - 60 Kg (EM-60kg),EM-60kg,MOHAMMED HUSSAM UDDIN,IND,DAHLY ALI,UKR,RED,MOHAMMED HUSSAM UDDIN,IND,WP,5:0,KAZ,BATYROV NURBEK,ESP,MOYA FLORENTINO,30:27,ESP,AVILA PRIETO FRANCISCO JOSE,29:28,FRA,FORGET ALAIN,29:28,ESP,FERNANDEZ FERNANDEZ JOSE RAMÓN,30:27,ENG,KHAN KAMRAN,30:27
5,MI. 5 FEB. 2025,15:30,RING A,16,15,106,Men,Elite Men - 65 Kg (EM-65kg),EM-65kg,RAGA LEWAS JOAN MARCEL,ESP,PIDNUCH KHUNATIP,THA,BLUE,PIDNUCH KHUNATIP,THA,WP,5:0,ESP,FERNANDEZ FERNANDEZ JOSE RAMÓN,ENG,KHAN KAMRAN,28:29,UKR,SOKOLOV RUSLAN,27:30,FRA,FORGET ALAIN,27:30,ESP,AVILA PRIETO FRANCISCO JOSE,28:29,KAZ,BATYROV NURBEK,27:30
5,MI. 5 FEB. 2025,15:30,RING A,16,16,107,Men,Elite Men - 65 Kg (EM-65kg),EM-65kg,OUNAI MOHAMED,FRA,TURNER JOE,ENG,RED,OUNAI MOHAMED,FRA,WO,,ESP,FLORES SANTIAGO,FRA,FORGET ALAIN,-,UKR,SOKOLOV RUSLAN,-,ENG,KHAN KAMRAN,-,KAZ,BATYROV NURBEK,-,,,
5,MI. 5 FEB. 2025,15:30,RING A,17,17,108,Men,Elite Men - 75 Kg (EM-75kg),EM-75kg,NURSEITOV TIMUR,KAZ,SHAW-TULLIN KYLE,ENG,RED,NURSEITOV TIMUR,KAZ,WP,4:1,FRA,FORGET ALAIN,ESP,MOYA FLORENTINO,29:28,ENG,KHAN KAMRAN,27:30,KAZ,BATYROV NURBEK,30:27,ESP,FERNANDEZ FERNANDEZ JOSE RAMÓN,29:28,UKR,SOKOLOV RUSLAN,30:27
5,MI. 5 FEB. 2025,15:30,RING A,17,18,109,Men,Elite Men - 75 Kg (EM-75kg),EM-75kg,AKASH,IND,SAEZ CAÑERO JOSE LUIS,ESP,RED,AKASH,IND,WP,4:1,ESP,AVILA PRIETO FRANCISCO JOSE,KAZ,BATYROV NURBEK,30:27,ENG,KHAN KAMRAN,30:27,FRA,FORGET ALAIN,29:28,UKR,SOKOLOV RUSLAN,30:27,ESP,FLORES SANTIAGO,28:29
5,MI. 5 FEB. 2025,15:30,RING A,17,19,110,Men,Elite Men - 90 Kg (EM-90kg),EM-90kg,REYES PLA ENMANUEL,ESP,RAKHMANOV ONGTALAP,KAZ,RED,REYES PLA ENMANUEL,ESP,WP,5:0,ESP,MOYA FLORENTINO,FRA,FORGET ALAIN,30:27,KAZ,BATYROV NURBEK,30:27,UKR,SOKOLOV RUSLAN,30:27,ENG,KHAN KAMRAN,30:27,ESP,AVILA PRIETO FRANCISCO JOSE,30:25
5,MI. 5 FEB. 2025,15:30,RING A,17,20,111,Men,Elite Men - 90 Kg (EM-90kg),EM-90kg,CHOUDHARY HARSH,IND,OKOH ISSAC,ENG,BLUE,OKOH ISSAC,ENG,WP,5:0,ENG,KHAN KAMRAN,ESP,FERNANDEZ FERNANDEZ JOSE RAMÓN,27:30,KAZ,BATYROV NURBEK,27:30,FRA,FORGET ALAIN,27:30,ESP,FLORES SANTIAGO,27:30,UKR,SOKOLOV RUSLAN,27:30
5,MI. 5 FEB. 2025,15:30,RING A,17,21,112,Men,Elite Men + 90 Kg (EM+90kg),EM+90kg,ASSYLKHAN NURASSYL,KAZ,GILL SAWAN,IND,RED,ASSYLKHAN NURASSYL,KAZ,WP,5:0,KAZ,BATYROV NURBEK,ESP,FLORES SANTIAGO,30:27,FRA,FORGET ALAIN,30:27,UKR,SOKOLOV RUSLAN,30:27,ENG,KHAN KAMRAN,30:27,ESP,AVILA PRIETO FRANCISCO JOSE,30:27
5,MI. 5 FEB. 2025,15:30,RING A,17,22,113,Men,Elite Men + 90 Kg (EM+90kg),EM+90kg,EL KHATTABI ZAGHDAD ABDEL MONIM,ESP,LOVCHYNSKYI DMYTRO,UKR,BLUE,LOVCHYNSKYI DMYTRO,UKR,RSC,R3,ESP,MOYA FLORENTINO,ENG,KHAN KAMRAN,18:20,FRA,FORGET ALAIN,18:20,KAZ,BATYROV NURBEK,18:20,UKR,SOKOLOV RUSLAN,18:20,ESP,FERNANDEZ FERNANDEZ JOSE RAMÓN,19:19
6,JU. 5 FEB. 2026,15:30,RING B,18,1,114,Women,Elite Women - 51 Kg (EW-51kg),EW-51kg,GUTIERREZ SALMERON NOELIA,ESP,BOUREGA MAYSSOUN,FRA,RED,GUTIERREZ SALMERON NOELIA,ESP,WP,5:0,ESP,ACENDRA LOPEZ EDILBERTO,KAZ,PARAKHATOV MEIRKHAN,30:27,ESP,ROMERO JOSE JUAN,30:27,IND,NEELAM,30:27,POR,TEIXEIRA SANDRA,29:28,SWE,BERNTZEN MATS,30:27
6,JU. 5 FEB. 2026,15:30,RING B,18,2,115,Women,Elite Women - 51 Kg (EW-51kg),EW-51kg,POKUSAI TAISSIA,UKR,CHIU CHING-YU,TPE,RED,POKUSAI TAISSIA,UKR,WP,4:1,KAZ,PARAKHATOV MEIRKHAN,POR,TEIXEIRA SANDRA,29:28,ESP,ROMERO JOSE JUAN,27:30,IND,NEELAM,29:28,SWE,BERNTZEN MATS,29:28,ESP,ALVAREZ IDAFE,29:28
6,JU. 5 FEB. 2026,15:30,RING B,18,3,116,Women,Elite Women - 54 Kg (EW-54kg),EW-54kg,de FELICE ANGELA,SUI,SMITH IVY-JANE,ENG,BLUE,SMITH IVY-JANE,ENG,WP,5:0,SWE,BERNTZEN MATS,IND,NEELAM,26:30,ESP,ROMERO JOSE JUAN,27:30,KAZ,PARAKHATOV MEIRKHAN,27:30,ESP,ACENDRA LOPEZ EDILBERTO,25:30,POR,TEIXEIRA SANDRA,25:30
6,JU. 5 FEB. 2026,15:30,RING B,18,4,117,Women,Elite Women - 54 Kg (EW-54kg),EW-54kg,CHONGPRONGKLANG NATNICHA,THA,POONAM,IND,BLUE,POONAM,IND,WP,5:0,IND,NEELAM,ESP,ROMERO JOSE JUAN,28:29,ESP,ACENDRA LOPEZ EDILBERTO,27:30,SWE,BERNTZEN MATS,28:29,KAZ,PARAKHATOV MEIRKHAN,28:29,POR,TEIXEIRA SANDRA,28:29
6,JU. 5 FEB. 2026,15:30,RING B,18,5,118,Women,Elite Women - 57 Kg (EW-57kg),EW-57kg,VINKA,IND,RUENROS PUNRAWEE,THA,BLUE,RUENROS PUNRAWEE,THA,WP,5:0,ESP,ACENDRA LOPEZ EDILBERTO,KAZ,PARAKHATOV MEIRKHAN,27:30,SWE,BERNTZEN MATS,27:30,ESP,ROMERO JOSE JUAN,27:30,POR,TEIXEIRA SANDRA,27:30,ESP,ALVAREZ IDAFE,27:30
6,JU. 5 FEB. 2026,15:30,RING B,18,6,119,Women,Elite Women - 57 Kg (EW-57kg),EW-57kg,AL AHMADIEH MARIE,CAN,HUTARINA DARIA-OLHA,UKR,RED,AL AHMADIEH MARIE,CAN,WP,4:1,ESP,ROMERO JOSE JUAN,SWE,BERNTZEN MATS,29:28,KAZ,PARAKHATOV MEIRKHAN,30:27,ESP,ALVAREZ IDAFE,30:27,POR,TEIXEIRA SANDRA,29:28,IND,NEELAM,28:29
6,JU. 5 FEB. 2026,15:30,RING B,18,7,120,Women,Elite Women - 60 Kg (EW-60kg),EW-60kg,BAIDUKOVA VIKTORIYA,KAZ,DOVHAL TETIANA,UKR,BLUE,DOVHAL TETIANA,UKR,WP,5:0,SWE,BERNTZEN MATS,IND,NEELAM,28:29,POR,TEIXEIRA SANDRA,27:30,ESP,ROMERO JOSE JUAN,27:30,ESP,ACENDRA LOPEZ EDILBERTO,27:30,ESP,ALVAREZ IDAFE,27:30
6,JU. 5 FEB. 2026,15:30,RING B,18,8,121,Women,Elite Women - 60 Kg (EW-60kg),EW-60kg,SOMNUEK THANANYA,THA,PATIL DISHA VIJAY,IND,RED,SOMNUEK THANANYA,THA,DSQ,R3,ESP,ALVAREZ IDAFE,SWE,BERNTZEN MATS,18:19,POR,TEIXEIRA SANDRA,18:19,KAZ,PARAKHATOV MEIRKHAN,20:17,ESP,ROMERO JOSE JUAN,18:19,ESP,ACENDRA LOPEZ EDILBERTO,19:18
6,JU. 5 FEB. 2026,15:30,RING B,19,9,122,Women,Elite Women - 65 Kg (EW-65kg),EW-65kg,MERINOVA NATALIIA,UKR,ALLEN KAYLA,ENG,BLUE,ALLEN KAYLA,ENG,ABD,R3,ESP,ROMERO JOSE JUAN,IND,NEELAM,17:20,SWE,BERNTZEN MATS,16:20,KAZ,PARAKHATOV MEIRKHAN,15:20,POR,TEIXEIRA SANDRA,16:20,ESP,ACENDRA LOPEZ EDILBERTO,17:20
6,JU. 5 FEB. 2026,15:30,RING B,19,10,123,Women,Elite Women - 65 Kg (EW-65kg),EW-65kg,KAJAL,IND,ICHSHANOVA AKNAR,KAZ,RED,KAJAL,IND,WP,4:1,POR,TEIXEIRA SANDRA,IND,NEELAM,30:27,ESP,ROMERO JOSE JUAN,30:27,KAZ,PARAKHATOV MEIRKHAN,28:29,ESP,ALVAREZ IDAFE,30:27,SWE,BERNTZEN MATS,30:27
6,JU. 5 FEB. 2026,15:30,RING B,19,11,124,Men,Elite Men - 55 Kg (EM-55kg),EM-55kg,BARTWAL PAWAN,IND,TROWBRIDGE ELLIS,ENG,BLUE,TROWBRIDGE ELLIS,ENG,WP,3:2,ESP,ACENDRA LOPEZ EDILBERTO,ESP,ROMERO JOSE JUAN,28:29,SWE,BERNTZEN MATS,26:30,KAZ,PARAKHATOV MEIRKHAN,27:30,ESP,ALVAREZ IDAFE,30:27,POR,TEIXEIRA SANDRA,30:27
6,JU. 5 FEB. 2026,15:30,RING B,19,12,125,Men,Elite Men - 55 Kg (EM-55kg),EM-55kg,BORANBEK BEXULTAN,KAZ,TOMINES MAXIMUS,CAN,BLUE,TOMINES MAXIMUS,CAN,WP,3:2,ESP,ALVAREZ IDAFE,ESP,ROMERO JOSE JUAN,28:29,ESP,ACENDRA LOPEZ EDILBERTO,28:29,SWE,BERNTZEN MATS,29:28,IND,NEELAM,29:28,POR,TEIXEIRA SANDRA,28:29
6,JU. 5 FEB. 2026,15:30,RING B,19,13,126,Men,Elite Men - 60 Kg (EM-60kg),EM-60kg,ABDURAIMOV AIDER,UKR,SACHIN,IND,BLUE,SACHIN,IND,WP,3:2,ESP,ROMERO JOSE JUAN,POR,TEIXEIRA SANDRA,28:29,ESP,ALVAREZ IDAFE,30:27,SWE,BERNTZEN MATS,28:29,KAZ,PARAKHATOV MEIRKHAN,29:28,ESP,ACENDRA LOPEZ EDILBERTO,28:29
6,JU. 5 FEB. 2026,15:30,RING B,19,14,127,Men,Elite Men - 60 Kg (EM-60kg),EM-60kg,MELKUMIAN GEORGES BENIK,LUX,DRYDEN JACK,ENG,BLUE,DRYDEN JACK,ENG,WP,5:0,SWE,BERNTZEN MATS,POR,TEIXEIRA SANDRA,28:29,ESP,ROMERO JOSE JUAN,27:30,KAZ,PARAKHATOV MEIRKHAN,26:30,IND,NEELAM,27:29,ESP,ACENDRA LOPEZ EDILBERTO,26:30
6,JU. 5 FEB. 2026,15:30,RING B,19,15,128,Men,Elite Men - 65 Kg (EM-65kg),EM-65kg,JAMWAL ABHINASH,IND,ALIIEV ELVIN,UKR,BLUE,ALIIEV ELVIN,UKR,WP,4:1,POR,TEIXEIRA SANDRA,ESP,ALVAREZ IDAFE,28:29,ESP,ACENDRA LOPEZ EDILBERTO,29:28,KAZ,PARAKHATOV MEIRKHAN,28:29,ESP,ROMERO JOSE JUAN,27:30,SWE,BERNTZEN MATS,27:30
6,JU. 5 FEB. 2026,15:30,RING B,19,16,129,Men,Elite Men - 65 Kg (EM-65kg),EM-65kg,LABRIE GABRIEL ALY,CAN,IBARRECHE CONDE OIER,ESP,BLUE,IBARRECHE CONDE OIER,ESP,WP,4:1,ESP,ACENDRA LOPEZ EDILBERTO,ESP,ROMERO JOSE JUAN,27:30,SWE,BERNTZEN MATS,30:26,POR,TEIXEIRA SANDRA,28:29,KAZ,PARAKHATOV MEIRKHAN,28:29,IND,NEELAM,28:29
6,JU. 5 FEB. 2026,15:30,RING B,20,17,130,Men,Elite Men - 75 Kg (EM-75kg),EM-75kg,ZAKHARIEIEV YURII,UKR,SALAS MANUEL BENI,BEL,RED,ZAKHARIEIEV YURII,UKR,WP,5:0,POR,TEIXEIRA SANDRA,SWE,BERNTZEN MATS,30:26,ESP,ALVAREZ IDAFE,30:27,KAZ,PARAKHATOV MEIRKHAN,30:27,IND,NEELAM,30:26,ESP,ROMERO JOSE JUAN,30:27
6,JU. 5 FEB. 2026,15:30,RING B,20,18,131,Men,Elite Men - 75 Kg (EM-75kg),EM-75kg,KONSBEKOV AMAN,KAZ,EL QADMI HASSANA,FRA,RED,KONSBEKOV AMAN,KAZ,WP,5:0,IND,NEELAM,SWE,BERNTZEN MATS,30:25,POR,TEIXEIRA SANDRA,30:26,ESP,ACENDRA LOPEZ EDILBERTO,30:27,ESP,ALVAREZ IDAFE,30:27,ESP,ROMERO JOSE JUAN,30:27
6,JU. 5 FEB. 2026,15:30,RING B,20,19,132,Men,Elite Men - 90 Kg (EM-90kg),EM-90kg,TOGAMBAY SAGYNDYK,KAZ,SOUKOUNA KANDORO,FRA,RED,TOGAMBAY SAGYNDYK,KAZ,WP,5:0,ESP,ALVAREZ IDAFE,ESP,ROMERO JOSE JUAN,30:26,IND,NEELAM,30:27,POR,TEIXEIRA SANDRA,30:27,ESP,ACENDRA LOPEZ EDILBERTO,30:27,SWE,BERNTZEN MATS,30:27
6,JU. 5 FEB. 2026,15:30,RING B,20,20,133,Men,Elite Men - 90 Kg (EM-90kg),EM-90kg,BELEZIKA ELWIN,SWE,MICHKOVSKYI PAVLO,UKR,BLUE,MICHKOVSKYI PAVLO,UKR,WP,4:0,POR,TEIXEIRA SANDRA,ESP,ALVAREZ IDAFE,26:30,IND,NEELAM,27:29,KAZ,PARAKHATOV MEIRKHAN,28:28,ESP,ACENDRA LOPEZ EDILBERTO,26:30,ESP,ROMERO JOSE JUAN,26:30
6,JU. 5 FEB. 2026,15:30,RING B,20,21,134,Men,Elite Men + 90 Kg (EM+90kg),EM+90kg,KHALETSKYI ANDRII,UKR,GLADOSEV DMITRI,EST,RED,KHALETSKYI ANDRII,UKR,WP,5:0,ESP,ROMERO JOSE JUAN,SWE,BERNTZEN MATS,30:27,POR,TEIXEIRA SANDRA,29:28,ESP,ALVAREZ IDAFE,30:27,KAZ,PARAKHATOV MEIRKHAN,30:27,IND,NEELAM,29:28
6,JU. 5 FEB. 2026,15:30,RING B,20,22,135,Men,Elite Men + 90 Kg (EM+90kg),EM+90kg,WILLIAMS MATT,ENG,ORALBAY AIBEK,KAZ,BLUE,ORALBAY AIBEK,KAZ,WP,4:1,SWE,BERNTZEN MATS,POR,TEIXEIRA SANDRA,27:30,ESP,ROMERO JOSE JUAN,28:29,ESP,ACENDRA LOPEZ EDILBERTO,27:30,ESP,ALVAREZ IDAFE,30:27,IND,NEELAM,28:29
7,VI. 6 FEB. 2026,15:30,RING A,21,1,136,Women,Elite Women - 48 Kg (EW-48kg),EW-48kg,LYNIV SOLOMIIA,UKR,RANI MANJU,IND,BLUE,RANI MANJU,IND,WP,5:0,FRA,FORGET ALAIN,ESP,AVILA PRIETO FRANCISCO JOSE,27:30,ENG,KHAN KAMRAN,28:29,KAZ,BATYROV NURBEK,27:30,ESP,MOYA FLORENTINO,27:30,ESP,FLORES SANTIAGO,28:29
7,VI. 6 FEB. 2026,15:30,RING A,21,2,137,Women,Elite Women - 51 Kg (EW-51kg),EW-51kg,NITU,IND,RAKSAT CHUTHAMAT,THA,RED,NITU,IND,WP,5:0,UKR,SOKOLOV RUSLAN,ESP,AVILA PRIETO FRANCISCO JOSE,30:27,ESP,FERNANDEZ FERNANDEZ JOSE RAMÓN,30:27,KAZ,BATYROV NURBEK,29:28,FRA,FORGET ALAIN,30:27,ENG,KHAN KAMRAN,30:27
7,VI. 6 FEB. 2026,15:30,RING A,21,3,138,Women,Elite Women - 54 Kg (EW-54kg),EW-54kg,PREETI,IND,HAMDI AYA,FRA,RED,PREETI,IND,WP,5:0,ESP,AVILA PRIETO FRANCISCO JOSE,ENG,KHAN KAMRAN,30:27,KAZ,BATYROV NURBEK,30:27,ESP,MOYA FLORENTINO,30:27,UKR,SOKOLOV RUSLAN,30:27,ESP,FLORES SANTIAGO,30:27
7,VI. 6 FEB. 2026,15:30,RING A,21,4,139,Women,Elite Women - 57 Kg (EW-57kg),EW-57kg,WEERHEIM GABRIELLA,NED,PARSONS VIVIEN,ENG,RED,WEERHEIM GABRIELLA,NED,WP,4:1,ESP,FLORES SANTIAGO,KAZ,BATYROV NURBEK,30:27,ESP,MOYA FLORENTINO,28:29,UKR,SOKOLOV RUSLAN,30:27,ESP,AVILA PRIETO FRANCISCO JOSE,30:27,FRA,FORGET ALAIN,29:28
7,VI. 6 FEB. 2026,15:30,RING A,21,5,140,Women,Elite Women - 60 Kg (EW-60kg),EW-60kg,PRIYA,IND,van der TOORN MAUD,NED,RED,PRIYA,IND,WP,5:0,KAZ,BATYROV NURBEK,ESP,MOYA FLORENTINO,30:27,ESP,FERNANDEZ FERNANDEZ JOSE RAMÓN,30:27,FRA,FORGET ALAIN,30:27,UKR,SOKOLOV RUSLAN,30:27,ENG,KHAN KAMRAN,30:27
7,VI. 6 FEB. 2026,15:30,RING A,21,6,141,Women,Elite Women - 65 Kg (EW-65kg),EW-65kg,YADAV PRANJAL,IND,SERIK NAZERKE,KAZ,BLUE,SERIK NAZERKE,KAZ,WP,3:2,UKR,SOKOLOV RUSLAN,ESP,FLORES SANTIAGO,27:26,FRA,FORGET ALAIN,26:27,ESP,AVILA PRIETO FRANCISCO JOSE,26:27,ENG,KHAN KAMRAN,26:27,ESP,MOYA FLORENTINO,27:26
7,VI. 6 FEB. 2026,15:30,RING A,21,7,142,Women,Elite Women - 70 Kg (EW-70kg),EW-70kg,MARTINEZ MAS DUNIA,ESP,CHOURDHARY ARUNDHATI,IND,BLUE,CHOURDHARY ARUNDHATI,IND,WP,5:0,ESP,FLORES SANTIAGO,KAZ,BATYROV NURBEK,27:29,FRA,FORGET ALAIN,26:30,UKR,SOKOLOV RUSLAN,27:29,ESP,FERNANDEZ FERNANDEZ JOSE RAMÓN,26:30,ENG,KHAN KAMRAN,26:30
7,VI. 6 FEB. 2026,15:30,RING A,21,8,143,Women,Elite Women - 75 Kg (EW-75kg),EW-75kg,ECCLES ROSIE,WAL,BORGOHAIN LOVLINA,IND,BLUE,BORGOHAIN LOVLINA,IND,WP,5:0,ENG,KHAN KAMRAN,UKR,SOKOLOV RUSLAN,28:29,FRA,FORGET ALAIN,27:30,ESP,MOYA FLORENTINO,28:29,ESP,FLORES SANTIAGO,27:30,KAZ,BATYROV NURBEK,28:29
7,VI. 6 FEB. 2026,15:30,RING A,22,9,144,Women,Elite Women - 80 Kg (EW-80kg),EW-80kg,NAINA,IND,SADYKOVA GUZAL,KAZ,RED,NAINA,IND,WP,5:0,UKR,SOKOLOV RUSLAN,ENG,KHAN KAMRAN,29:28,ESP,FLORES SANTIAGO,30:27,FRA,FORGET ALAIN,29:28,ESP,FERNANDEZ FERNANDEZ JOSE RAMÓN,29:28,ESP,MOYA FLORENTINO,29:28
7,VI. 6 FEB. 2026,15:30,RING A,22,10,145,Women,Elite Women + 80 Kg (EW+80kg),EW+80kg,SADYKOVA UMIDA,KAZ,MANKIRAT KAUR,IND,RED,SADYKOVA UMIDA,KAZ,RSC,R1,ESP,FERNANDEZ FERNANDEZ JOSE RAMÓN,UKR,SOKOLOV RUSLAN,-,ENG,KHAN KAMRAN,-,ESP,AVILA PRIETO FRANCISCO JOSE,-,FRA,FORGET ALAIN,-,ESP,FLORES SANTIAGO,-
7,VI. 6 FEB. 2026,15:30,RING A,22,11,146,Men,Elite Men - 50 Kg (EM-50kg),EM-50kg,DIAZ LOPEZ CARLOS,ESP,TASHKENBAY SANZHAR,KAZ,BLUE,TASHKENBAY SANZHAR,KAZ,WP,5:0,ESP,AVILA PRIETO FRANCISCO JOSE,ESP,MOYA FLORENTINO,28:29,ENG,KHAN KAMRAN,27:30,UKR,SOKOLOV RUSLAN,27:30,FRA,FORGET ALAIN,28:29,KAZ,BATYROV NURBEK,27:30
7,VI. 6 FEB. 2026,15:30,RING A,22,12,147,Men,Elite Men - 55 Kg (EM-55kg),EM-55kg,SABYRKHAN MAKHMUD,KAZ,MANDENGBAM JADUMANI SINGH,IND,RED,SABYRKHAN MAKHMUD,KAZ,WP,5:0,ESP,MOYA FLORENTINO,ESP,FLORES SANTIAGO,30:27,ESP,FERNANDEZ FERNANDEZ JOSE RAMÓN,30:27,FRA,FORGET ALAIN,30:27,UKR,SOKOLOV RUSLAN,30:27,ENG,KHAN KAMRAN,30:27
7,VI. 6 FEB. 2026,15:30,RING A,22,13,148,Men,Elite Men - 60 Kg (EM-60kg),EM-60kg,AL AHMADIEH KEOMA-ALI,CAN,MOHAMMED HUSSAM UDDIN,IND,RED,AL AHMADIEH KEOMA-ALI,CAN,WP,5:0,KAZ,BATYROV NURBEK,ESP,MOYA FLORENTINO,30:27,FRA,FORGET ALAIN,30:27,UKR,SOKOLOV RUSLAN,30:27,ESP,AVILA PRIETO FRANCISCO JOSE,30:27,ENG,KHAN KAMRAN,30:27
7,VI. 6 FEB. 2026,15:30,RING A,22,14,149,Men,Elite Men - 65 Kg (EM-65kg),EM-65kg,PIDNUCH KHUNATIP,THA,OUNAI MOHAMED,FRA,BLUE,OUNAI MOHAMED,FRA,WP,4:1,ESP,FLORES SANTIAGO,KAZ,BATYROV NURBEK,18:20,ESP,AVILA PRIETO FRANCISCO JOSE,18:20,ENG,KHAN KAMRAN,18:20,ESP,FERNANDEZ FERNANDEZ JOSE RAMÓN,20:18,UKR,SOKOLOV RUSLAN,18:20
7,VI. 6 FEB. 2026,15:30,RING A,22,15,150,Men,Elite Men - 70 Kg (EM-70kg),EM-70kg,HITESH,IND,SABYRKHAN TOREKHAN,KAZ,BLUE,SABYRKHAN TOREKHAN,KAZ,WP,5:0,ENG,KHAN KAMRAN,ESP,FLORES SANTIAGO,28:29,ESP,FERNANDEZ FERNANDEZ JOSE RAMÓN,27:30,ESP,MOYA FLORENTINO,27:30,UKR,SOKOLOV RUSLAN,28:29,FRA,FORGET ALAIN,27:30
7,VI. 6 FEB. 2026,15:30,RING A,22,16,151,Men,Elite Men - 75 Kg (EM-75kg),EM-75kg,NURSEITOV TIMUR,KAZ,AKASH,IND,BLUE,AKASH,IND,WP,4:1,ESP,FERNANDEZ FERNANDEZ JOSE RAMÓN,ESP,AVILA PRIETO FRANCISCO JOSE,28:29,ESP,MOYA FLORENTINO,28:29,UKR,SOKOLOV RUSLAN,29:28,FRA,FORGET ALAIN,27:30,ENG,KHAN KAMRAN,28:29
7,VI. 6 FEB. 2026,15:30,RING A,23,17,152,Men,Elite Men - 80 Kg (EM-80kg),EM-80kg,ILLIUSHA PAVLO,UKR,COY BERNAL PABLO,ESP,RED,ILLIUSHA PAVLO,UKR,WP,4:1,ESP,MOYA FLORENTINO,ENG,KHAN KAMRAN,29:28,ESP,AVILA PRIETO FRANCISCO JOSE,29:28,UKR,SOKOLOV RUSLAN,30:27,FRA,FORGET ALAIN,28:29,KAZ,BATYROV NURBEK,30:27
7,VI. 6 FEB. 2026,15:30,RING A,23,18,153,Men,Elite Men - 85 Kg (EM-85kg),EM-85kg,FRESNEDA RICARDO ADRIAN,ESP,ORALBAY NURBEK,KAZ,BLUE,ORALBAY NURBEK,KAZ,WP,3:2,ESP,AVILA PRIETO FRANCISCO JOSE,KAZ,BATYROV NURBEK,28:29,FRA,FORGET ALAIN,27:30,ESP,MOYA FLORENTINO,30:27,UKR,SOKOLOV RUSLAN,28:29,ENG,KHAN KAMRAN,29:28
7,VI. 6 FEB. 2026,15:30,RING A,23,19,154,Men,Elite Men - 90 Kg (EM-90kg),EM-90kg,REYES PLA ENMANUEL,ESP,OKOH ISSAC,ENG,RED,REYES PLA ENMANUEL,ESP,WP,3:2,ESP,FERNANDEZ FERNANDEZ JOSE RAMÓN,KAZ,BATYROV NURBEK,30:27,ESP,FLORES SANTIAGO,29:28,ENG,KHAN KAMRAN,27:30,UKR,SOKOLOV RUSLAN,30:27,FRA,FORGET ALAIN,28:29
7,VI. 6 FEB. 2026,15:30,RING A,23,20,155,Men,Elite Men + 90 Kg (EM+90kg),EM+90kg,ASSYLKHAN NURASSYL,KAZ,LOVCHYNSKYI DMYTRO,UKR,RED,ASSYLKHAN NURASSYL,KAZ,WP,4:1,ESP,AVILA PRIETO FRANCISCO JOSE,KAZ,BATYROV NURBEK,30:27,ESP,FLORES SANTIAGO,29:28,UKR,SOKOLOV RUSLAN,27:30,ENG,KHAN KAMRAN,29:28,FRA,FORGET ALAIN,29:28
8,VI. 6 FEB. 2026,15:30,RING B,24,1,156,Women,Elite Women - 48 Kg (EW-48kg),EW-48kg,TURGANOVA YELYANUR,KAZ,LOPEZ DEL ARBOL MARTA,ESP,BLUE,LOPEZ DEL ARBOL MARTA,ESP,WP,5:0,ESP,ROMERO JOSE JUAN,ESP,ACENDRA LOPEZ EDILBERTO,27:30,IND,NEELAM,27:30,POR,TEIXEIRA SANDRA,27:30,KAZ,PARAKHATOV MEIRKHAN,27:30,SWE,BERNTZEN MATS,27:30
8,VI. 6 FEB. 2026,15:30,RING B,24,2,157,Women,Elite Women - 51 Kg (EW-51kg),EW-51kg,GUTIERREZ SALMERON NOELIA,ESP,POKUSAI TAISSIA,UKR,RED,GUTIERREZ SALMERON NOELIA,ESP,WP,5:0,ESP,ALVAREZ IDAFE,KAZ,PARAKHATOV MEIRKHAN,30:27,ESP,ROMERO JOSE JUAN,30:27,SWE,BERNTZEN MATS,30:27,POR,TEIXEIRA SANDRA,30:27,IND,NEELAM,29:28
8,VI. 6 FEB. 2026,15:30,RING B,24,3,158,Women,Elite Women - 54 Kg (EW-54kg),EW-54kg,SMITH IVY-JANE,ENG,POONAM,IND,BLUE,POONAM,IND,WP,4:1,IND,NEELAM,POR,TEIXEIRA SANDRA,28:25,SWE,BERNTZEN MATS,25:28,ESP,ALVAREZ IDAFE,26:27,KAZ,PARAKHATOV MEIRKHAN,26:27,ESP,ACENDRA LOPEZ EDILBERTO,25:28
8,VI. 6 FEB. 2026,15:30,RING B,24,4,159,Women,Elite Women - 57 Kg (EW-57kg),EW-57kg,RUENROS PUNRAWEE,THA,AL AHMADIEH MARIE,CAN,RED,RUENROS PUNRAWEE,THA,WP,5:0,ESP,ROMERO JOSE JUAN,ESP,ACENDRA LOPEZ EDILBERTO,30:27,POR,TEIXEIRA SANDRA,29:28,SWE,BERNTZEN MATS,30:27,IND,NEELAM,29:28,KAZ,PARAKHATOV MEIRKHAN,30:27
8,VI. 6 FEB. 2026,15:30,RING B,24,5,160,Women,Elite Women - 60 Kg (EW-60kg),EW-60kg,DOVHAL TETIANA,UKR,SOMNUEK THANANYA,THA,RED,DOVHAL TETIANA,UKR,WP,3:2,ESP,ACENDRA LOPEZ EDILBERTO,KAZ,PARAKHATOV MEIRKHAN,27:29,ESP,ROMERO JOSE JUAN,* 28:28,SWE,BERNTZEN MATS,29:27,IND,NEELAM,* 28:28,POR,TEIXEIRA SANDRA,27:29
8,VI. 6 FEB. 2026,15:30,RING B,24,6,161,Women,Elite Women - 65 Kg (EW-65kg),EW-65kg,ALLEN KAYLA,ENG,KAJAL,IND,RED,ALLEN KAYLA,ENG,WP,5:0,IND,NEELAM,ESP,ALVAREZ IDAFE,30:27,SWE,BERNTZEN MATS,30:27,ESP,ROMERO JOSE JUAN,29:28,KAZ,PARAKHATOV MEIRKHAN,30:27,POR,TEIXEIRA SANDRA,29:28
8,VI. 6 FEB. 2026,15:30,RING B,24,7,162,Women,Elite Women - 70 Kg (EW-70kg),EW-70kg,BADIN ANDREA,FRA,TARAN ANASTASIIA,UKR,BLUE,TARAN ANASTASIIA,UKR,WP,5:0,POR,TEIXEIRA SANDRA,SWE,BERNTZEN MATS,28:29,ESP,ROMERO JOSE JUAN,27:30,KAZ,PARAKHATOV MEIRKHAN,27:30,IND,NEELAM,27:30,ESP,ALVAREZ IDAFE,27:30
8,VI. 6 FEB. 2026,15:30,RING B,24,8,163,Women,Elite Women - 75 Kg (EW-75kg),EW-75kg,THOKCHOM SANAMACHA CHANU,IND,SMITH MARY-KATE,ENG,BLUE,SMITH MARY-KATE,ENG,WP,4:0,ESP,ACENDRA LOPEZ EDILBERTO,KAZ,PARAKHATOV MEIRKHAN,25:30,SWE,BERNTZEN MATS,27:29,IND,NEELAM,28:28,ESP,ALVAREZ IDAFE,26:30,POR,TEIXEIRA SANDRA,27:29
8,VI. 6 FEB. 2026,15:30,RING B,25,9,164,Women,Elite Women + 80 Kg (EW+80kg),EW+80kg,GULLEN ORTIZ TINDAYA LUCIA,ESP,SEIITKAHNKYZY PANAR,KAZ,BLUE,SEIITKAHNKYZY PANAR,KAZ,WP,5:0,ESP,ROMERO JOSE JUAN,KAZ,PARAKHATOV MEIRKHAN,26:30,POR,TEIXEIRA SANDRA,28:29,IND,NEELAM,28:29,ESP,ACENDRA LOPEZ EDILBERTO,27:30,SWE,BERNTZEN MATS,27:30
8,VI. 6 FEB. 2026,15:30,RING B,25,10,165,Men,Elite Men - 50 Kg (EM-50kg),EM-50kg,ONGAROV NURZAT,KAZ,MAGHRAOUI FRYHAH ISMAEL,ESP,BLUE,MAGHRAOUI FRYHAH ISMAEL,ESP,WP,4:1,ESP,ROMERO JOSE JUAN,ESP,ACENDRA LOPEZ EDILBERTO,27:30,SWE,BERNTZEN MATS,28:29,KAZ,PARAKHATOV MEIRKHAN,30:27,POR,TEIXEIRA SANDRA,28:29,IND,NEELAM,28:29
8,VI. 6 FEB. 2026,15:30,RING B,25,11,166,Men,Elite Men - 55 Kg (EM-55kg),EM-55kg,TROWBRIDGE ELLIS,ENG,TOMINES MAXIMUS,CAN,RED,TROWBRIDGE ELLIS,ENG,WP,3:2,SWE,BERNTZEN MATS,ESP,ALVAREZ IDAFE,29:28,ESP,ROMERO JOSE JUAN,30:27,POR,TEIXEIRA SANDRA,28:29,IND,NEELAM,28:29,KAZ,PARAKHATOV MEIRKHAN,29:28
8,VI. 6 FEB. 2026,15:30,RING B,25,12,167,Men,Elite Men - 60 Kg (EM-60kg),EM-60kg,SACHIN,IND,DRYDEN JACK,ENG,RED,SACHIN,IND,WP,4:1,KAZ,PARAKHATOV MEIRKHAN,SWE,BERNTZEN MATS,27:30,ESP,ROMERO JOSE JUAN,29:28,ESP,ACENDRA LOPEZ EDILBERTO,29:28,IND,NEELAM,29:28,POR,TEIXEIRA SANDRA,30:27
8,VI. 6 FEB. 2026,15:30,RING B,25,13,168,Men,Elite Men - 65 Kg (EM-65kg),EM-65kg,ALIIEV ELVIN,UKR,IBARRECHE CONDE OIER,ESP,RED,ALIIEV ELVIN,UKR,ABD,R2,ESP,ACENDRA LOPEZ EDILBERTO,POR,TEIXEIRA SANDRA,10:9,ESP,ROMERO JOSE JUAN,10:8,KAZ,PARAKHATOV MEIRKHAN,10:8,SWE,BERNTZEN MATS,10:8,IND,NEELAM,10:9
8,VI. 6 FEB. 2026,15:30,RING B,25,14,169,Men,Elite Men - 70 Kg (EM-70kg),EM-70kg,MURSAL NURBEK,KAZ,DEEPAK,IND,BLUE,DEEPAK,IND,RSC,R1,ESP,ALVAREZ IDAFE,KAZ,PARAKHATOV MEIRKHAN,-,POR,TEIXEIRA SANDRA,-,SWE,BERNTZEN MATS,-,ESP,ROMERO JOSE JUAN,-,IND,NEELAM,-
8,VI. 6 FEB. 2026,15:30,RING B,25,15,170,Men,Elite Men - 75 Kg (EM-75kg),EM-75kg,ZAKHARIEIEV YURII,UKR,KONSBEKOV AMAN,KAZ,BLUE,KONSBEKOV AMAN,KAZ,WP,4:0,ESP,ROMERO JOSE JUAN,SWE,BERNTZEN MATS,27:29,ESP,ACENDRA LOPEZ EDILBERTO,27:29,POR,TEIXEIRA SANDRA,27:29,IND,NEELAM,27:29,ESP,ALVAREZ IDAFE,28:28
8,VI. 6 FEB. 2026,15:30,RING B,25,16,171,Men,Elite Men - 80 Kg (EM-80kg),EM-80kg,ANKUSH,IND,BEKTAS AZAMAT,KAZ,RED,ANKUSH,IND,WP,4:0,SWE,BERNTZEN MATS,KAZ,PARAKHATOV MEIRKHAN,28:28,ESP,ALVAREZ IDAFE,30:26,POR,TEIXEIRA SANDRA,29:27,ESP,ACENDRA LOPEZ EDILBERTO,29:27,IND,NEELAM,30:26
8,VI. 6 FEB. 2026,15:30,RING B,26,17,172,Men,Elite Men - 85 Kg (EM-85kg),EM-85kg,PANAH ARYAN SAED,NEU,LAKTIONOV MYKOLA,UKR,RED,PANAH ARYAN SAED,NEU,WP,3:2,ESP,ACENDRA LOPEZ EDILBERTO,SWE,BERNTZEN MATS,29:28,IND,NEELAM,29:28,KAZ,PARAKHATOV MEIRKHAN,28:29,ESP,ROMERO JOSE JUAN,28:29,POR,TEIXEIRA SANDRA,29:28
8,VI. 6 FEB. 2026,15:30,RING B,26,18,173,Men,Elite Men - 90 Kg (EM-90kg),EM-90kg,TOGAMBAY SAGYNDYK,KAZ,MICHKOVSKYI PAVLO,UKR,RED,TOGAMBAY SAGYNDYK,KAZ,WP,5:0,SWE,BERNTZEN MATS,IND,NEELAM,30:27,ESP,ACENDRA LOPEZ EDILBERTO,29:28,ESP,ROMERO JOSE JUAN,30:26,ESP,ALVAREZ IDAFE,29:27,POR,TEIXEIRA SANDRA,29:28
8,VI. 6 FEB. 2026,15:30,RING B,26,19,174,Men,Elite Men + 90 Kg (EM+90kg),EM+90kg,KHALETSKYI ANDRII,UKR,ORALBAY AIBEK,KAZ,BLUE,ORALBAY AIBEK,KAZ,WP,5:0,ESP,ROMERO JOSE JUAN,ESP,ALVAREZ IDAFE,27:30,IND,NEELAM,27:30,POR,TEIXEIRA SANDRA,28:29,SWE,BERNTZEN MATS,28:29,ESP,ACENDRA LOPEZ EDILBERTO,27:30
9,SÁ. 7 FEB. 2026,15:30,RING B,27,1,175,Women,Elite Women - 48 Kg (EW-48kg),EW-48kg,RANI MANJU,IND,LOPEZ DEL ARBOL MARTA,ESP,RED,RANI MANJU,IND,WP,5:0,POR,TEIXEIRA SANDRA,KAZ,PARAKHATOV MEIRKHAN,30:27,SWE,BERNTZEN MATS,29:28,UKR,SOKOLOV RUSLAN,30:27,ENG,KHAN KAMRAN,29:28,KAZ,BATYROV NURBEK,30:27
9,SÁ. 7 FEB. 2026,15:30,RING B,27,2,176,Women,Elite Women - 51 Kg (EW-51kg),EW-51kg,NITU,IND,GUTIERREZ SALMERON NOELIA,ESP,RED,NITU,IND,WP,5:0,KAZ,BATYROV NURBEK,SWE,BERNTZEN MATS,30:27,ENG,KHAN KAMRAN,30:27,POR,TEIXEIRA SANDRA,29:28,FRA,FORGET ALAIN,30:27,UKR,SOKOLOV RUSLAN,30:27
9,SÁ. 7 FEB. 2026,15:30,RING B,27,3,177,Women,Elite Women - 54 Kg (EW-54kg),EW-54kg,PREETI,IND,POONAM,IND,BLUE,POONAM,IND,WP,4:1,ESP,ROMERO JOSE JUAN,ESP,ACENDRA LOPEZ EDILBERTO,27:30,ESP,AVILA PRIETO FRANCISCO JOSE,28:29,ESP,MOYA FLORENTINO,28:29,ESP,FERNANDEZ FERNANDEZ JOSE RAMÓN,27:30,KAZ,PARAKHATOV MEIRKHAN,30:27
9,SÁ. 7 FEB. 2026,15:30,RING B,27,4,178,Women,Elite Women - 57 Kg (EW-57kg),EW-57kg,WEERHEIM GABRIELLA,NED,RUENROS PUNRAWEE,THA,BLUE,RUENROS PUNRAWEE,THA,WP,5:0,IND,NEELAM,ESP,FLORES SANTIAGO,27:30,ESP,ALVAREZ IDAFE,27:30,UKR,SOKOLOV RUSLAN,27:30,ENG,KHAN KAMRAN,27:30,POR,TEIXEIRA SANDRA,27:30
9,SÁ. 7 FEB. 2026,15:30,RING B,27,5,179,Women,Elite Women - 60 Kg (EW-60kg),EW-60kg,PRIYA,IND,DOVHAL TETIANA,UKR,RED,PRIYA,IND,WP,5:0,KAZ,PARAKHATOV MEIRKHAN,ENG,KHAN KAMRAN,29:28,SWE,BERNTZEN MATS,30:27,KAZ,BATYROV NURBEK,30:27,ESP,FERNANDEZ FERNANDEZ JOSE RAMÓN,30:27,ESP,ROMERO JOSE JUAN,30:27
9,SÁ. 7 FEB. 2026,15:30,RING B,27,6,180,Women,Elite Women - 65 Kg (EW-65kg),EW-65kg,SERIK NAZERKE,KAZ,ALLEN KAYLA,ENG,BLUE,ALLEN KAYLA,ENG,WP,3:2,UKR,SOKOLOV RUSLAN,IND,NEELAM,28:27,ESP,ROMERO JOSE JUAN,27:28,ESP,ALVAREZ IDAFE,26:29,POR,TEIXEIRA SANDRA,26:29,ESP,MOYA FLORENTINO,29:26
9,SÁ. 7 FEB. 2026,15:30,RING B,27,7,181,Women,Elite Women - 70 Kg (EW-70kg),EW-70kg,CHOURDHARY ARUNDHATI,IND,TARAN ANASTASIIA,UKR,RED,CHOURDHARY ARUNDHATI,IND,WP,5:0,ESP,FLORES SANTIAGO,ESP,MOYA FLORENTINO,30:26,ENG,KHAN KAMRAN,30:27,KAZ,BATYROV NURBEK,30:27,KAZ,PARAKHATOV MEIRKHAN,30:27,ESP,FERNANDEZ FERNANDEZ JOSE RAMÓN,30:26
9,SÁ. 7 FEB. 2026,15:30,RING B,27,8,182,Women,Elite Women - 75 Kg (EW-75kg),EW-75kg,BORGOHAIN LOVLINA,IND,SMITH MARY-KATE,ENG,RED,BORGOHAIN LOVLINA,IND,WP,4:1,ESP,FERNANDEZ FERNANDEZ JOSE RAMÓN,UKR,SOKOLOV RUSLAN,29:28,ESP,ALVAREZ IDAFE,29:28,SWE,BERNTZEN MATS,28:29,ESP,AVILA PRIETO FRANCISCO JOSE,30:27,FRA,FORGET ALAIN,30:27
9,SÁ. 7 FEB. 2026,15:30,RING B,28,9,183,Women,Elite Women - 80 Kg (EW-80kg),EW-80kg,PISKUN RAISA,UKR,NAINA,IND,BLUE,NAINA,IND,WP,4:1,FRA,FORGET ALAIN,ESP,ALVAREZ IDAFE,27:30,ESP,ACENDRA LOPEZ EDILBERTO,28:29,POR,TEIXEIRA SANDRA,28:29,ESP,MOYA FLORENTINO,28:29,ESP,ROMERO JOSE JUAN,29:28
9,SÁ. 7 FEB. 2026,15:30,RING B,28,10,184,Women,Elite Women + 80 Kg (EW+80kg),EW+80kg,SADYKOVA UMIDA,KAZ,SEIITKAHNKYZY PANAR,KAZ,RED,SADYKOVA UMIDA,KAZ,RSC,R1,IND,NEELAM,UKR,SOKOLOV RUSLAN,-,ESP,ALVAREZ IDAFE,-,ENG,KHAN KAMRAN,-,ESP,AVILA PRIETO FRANCISCO JOSE,-,ESP,ACENDRA LOPEZ EDILBERTO,-
9,SÁ. 7 FEB. 2026,15:30,RING B,28,11,185,Men,Elite Men - 50 Kg (EM-50kg),EM-50kg,TASHKENBAY SANZHAR,KAZ,MAGHRAOUI FRYHAH ISMAEL,ESP,RED,TASHKENBAY SANZHAR,KAZ,WP,5:0,SWE,BERNTZEN MATS,POR,TEIXEIRA SANDRA,29:28,UKR,SOKOLOV RUSLAN,30:27,IND,NEELAM,29:28,ENG,KHAN KAMRAN,30:27,FRA,FORGET ALAIN,30:27
9,SÁ. 7 FEB. 2026,15:30,RING B,28,12,186,Men,Elite Men - 55 Kg (EM-55kg),EM-55kg,SABYRKHAN MAKHMUD,KAZ,TROWBRIDGE ELLIS,ENG,RED,SABYRKHAN MAKHMUD,KAZ,RSC-I,R2,ESP,ROMERO JOSE JUAN,ESP,MOYA FLORENTINO,10:9,ESP,AVILA PRIETO FRANCISCO JOSE,10:9,ESP,FLORES SANTIAGO,10:9,IND,NEELAM,9:10,POR,TEIXEIRA SANDRA,9:10
9,SÁ. 7 FEB. 2026,15:30,RING B,28,13,187,Men,Elite Men - 60 Kg (EM-60kg),EM-60kg,AL AHMADIEH KEOMA-ALI,CAN,SACHIN,IND,BLUE,SACHIN,IND,WP,3:2,ESP,MOYA FLORENTINO,SWE,BERNTZEN MATS,28:29,KAZ,PARAKHATOV MEIRKHAN,29:28,KAZ,BATYROV NURBEK,29:28,ESP,FERNANDEZ FERNANDEZ JOSE RAMÓN,27:30,ESP,ACENDRA LOPEZ EDILBERTO,27:30
9,SÁ. 7 FEB. 2026,15:30,RING B,28,14,188,Men,Elite Men - 65 Kg (EM-65kg),EM-65kg,OUNAI MOHAMED,FRA,ALIIEV ELVIN,UKR,BLUE,ALIIEV ELVIN,UKR,WO,,ESP,AVILA PRIETO FRANCISCO JOSE,SWE,BERNTZEN MATS,-,ENG,KHAN KAMRAN,-,IND,NEELAM,-,KAZ,BATYROV NURBEK,-,POR,TEIXEIRA SANDRA,-
9,SÁ. 7 FEB. 2026,15:30,RING B,28,15,189,Men,Elite Men - 70 Kg (EM-70kg),EM-70kg,SABYRKHAN TOREKHAN,KAZ,DEEPAK,IND,RED,SABYRKHAN TOREKHAN,KAZ,WP,4:1,ESP,ACENDRA LOPEZ EDILBERTO,ENG,KHAN KAMRAN,29:27,UKR,SOKOLOV RUSLAN,29:27,ESP,MOYA FLORENTINO,29:27,FRA,FORGET ALAIN,27:29,SWE,BERNTZEN MATS,29:27
9,SÁ. 7 FEB. 2026,15:30,RING B,28,16,190,Men,Elite Men - 75 Kg (EM-75kg),EM-75kg,AKASH,IND,KONSBEKOV AMAN,KAZ,RED,AKASH,IND,WP,3:2,ENG,KHAN KAMRAN,ESP,FLORES SANTIAGO,29:28,ESP,ALVAREZ IDAFE,29:28,ESP,MOYA FLORENTINO,28:29,ESP,AVILA PRIETO FRANCISCO JOSE,28:29,POR,TEIXEIRA SANDRA,29:28
9,SÁ. 7 FEB. 2026,15:30,RING B,29,17,191,Men,Elite Men - 80 Kg (EM-80kg),EM-80kg,ILLIUSHA PAVLO,UKR,ANKUSH,IND,RED,ILLIUSHA PAVLO,UKR,WP,5:0,KAZ,BATYROV NURBEK,ESP,ACENDRA LOPEZ EDILBERTO,29:28,ESP,FERNANDEZ FERNANDEZ JOSE RAMÓN,29:28,FRA,FORGET ALAIN,29:28,KAZ,PARAKHATOV MEIRKHAN,29:28,SWE,BERNTZEN MATS,30:27
9,SÁ. 7 FEB. 2026,15:30,RING B,29,18,192,Men,Elite Men - 85 Kg (EM-85kg),EM-85kg,ORALBAY NURBEK,KAZ,PANAH ARYAN SAED,NEU,RED,ORALBAY NURBEK,KAZ,WP,5:0,ESP,ALVAREZ IDAFE,ESP,AVILA PRIETO FRANCISCO JOSE,29:28,UKR,SOKOLOV RUSLAN,30:27,IND,NEELAM,29:28,POR,TEIXEIRA SANDRA,29:28,SWE,BERNTZEN MATS,30:27
9,SÁ. 7 FEB. 2026,15:30,RING B,29,19,193,Men,Elite Men - 90 Kg (EM-90kg),EM-90kg,REYES PLA ENMANUEL,ESP,TOGAMBAY SAGYNDYK,KAZ,RED,REYES PLA ENMANUEL,ESP,WP,3:2,UKR,SOKOLOV RUSLAN,POR,TEIXEIRA SANDRA,29:28,IND,NEELAM,29:28,ENG,KHAN KAMRAN,27:30,SWE,BERNTZEN MATS,27:30,FRA,FORGET ALAIN,29:28
9,SÁ. 7 FEB. 2026,15:30,RING B,29,20,194,Men,Elite Men + 90 Kg (EM+90kg),EM+90kg,ASSYLKHAN NURASSYL,KAZ,ORALBAY AIBEK,KAZ,BLUE,ORALBAY AIBEK,KAZ,WP,5:0,ESP,AVILA PRIETO FRANCISCO JOSE,POR,TEIXEIRA SANDRA,26:30,ESP,ACENDRA LOPEZ EDILBERTO,27:30,ESP,FERNANDEZ FERNANDEZ JOSE RAMÓN,27:30,ESP,ALVAREZ IDAFE,27:30,ESP,MOYA FLORENTINO,25:30
