Session,Bout No,Weight Category,Red Boxer,Blue Boxer,Judge No,Judge Team,Judge Name,Score,Red Points,Blue Points,Preferred Winner Flag
1,1,Elite Women - 54 Kg (EW-54kg),ALIASKAR SYMBAT,PREETI,1,KAZ,BATYROV NURBEK,28:29,28,29,
1,1,Elite Women - 54 Kg (EW-54kg),ALIASKAR SYMBAT,PREETI,2,FRA,FORGET ALAIN,27:30,27,30,
1,1,Elite Women - 54 Kg (EW-54kg),ALIASKAR SYMBAT,PREETI,3,ENG,KHAN KAMRAN,27:30,27,30,
1,1,Elite Women - 54 Kg (EW-54kg),ALIASKAR SYMBAT,PREETI,4,UKR,SOKOLOV RUSLAN,28:29,28,29,
1,1,Elite Women - 54 Kg (EW-54kg),ALIASKAR SYMBAT,PREETI,5,ESP,MOYA FLORENTINO,27:29,27,29,
1,2,Elite Women - 57 Kg (EW-57kg),ISSAYEVA SHAKHNAZ,WEERHEIM GABRIELLA,1,KAZ,BATYROV NURBEK,29:28,29,28,
1,2,Elite Women - 57 Kg (EW-57kg),ISSAYEVA SHAKHNAZ,WEERHEIM GABRIELLA,2,FRA,FORGET ALAIN,27:30,27,30,
1,2,Elite Women - 57 Kg (EW-57kg),ISSAYEVA SHAKHNAZ,WEERHEIM GABRIELLA,3,UKR,SOKOLOV RUSLAN,28:29,28,29,
1,2,Elite Women - 57 Kg (EW-57kg),ISSAYEVA SHAKHNAZ,WEERHEIM GABRIELLA,4,ESP,FERNANDEZ FERNANDEZ JOSE RAMÓN,27:30,27,30,
1,2,Elite Women - 57 Kg (EW-57kg),ISSAYEVA SHAKHNAZ,WEERHEIM GABRIELLA,5,ENG,KHAN KAMRAN,28:29,28,29,
1,3,Elite Women - 57 Kg (EW-57kg),MORELL RAMIREZ VANESA,PRACHI,1,FRA,FORGET ALAIN,26:30,26,30,
1,3,Elite Women - 57 Kg (EW-57kg),MORELL RAMIREZ VANESA,PRACHI,2,KAZ,BATYROV NURBEK,27:30,27,30,
1,3,Elite Women - 57 Kg (EW-57kg),MORELL RAMIREZ VANESA,PRACHI,3,UKR,SOKOLOV RUSLAN,26:30,26,30,
1,3,Elite Women - 57 Kg (EW-57kg),MORELL RAMIREZ VANESA,PRACHI,4,ESP,AVILA PRIETO FRANCISCO JOSE,27:30,27,30,
1,3,Elite Women - 57 Kg (EW-57kg),MORELL RAMIREZ VANESA,PRACHI,5,ENG,KHAN KAMRAN,26:30,26,30,
1,4,Elite Women - 60 Kg (EW-60kg),PRIYA,MANSUETTO ALESSIA,1,FRA,FORGET ALAIN,30:26,30,26,
1,4,Elite Women - 60 Kg (EW-60kg),PRIYA,MANSUETTO ALESSIA,2,ESP,FLORES SANTIAGO,30:27,30,27,
1,4,Elite Women - 60 Kg (EW-60kg),PRIYA,MANSUETTO ALESSIA,3,UKR,SOKOLOV RUSLAN,30:27,30,27,
1,4,Elite Women - 60 Kg (EW-60kg),PRIYA,MANSUETTO ALESSIA,4,ENG,KHAN KAMRAN,30:27,30,27,
1,4,Elite Women - 60 Kg (EW-60kg),PRIYA,MANSUETTO ALESSIA,5,KAZ,BATYROV NURBEK,30:27,30,27,
1,5,Elite Women - 60 Kg (EW-60kg),YERMEK AYAZHAN,van der TOORN MAUD,1,UKR,SOKOLOV RUSLAN,27:30,27,30,
1,5,Elite Women - 60 Kg (EW-60kg),YERMEK AYAZHAN,van der TOORN MAUD,2,FRA,FORGET ALAIN,28:29,28,29,
1,5,Elite Women - 60 Kg (EW-60kg),YERMEK AYAZHAN,van der TOORN MAUD,3,ENG,KHAN KAMRAN,28:29,28,29,
1,5,Elite Women - 60 Kg (EW-60kg),YERMEK AYAZHAN,van der TOORN MAUD,4,ESP,FERNANDEZ FERNANDEZ JOSE RAMÓN,28:29,28,29,
1,5,Elite Women - 60 Kg (EW-60kg),YERMEK AYAZHAN,van der TOORN MAUD,5,ESP,MOYA FLORENTINO,28:29,28,29,
1,6,Elite Women - 65 Kg (EW-65kg),SHEVCHENKO MARYNA,JILKOVÁ VIKTORIE,1,ESP,FERNANDEZ FERNANDEZ JOSE RAMÓN,27:30,27,30,
1,6,Elite Women - 65 Kg (EW-65kg),SHEVCHENKO MARYNA,JILKOVÁ VIKTORIE,2,FRA,FORGET ALAIN,28:29,28,29,
1,6,Elite Women - 65 Kg (EW-65kg),SHEVCHENKO MARYNA,JILKOVÁ VIKTORIE,3,KAZ,BATYROV NURBEK,28:29,28,29,
1,6,Elite Women - 65 Kg (EW-65kg),SHEVCHENKO MARYNA,JILKOVÁ VIKTORIE,4,ESP,FLORES SANTIAGO,27:30,27,30,
1,6,Elite Women - 65 Kg (EW-65kg),SHEVCHENKO MARYNA,JILKOVÁ VIKTORIE,5,ESP,MOYA FLORENTINO,28:29,28,29,
1,7,Elite Women - 65 Kg (EW-65kg),JENNI ANNA,SERIK NAZERKE,1,ESP,MOYA FLORENTINO,27:30,27,30,
1,7,Elite Women - 65 Kg (EW-65kg),JENNI ANNA,SERIK NAZERKE,2,ESP,FERNANDEZ FERNANDEZ JOSE RAMÓN,28:29,28,29,
1,7,Elite Women - 65 Kg (EW-65kg),JENNI ANNA,SERIK NAZERKE,3,UKR,SOKOLOV RUSLAN,28:29,28,29,
1,7,Elite Women - 65 Kg (EW-65kg),JENNI ANNA,SERIK NAZERKE,4,FRA,FORGET ALAIN,27:30,27,30,
1,7,Elite Women - 65 Kg (EW-65kg),JENNI ANNA,SERIK NAZERKE,5,ENG,KHAN KAMRAN,28:29,28,29,
1,8,Elite Men - 60 Kg (EM-60kg),AL CHABTUN MAHMOUD,AL AHMADIEH KEOMA-ALI,1,ESP,AVILA PRIETO FRANCISCO JOSE,27:30,27,30,
1,8,Elite Men - 60 Kg (EM-60kg),AL CHABTUN MAHMOUD,AL AHMADIEH KEOMA-ALI,2,FRA,FORGET ALAIN,27:30,27,30,
1,8,Elite Men - 60 Kg (EM-60kg),AL CHABTUN MAHMOUD,AL AHMADIEH KEOMA-ALI,3,KAZ,BATYROV NURBEK,27:30,27,30,
1,8,Elite Men - 60 Kg (EM-60kg),AL CHABTUN MAHMOUD,AL AHMADIEH KEOMA-ALI,4,UKR,SOKOLOV RUSLAN,27:30,27,30,
1,8,Elite Men - 60 Kg (EM-60kg),AL CHABTUN MAHMOUD,AL AHMADIEH KEOMA-ALI,5,ENG,KHAN KAMRAN,27:30,27,30,
1,9,Elite Men - 60 Kg (EM-60kg),MOHAMMED HUSSAM UDDIN,BÜYÜKDEMIR MATIAS MEHMET,1,UKR,SOKOLOV RUSLAN,29:28,29,28,
1,9,Elite Men - 60 Kg (EM-60kg),MOHAMMED HUSSAM UDDIN,BÜYÜKDEMIR MATIAS MEHMET,2,KAZ,BATYROV NURBEK,30:27,30,27,
1,9,Elite Men - 60 Kg (EM-60kg),MOHAMMED HUSSAM UDDIN,BÜYÜKDEMIR MATIAS MEHMET,3,ESP,FERNANDEZ FERNANDEZ JOSE RAMÓN,29:28,29,28,
1,9,Elite Men - 60 Kg (EM-60kg),MOHAMMED HUSSAM UDDIN,BÜYÜKDEMIR MATIAS MEHMET,4,FRA,FORGET ALAIN,29:28,29,28,
1,9,Elite Men - 60 Kg (EM-60kg),MOHAMMED HUSSAM UDDIN,BÜYÜKDEMIR MATIAS MEHMET,5,ENG,KHAN KAMRAN,28:29,28,29,
1,10,Elite Men - 60 Kg (EM-60kg),DAHLY ALI,RUAMTHAM SAKDA,1,ESP,AVILA PRIETO FRANCISCO JOSE,30:27,30,27,
1,10,Elite Men - 60 Kg (EM-60kg),DAHLY ALI,RUAMTHAM SAKDA,2,ESP,MOYA FLORENTINO,30:27,30,27,
1,10,Elite Men - 60 Kg (EM-60kg),DAHLY ALI,RUAMTHAM SAKDA,3,ESP,FLORES SANTIAGO,30:27,30,27,
1,10,Elite Men - 60 Kg (EM-60kg),DAHLY ALI,RUAMTHAM SAKDA,4,FRA,FORGET ALAIN,30:27,30,27,
1,10,Elite Men - 60 Kg (EM-60kg),DAHLY ALI,RUAMTHAM SAKDA,5,ENG,KHAN KAMRAN,29:28,29,28,
1,11,Elite Men - 65 Kg (EM-65kg),MONTEIRO MARCIO,PIDNUCH KHUNATIP,1,UKR,SOKOLOV RUSLAN,28:29,28,29,
1,11,Elite Men - 65 Kg (EM-65kg),MONTEIRO MARCIO,PIDNUCH KHUNATIP,2,ESP,FLORES SANTIAGO,27:30,27,30,
1,11,Elite Men - 65 Kg (EM-65kg),MONTEIRO MARCIO,PIDNUCH KHUNATIP,3,KAZ,BATYROV NURBEK,27:30,27,30,
1,11,Elite Men - 65 Kg (EM-65kg),MONTEIRO MARCIO,PIDNUCH KHUNATIP,4,ESP,FERNANDEZ FERNANDEZ JOSE RAMÓN,27:30,27,30,
1,11,Elite Men - 65 Kg (EM-65kg),MONTEIRO MARCIO,PIDNUCH KHUNATIP,5,ENG,KHAN KAMRAN,27:30,27,30,
1,12,Elite Men - 65 Kg (EM-65kg),GULIYEV RASUL,OUNAI MOHAMED,1,FRA,FORGET ALAIN,27:30,27,30,
1,12,Elite Men - 65 Kg (EM-65kg),GULIYEV RASUL,OUNAI MOHAMED,2,ESP,MOYA FLORENTINO,28:29,28,29,
1,12,Elite Men - 65 Kg (EM-65kg),GULIYEV RASUL,OUNAI MOHAMED,3,UKR,SOKOLOV RUSLAN,30:27,30,27,
1,12,Elite Men - 65 Kg (EM-65kg),GULIYEV RASUL,OUNAI MOHAMED,4,KAZ,BATYROV NURBEK,28:29,28,29,
1,12,Elite Men - 65 Kg (EM-65kg),GULIYEV RASUL,OUNAI MOHAMED,5,ESP,AVILA PRIETO FRANCISCO JOSE,27:30,27,30,
1,13,Elite Men - 65 Kg (EM-65kg),TURNER JOE,YADAV ADITYA PRATAP,1,UKR,SOKOLOV RUSLAN,28:29,28,29,
1,13,Elite Men - 65 Kg (EM-65kg),TURNER JOE,YADAV ADITYA PRATAP,2,ESP,FERNANDEZ FERNANDEZ JOSE RAMÓN,29:28,29,28,
1,13,Elite Men - 65 Kg (EM-65kg),TURNER JOE,YADAV ADITYA PRATAP,3,FRA,FORGET ALAIN,30:27,30,27,
1,13,Elite Men - 65 Kg (EM-65kg),TURNER JOE,YADAV ADITYA PRATAP,4,ESP,AVILA PRIETO FRANCISCO JOSE,29:28,29,28,
1,13,Elite Men - 65 Kg (EM-65kg),TURNER JOE,YADAV ADITYA PRATAP,5,KAZ,BATYROV NURBEK,29:28,29,28,
1,14,Elite Men - 65 Kg (EM-65kg),JAMWAL ABHINASH,OSMAN QALID,1,ENG,KHAN KAMRAN,30:27,30,27,
1,14,Elite Men - 65 Kg (EM-65kg),JAMWAL ABHINASH,OSMAN QALID,2,KAZ,BATYROV NURBEK,30:27,30,27,
1,14,Elite Men - 65 Kg (EM-65kg),JAMWAL ABHINASH,OSMAN QALID,3,FRA,FORGET ALAIN,29:28,29,28,
1,14,Elite Men - 65 Kg (EM-65kg),JAMWAL ABHINASH,OSMAN QALID,4,ESP,AVILA PRIETO FRANCISCO JOSE,30:27,30,27,
1,14,Elite Men - 65 Kg (EM-65kg),JAMWAL ABHINASH,OSMAN QALID,5,UKR,SOKOLOV RUSLAN,29:28,29,28,
1,15,Elite Men - 70 Kg (EM-70kg),FORMENTO SANTOS KALED,SANTORIELLO VICENT,1,UKR,SOKOLOV RUSLAN,29:28,29,28,
1,15,Elite Men - 70 Kg (EM-70kg),FORMENTO SANTOS KALED,SANTORIELLO VICENT,2,ESP,FLORES SANTIAGO,28:29,28,29,
1,15,Elite Men - 70 Kg (EM-70kg),FORMENTO SANTOS KALED,SANTORIELLO VICENT,3,FRA,FORGET ALAIN,27:30,27,30,
1,15,Elite Men - 70 Kg (EM-70kg),FORMENTO SANTOS KALED,SANTORIELLO VICENT,4,ENG,KHAN KAMRAN,27:30,27,30,
1,15,Elite Men - 70 Kg (EM-70kg),FORMENTO SANTOS KALED,SANTORIELLO VICENT,5,KAZ,BATYROV NURBEK,28:29,28,29,
1,16,Elite Men - 70 Kg (EM-70kg),BOS FINN,HITESH,1,FRA,FORGET ALAIN,27:30,27,30,
1,16,Elite Men - 70 Kg (EM-70kg),BOS FINN,HITESH,2,ENG,KHAN KAMRAN,27:30,27,30,
1,16,Elite Men - 70 Kg (EM-70kg),BOS FINN,HITESH,3,KAZ,BATYROV NURBEK,28:29,28,29,
1,16,Elite Men - 70 Kg (EM-70kg),BOS FINN,HITESH,4,ESP,AVILA PRIETO FRANCISCO JOSE,28:29,28,29,
1,16,Elite Men - 70 Kg (EM-70kg),BOS FINN,HITESH,5,UKR,SOKOLOV RUSLAN,27:30,27,30,
1,17,Elite Men - 70 Kg (EM-70kg),LOMAKIN MARK,MAYUOM KOUC,1,KAZ,BATYROV NURBEK,28:29,28,29,
1,17,Elite Men - 70 Kg (EM-70kg),LOMAKIN MARK,MAYUOM KOUC,2,ESP,FERNANDEZ FERNANDEZ JOSE RAMÓN,27:30,27,30,
1,17,Elite Men - 70 Kg (EM-70kg),LOMAKIN MARK,MAYUOM KOUC,3,ESP,AVILA PRIETO FRANCISCO JOSE,28:29,28,29,
1,17,Elite Men - 70 Kg (EM-70kg),LOMAKIN MARK,MAYUOM KOUC,4,FRA,FORGET ALAIN,27:30,27,30,
1,17,Elite Men - 70 Kg (EM-70kg),LOMAKIN MARK,MAYUOM KOUC,5,ENG,KHAN KAMRAN,28:29,28,29,
1,18,Elite Men - 70 Kg (EM-70kg),MONTEIRO AILTON,SABYRKHAN TOREKHAN,1,UKR,SOKOLOV RUSLAN,28:29,28,29,
1,18,Elite Men - 70 Kg (EM-70kg),MONTEIRO AILTON,SABYRKHAN TOREKHAN,2,ESP,FERNANDEZ FERNANDEZ JOSE RAMÓN,27:30,27,30,
1,18,Elite Men - 70 Kg (EM-70kg),MONTEIRO AILTON,SABYRKHAN TOREKHAN,3,ENG,KHAN KAMRAN,27:30,27,30,
1,18,Elite Men - 70 Kg (EM-70kg),MONTEIRO AILTON,SABYRKHAN TOREKHAN,4,ESP,FLORES SANTIAGO,27:30,27,30,
1,18,Elite Men - 70 Kg (EM-70kg),MONTEIRO AILTON,SABYRKHAN TOREKHAN,5,ESP,MOYA FLORENTINO,27:30,27,30,
1,19,Elite Men - 75 Kg (EM-75kg),TAVARES ADMILSON,SHAW-TULLIN KYLE,1,ESP,FLORES SANTIAGO,27:30,27,30,
1,19,Elite Men - 75 Kg (EM-75kg),TAVARES ADMILSON,SHAW-TULLIN KYLE,2,ESP,AVILA PRIETO FRANCISCO JOSE,27:30,27,30,
1,19,Elite Men - 75 Kg (EM-75kg),TAVARES ADMILSON,SHAW-TULLIN KYLE,3,FRA,FORGET ALAIN,27:30,27,30,
1,19,Elite Men - 75 Kg (EM-75kg),TAVARES ADMILSON,SHAW-TULLIN KYLE,4,KAZ,BATYROV NURBEK,27:30,27,30,
1,19,Elite Men - 75 Kg (EM-75kg),TAVARES ADMILSON,SHAW-TULLIN KYLE,5,ESP,FERNANDEZ FERNANDEZ JOSE RAMÓN,27:30,27,30,
1,20,Elite Men - 75 Kg (EM-75kg),AKASH,ZAKKHARCHENKO NIKITA,1,ENG,KHAN KAMRAN,30:27,30,27,
1,20,Elite Men - 75 Kg (EM-75kg),AKASH,ZAKKHARCHENKO NIKITA,2,ESP,MOYA FLORENTINO,30:27,30,27,
1,20,Elite Men - 75 Kg (EM-75kg),AKASH,ZAKKHARCHENKO NIKITA,3,FRA,FORGET ALAIN,28:29,28,29,
1,20,Elite Men - 75 Kg (EM-75kg),AKASH,ZAKKHARCHENKO NIKITA,4,ESP,FLORES SANTIAGO,29:28,29,28,
1,20,Elite Men - 75 Kg (EM-75kg),AKASH,ZAKKHARCHENKO NIKITA,5,KAZ,BATYROV NURBEK,29:28,29,28,
1,21,Elite Men - 80 Kg (EM-80kg),GOMES EDMILSON,JONGJOHO WEERAPON,1,FRA,FORGET ALAIN,27:30,27,30,
1,21,Elite Men - 80 Kg (EM-80kg),GOMES EDMILSON,JONGJOHO WEERAPON,2,KAZ,BATYROV NURBEK,27:30,27,30,
1,21,Elite Men - 80 Kg (EM-80kg),GOMES EDMILSON,JONGJOHO WEERAPON,3,ESP,FERNANDEZ FERNANDEZ JOSE RAMÓN,27:30,27,30,
1,21,Elite Men - 80 Kg (EM-80kg),GOMES EDMILSON,JONGJOHO WEERAPON,4,UKR,SOKOLOV RUSLAN,27:30,27,30,
1,21,Elite Men - 80 Kg (EM-80kg),GOMES EDMILSON,JONGJOHO WEERAPON,5,ENG,KHAN KAMRAN,27:30,27,30,
1,22,Elite Men - 80 Kg (EM-80kg),BEN OTHMEN RAYEN,RYSZARD GILEJ,1,KAZ,BATYROV NURBEK,30:27,30,27,
1,22,Elite Men - 80 Kg (EM-80kg),BEN OTHMEN RAYEN,RYSZARD GILEJ,2,FRA,FORGET ALAIN,30:27,30,27,
1,22,Elite Men - 80 Kg (EM-80kg),BEN OTHMEN RAYEN,RYSZARD GILEJ,3,ENG,KHAN KAMRAN,30:27,30,27,
1,22,Elite Men - 80 Kg (EM-80kg),BEN OTHMEN RAYEN,RYSZARD GILEJ,4,ESP,FERNANDEZ FERNANDEZ JOSE RAMÓN,30:27,30,27,
1,22,Elite Men - 80 Kg (EM-80kg),BEN OTHMEN RAYEN,RYSZARD GILEJ,5,ESP,FLORES SANTIAGO,30:27,30,27,
1,23,Elite Men - 80 Kg (EM-80kg),COY BERNAL PABLO,MONTEIRO KEVIN,1,UKR,SOKOLOV RUSLAN,-,,,
1,23,Elite Men - 80 Kg (EM-80kg),COY BERNAL PABLO,MONTEIRO KEVIN,2,KAZ,BATYROV NURBEK,-,,,
1,23,Elite Men - 80 Kg (EM-80kg),COY BERNAL PABLO,MONTEIRO KEVIN,3,ENG,KHAN KAMRAN,-,,,
1,23,Elite Men - 80 Kg (EM-80kg),COY BERNAL PABLO,MONTEIRO KEVIN,4,FRA,FORGET ALAIN,-,,,
1,23,Elite Men - 80 Kg (EM-80kg),COY BERNAL PABLO,MONTEIRO KEVIN,5,ESP,MOYA FLORENTINO,-,,,
2,24,Elite Women - 54 Kg (EW-54kg),CHONGPRONGKLANG NATNICHA,DELGADO MEDEIROS MIREN,1,POR,TEIXEIRA SANDRA,29:28,29,28,
2,24,Elite Women - 54 Kg (EW-54kg),CHONGPRONGKLANG NATNICHA,DELGADO MEDEIROS MIREN,2,SWE,BERNTZEN MATS,29:28,29,28,
2,24,Elite Women - 54 Kg (EW-54kg),CHONGPRONGKLANG NATNICHA,DELGADO MEDEIROS MIREN,3,IND,NEELAM,30:27,30,27,
2,24,Elite Women - 54 Kg (EW-54kg),CHONGPRONGKLANG NATNICHA,DELGADO MEDEIROS MIREN,4,ESP,ROMERO JOSE JUAN,30:26,30,26,
2,24,Elite Women - 54 Kg (EW-54kg),CHONGPRONGKLANG NATNICHA,DELGADO MEDEIROS MIREN,5,ESP,ACENDRA LOPEZ EDILBERTO,30:27,30,27,
2,25,Elite Women - 57 Kg (EW-57kg),RUENROS PUNRAWEE,TERESI MALOÉ,1,POR,TEIXEIRA SANDRA,30:26,30,26,
2,25,Elite Women - 57 Kg (EW-57kg),RUENROS PUNRAWEE,TERESI MALOÉ,2,SWE,BERNTZEN MATS,30:25,30,25,
2,25,Elite Women - 57 Kg (EW-57kg),RUENROS PUNRAWEE,TERESI MALOÉ,3,ESP,ACENDRA LOPEZ EDILBERTO,30:27,30,27,
2,25,Elite Women - 57 Kg (EW-57kg),RUENROS PUNRAWEE,TERESI MALOÉ,4,IND,NEELAM,29:28,29,28,
2,25,Elite Women - 57 Kg (EW-57kg),RUENROS PUNRAWEE,TERESI MALOÉ,5,KAZ,PARKHATOV MEIRKHAN,30:27,30,27,
2,26,Elite Women - 57 Kg (EW-57kg),AL AHMADIEH MARIE,BURGOS UCEDA DANIELA,1,IND,NEELAM,28:29,28,29,
2,26,Elite Women - 57 Kg (EW-57kg),AL AHMADIEH MARIE,BURGOS UCEDA DANIELA,2,ESP,ROMERO JOSE JUAN,29:28,29,28,
2,26,Elite Women - 57 Kg (EW-57kg),AL AHMADIEH MARIE,BURGOS UCEDA DANIELA,3,POR,TEIXEIRA SANDRA,29:28,29,28,
2,26,Elite Women - 57 Kg (EW-57kg),AL AHMADIEH MARIE,BURGOS UCEDA DANIELA,4,KAZ,PARKHATOV MEIRKHAN,30:27,30,27,
2,26,Elite Women - 57 Kg (EW-57kg),AL AHMADIEH MARIE,BURGOS UCEDA DANIELA,5,SWE,BERNTZEN MATS,30:27,30,27,
2,27,Elite Women - 60 Kg (EW-60kg),DOVHAL TETIANA,NOVICEUR LISA,1,ESP,ALVAREZ IDAFE,29:28,29,28,
2,27,Elite Women - 60 Kg (EW-60kg),DOVHAL TETIANA,NOVICEUR LISA,2,KAZ,PARKHATOV MEIRKHAN,29:28,29,28,
2,27,Elite Women - 60 Kg (EW-60kg),DOVHAL TETIANA,NOVICEUR LISA,3,SWE,BERNTZEN MATS,28:29,28,29,
2,27,Elite Women - 60 Kg (EW-60kg),DOVHAL TETIANA,NOVICEUR LISA,4,POR,TEIXEIRA SANDRA,28:29,28,29,
2,27,Elite Women - 60 Kg (EW-60kg),DOVHAL TETIANA,NOVICEUR LISA,5,IND,NEELAM,30:27,30,27,
2,28,Elite Women - 60 Kg (EW-60kg),SOMNUEK THANANYA,GONZALEZ RODRIGUEZ ANA ISABEL,1,IND,NEELAM,28:29,28,29,
2,28,Elite Women - 60 Kg (EW-60kg),SOMNUEK THANANYA,GONZALEZ RODRIGUEZ ANA ISABEL,2,KAZ,PARKHATOV MEIRKHAN,29:28,29,28,
2,28,Elite Women - 60 Kg (EW-60kg),SOMNUEK THANANYA,GONZALEZ RODRIGUEZ ANA ISABEL,3,ESP,ACENDRA LOPEZ EDILBERTO,27:30,27,30,
2,28,Elite Women - 60 Kg (EW-60kg),SOMNUEK THANANYA,GONZALEZ RODRIGUEZ ANA ISABEL,4,POR,TEIXEIRA SANDRA,29:28,29,28,
2,28,Elite Women - 60 Kg (EW-60kg),SOMNUEK THANANYA,GONZALEZ RODRIGUEZ ANA ISABEL,5,SWE,BERNTZEN MATS,30:26,30,26,
2,29,Elite Women - 65 Kg (EW-65kg),HOPPEMA AALIYAH,ALLEN KAYLA,1,POR,TEIXEIRA SANDRA,28:29,28,29,
2,29,Elite Women - 65 Kg (EW-65kg),HOPPEMA AALIYAH,ALLEN KAYLA,2,ESP,ROMERO JOSE JUAN,29:28,29,28,
2,29,Elite Women - 65 Kg (EW-65kg),HOPPEMA AALIYAH,ALLEN KAYLA,3,IND,NEELAM,29:28,29,28,
2,29,Elite Women - 65 Kg (EW-65kg),HOPPEMA AALIYAH,ALLEN KAYLA,4,KAZ,PARKHATOV MEIRKHAN,27:30,27,30,
2,29,Elite Women - 65 Kg (EW-65kg),HOPPEMA AALIYAH,ALLEN KAYLA,5,SWE,BERNTZEN MATS,28:29,28,29,
2,30,Elite Women - 65 Kg (EW-65kg),TANATAR ASSEM,KAJAL,1,KAZ,PARKHATOV MEIRKHAN,30:27,30,27,
2,30,Elite Women - 65 Kg (EW-65kg),TANATAR ASSEM,KAJAL,2,POR,TEIXEIRA SANDRA,28:29,28,29,
2,30,Elite Women - 65 Kg (EW-65kg),TANATAR ASSEM,KAJAL,3,SWE,BERNTZEN MATS,28:29,28,29,
2,30,Elite Women - 65 Kg (EW-65kg),TANATAR ASSEM,KAJAL,4,ESP,ALVAREZ IDAFE,27:30,27,30,
2,30,Elite Women - 65 Kg (EW-65kg),TANATAR ASSEM,KAJAL,5,IND,NEELAM,28:29,28,29,
2,31,Elite Men - 60 Kg (EM-60kg),EL AIDOUNI HAMEZA,ABDURAIMOV AIDER,1,POR,TEIXEIRA SANDRA,26:30,26,30,
2,31,Elite Men - 60 Kg (EM-60kg),EL AIDOUNI HAMEZA,ABDURAIMOV AIDER,2,IND,NEELAM,26:30,26,30,
2,31,Elite Men - 60 Kg (EM-60kg),EL AIDOUNI HAMEZA,ABDURAIMOV AIDER,3,ESP,ACENDRA LOPEZ EDILBERTO,27:29,27,29,
2,31,Elite Men - 60 Kg (EM-60kg),EL AIDOUNI HAMEZA,ABDURAIMOV AIDER,4,SWE,BERNTZEN MATS,24:30,24,30,
2,31,Elite Men - 60 Kg (EM-60kg),EL AIDOUNI HAMEZA,ABDURAIMOV AIDER,5,KAZ,PARKHATOV MEIRKHAN,26:30,26,30,
2,32,Elite Men - 60 Kg (EM-60kg),CHINEA COLLAZOS BRANDON ALEJANDRO,SACHIN,1,ESP,ROMERO JOSE JUAN,27:30,27,30,
2,32,Elite Men - 60 Kg (EM-60kg),CHINEA COLLAZOS BRANDON ALEJANDRO,SACHIN,2,IND,NEELAM,27:30,27,30,
2,32,Elite Men - 60 Kg (EM-60kg),CHINEA COLLAZOS BRANDON ALEJANDRO,SACHIN,3,POR,TEIXEIRA SANDRA,27:30,27,30,
2,32,Elite Men - 60 Kg (EM-60kg),CHINEA COLLAZOS BRANDON ALEJANDRO,SACHIN,4,KAZ,PARKHATOV MEIRKHAN,27:30,27,30,
2,32,Elite Men - 60 Kg (EM-60kg),CHINEA COLLAZOS BRANDON ALEJANDRO,SACHIN,5,SWE,BERNTZEN MATS,27:30,27,30,
2,33,Elite Men - 60 Kg (EM-60kg),MELKUMIAN GEORGES BENIK,RAKHIMOV FUZAYL,1,KAZ,PARKHATOV MEIRKHAN,29:28,29,28,
2,33,Elite Men - 60 Kg (EM-60kg),MELKUMIAN GEORGES BENIK,RAKHIMOV FUZAYL,2,POR,TEIXEIRA SANDRA,27:30,27,30,
2,33,Elite Men - 60 Kg (EM-60kg),MELKUMIAN GEORGES BENIK,RAKHIMOV FUZAYL,3,SWE,BERNTZEN MATS,28:29,28,29,
2,33,Elite Men - 60 Kg (EM-60kg),MELKUMIAN GEORGES BENIK,RAKHIMOV FUZAYL,4,ESP,ROMERO JOSE JUAN,29:28,29,28,
2,33,Elite Men - 60 Kg (EM-60kg),MELKUMIAN GEORGES BENIK,RAKHIMOV FUZAYL,5,ESP,ALVAREZ IDAFE,29:28,29,28,
2,34,Elite Men - 60 Kg (EM-60kg),DRYDEN JACK,MOLDASHEV DAULET,1,POR,TEIXEIRA SANDRA,29:28,29,28,
2,34,Elite Men - 60 Kg (EM-60kg),DRYDEN JACK,MOLDASHEV DAULET,2,ESP,ALVAREZ IDAFE,30:27,30,27,
2,34,Elite Men - 60 Kg (EM-60kg),DRYDEN JACK,MOLDASHEV DAULET,3,ESP,ACENDRA LOPEZ EDILBERTO,29:28,29,28,
2,34,Elite Men - 60 Kg (EM-60kg),DRYDEN JACK,MOLDASHEV DAULET,4,IND,NEELAM,28:29,28,29,
2,34,Elite Men - 60 Kg (EM-60kg),DRYDEN JACK,MOLDASHEV DAULET,5,SWE,BERNTZEN MATS,28:29,28,29,
2,35,Elite Men - 65 Kg (EM-65kg),TYMUR TSEBEN,ALIIEV ELVIN,1,POR,TEIXEIRA SANDRA,9:10,9,10,
2,35,Elite Men - 65 Kg (EM-65kg),TYMUR TSEBEN,ALIIEV ELVIN,2,KAZ,PARKHATOV MEIRKHAN,9:10,9,10,
2,35,Elite Men - 65 Kg (EM-65kg),TYMUR TSEBEN,ALIIEV ELVIN,3,IND,NEELAM,9:10,9,10,
2,35,Elite Men - 65 Kg (EM-65kg),TYMUR TSEBEN,ALIIEV ELVIN,4,ESP,ACENDRA LOPEZ EDILBERTO,9:10,9,10,
2,35,Elite Men - 65 Kg (EM-65kg),TYMUR TSEBEN,ALIIEV ELVIN,5,SWE,BERNTZEN MATS,9:10,9,10,
2,36,Elite Men - 65 Kg (EM-65kg),TOLTAYEV SANATALI,LABRIE GABRIEL ALY,1,SWE,BERNTZEN MATS,19:19,19,19,
2,36,Elite Men - 65 Kg (EM-65kg),TOLTAYEV SANATALI,LABRIE GABRIEL ALY,2,IND,NEELAM,19:19,19,19,
2,36,Elite Men - 65 Kg (EM-65kg),TOLTAYEV SANATALI,LABRIE GABRIEL ALY,3,POR,TEIXEIRA SANDRA,18:20,18,20,
2,36,Elite Men - 65 Kg (EM-65kg),TOLTAYEV SANATALI,LABRIE GABRIEL ALY,4,ESP,ACENDRA LOPEZ EDILBERTO,18:20,18,20,
2,36,Elite Men - 65 Kg (EM-65kg),TOLTAYEV SANATALI,LABRIE GABRIEL ALY,5,ESP,ROMERO JOSE JUAN,18:20,18,20,
2,37,Elite Men - 65 Kg (EM-65kg),TISAYEV RASUL,IBARRECHE CONDE OIER,1,IND,NEELAM,28:29,28,29,
2,37,Elite Men - 65 Kg (EM-65kg),TISAYEV RASUL,IBARRECHE CONDE OIER,2,SWE,BERNTZEN MATS,28:29,28,29,
2,37,Elite Men - 65 Kg (EM-65kg),TISAYEV RASUL,IBARRECHE CONDE OIER,3,ESP,ALVAREZ IDAFE,27:30,27,30,
2,37,Elite Men - 65 Kg (EM-65kg),TISAYEV RASUL,IBARRECHE CONDE OIER,4,KAZ,PARKHATOV MEIRKHAN,27:30,27,30,
2,37,Elite Men - 65 Kg (EM-65kg),TISAYEV RASUL,IBARRECHE CONDE OIER,5,POR,TEIXEIRA SANDRA,28:29,28,29,
2,38,Elite Men - 70 Kg (EM-70kg),MURSAL NURBEK,CHANSOM WITTHAYA,1,POR,TEIXEIRA SANDRA,19:19,19,19,
2,38,Elite Men - 70 Kg (EM-70kg),MURSAL NURBEK,CHANSOM WITTHAYA,2,ESP,ALVAREZ IDAFE,20:17,20,17,
2,38,Elite Men - 70 Kg (EM-70kg),MURSAL NURBEK,CHANSOM WITTHAYA,3,SWE,BERNTZEN MATS,20:17,20,17,
2,38,Elite Men - 70 Kg (EM-70kg),MURSAL NURBEK,CHANSOM WITTHAYA,4,IND,NEELAM,20:18,20,18,
2,38,Elite Men - 70 Kg (EM-70kg),MURSAL NURBEK,CHANSOM WITTHAYA,5,ESP,ACENDRA LOPEZ EDILBERTO,20:17,20,17,
2,39,Elite Men - 70 Kg (EM-70kg),KERR SONNY KEVIN,MATIAKUBOV BOZORBOI,1,KAZ,PARKHATOV MEIRKHAN,29:28,29,28,
2,39,Elite Men - 70 Kg (EM-70kg),KERR SONNY KEVIN,MATIAKUBOV BOZORBOI,2,POR,TEIXEIRA SANDRA,28:29,28,29,
2,39,Elite Men - 70 Kg (EM-70kg),KERR SONNY KEVIN,MATIAKUBOV BOZORBOI,3,ESP,ACENDRA LOPEZ EDILBERTO,27:30,27,30,
2,39,Elite Men - 70 Kg (EM-70kg),KERR SONNY KEVIN,MATIAKUBOV BOZORBOI,4,IND,NEELAM,28:29,28,29,
2,39,Elite Men - 70 Kg (EM-70kg),KERR SONNY KEVIN,MATIAKUBOV BOZORBOI,5,ESP,ROMERO JOSE JUAN,30:27,30,27,
2,40,Elite Men - 70 Kg (EM-70kg),DEEPAK,AYITEVI HORNEL,1,KAZ,PARKHATOV MEIRKHAN,30:27,30,27,
2,40,Elite Men - 70 Kg (EM-70kg),DEEPAK,AYITEVI HORNEL,2,ESP,ALVAREZ IDAFE,30:27,30,27,
2,40,Elite Men - 70 Kg (EM-70kg),DEEPAK,AYITEVI HORNEL,3,POR,TEIXEIRA SANDRA,30:27,30,27,
2,40,Elite Men - 70 Kg (EM-70kg),DEEPAK,AYITEVI HORNEL,4,SWE,BERNTZEN MATS,28:29,28,29,
2,40,Elite Men - 70 Kg (EM-70kg),DEEPAK,AYITEVI HORNEL,5,ESP,ROMERO JOSE JUAN,30:27,30,27,
2,41,Elite Men - 70 Kg (EM-70kg),NANGEMO MODY,ROSALÉN PRIETO DAVID EDEÑEL,1,POR,TEIXEIRA SANDRA,28:29,28,29,
2,41,Elite Men - 70 Kg (EM-70kg),NANGEMO MODY,ROSALÉN PRIETO DAVID EDEÑEL,2,ESP,ACENDRA LOPEZ EDILBERTO,27:30,27,30,
2,41,Elite Men - 70 Kg (EM-70kg),NANGEMO MODY,ROSALÉN PRIETO DAVID EDEÑEL,3,KAZ,PARKHATOV MEIRKHAN,27:30,27,30,
2,41,Elite Men - 70 Kg (EM-70kg),NANGEMO MODY,ROSALÉN PRIETO DAVID EDEÑEL,4,SWE,BERNTZEN MATS,27:30,27,30,
2,41,Elite Men - 70 Kg (EM-70kg),NANGEMO MODY,ROSALÉN PRIETO DAVID EDEÑEL,5,IND,NEELAM,27:30,27,30,
2,42,Elite Men - 75 Kg (EM-75kg),SALAS MANUEL BENI,GOMES JENARIO,1,ESP,ALVAREZ IDAFE,29:28,29,28,
2,42,Elite Men - 75 Kg (EM-75kg),SALAS MANUEL BENI,GOMES JENARIO,2,KAZ,PARKHATOV MEIRKHAN,29:28,29,28,
2,42,Elite Men - 75 Kg (EM-75kg),SALAS MANUEL BENI,GOMES JENARIO,3,IND,NEELAM,29:28,29,28,
2,42,Elite Men - 75 Kg (EM-75kg),SALAS MANUEL BENI,GOMES JENARIO,4,POR,TEIXEIRA SANDRA,29:28,29,28,
2,42,Elite Men - 75 Kg (EM-75kg),SALAS MANUEL BENI,GOMES JENARIO,5,ESP,ROMERO JOSE JUAN,28:29,28,29,
2,43,Elite Men - 75 Kg (EM-75kg),ZYGULA LUKASZ,KONSBEKOV AMAN,1,POR,TEIXEIRA SANDRA,27:30,27,30,
2,43,Elite Men - 75 Kg (EM-75kg),ZYGULA LUKASZ,KONSBEKOV AMAN,2,ESP,ALVAREZ IDAFE,27:30,27,30,
2,43,Elite Men - 75 Kg (EM-75kg),ZYGULA LUKASZ,KONSBEKOV AMAN,3,IND,NEELAM,27:30,27,30,
2,43,Elite Men - 75 Kg (EM-75kg),ZYGULA LUKASZ,KONSBEKOV AMAN,4,ESP,ACENDRA LOPEZ EDILBERTO,27:30,27,30,
2,43,Elite Men - 75 Kg (EM-75kg),ZYGULA LUKASZ,KONSBEKOV AMAN,5,ESP,ROMERO JOSE JUAN,27:30,27,30,
2,44,Elite Men - 80 Kg (EM-80kg),MALSAWMTLUANGA,ANKUSH,1,ESP,ALVAREZ IDAFE,29:28,29,28,
2,44,Elite Men - 80 Kg (EM-80kg),MALSAWMTLUANGA,ANKUSH,2,KAZ,PARKHATOV MEIRKHAN,27:30,27,30,
2,44,Elite Men - 80 Kg (EM-80kg),MALSAWMTLUANGA,ANKUSH,3,ESP,ACENDRA LOPEZ EDILBERTO,28:29,28,29,
2,44,Elite Men - 80 Kg (EM-80kg),MALSAWMTLUANGA,ANKUSH,4,SWE,BERNTZEN MATS,27:30,27,30,
2,44,Elite Men - 80 Kg (EM-80kg),MALSAWMTLUANGA,ANKUSH,5,POR,TEIXEIRA SANDRA,27:30,27,30,
2,45,Elite Men - 80 Kg (EM-80kg),ZHAKPEKOV YERASSYL,OFORI JOSHUA,1,IND,NEELAM,29:28,29,28,
2,45,Elite Men - 80 Kg (EM-80kg),ZHAKPEKOV YERASSYL,OFORI JOSHUA,2,SWE,BERNTZEN MATS,30:27,30,27,
2,45,Elite Men - 80 Kg (EM-80kg),ZHAKPEKOV YERASSYL,OFORI JOSHUA,3,POR,TEIXEIRA SANDRA,28:29,28,29,
2,45,Elite Men - 80 Kg (EM-80kg),ZHAKPEKOV YERASSYL,OFORI JOSHUA,4,ESP,ROMERO JOSE JUAN,29:28,29,28,
2,45,Elite Men - 80 Kg (EM-80kg),ZHAKPEKOV YERASSYL,OFORI JOSHUA,5,ESP,ACENDRA LOPEZ EDILBERTO,30:27,30,27,
2,46,Elite Men - 80 Kg (EM-80kg),KULIIEV DZHAMAL,BEKTAS AZAMAT,1,POR,TEIXEIRA SANDRA,29:28,29,28,
2,46,Elite Men - 80 Kg (EM-80kg),KULIIEV DZHAMAL,BEKTAS AZAMAT,2,ESP,ACENDRA LOPEZ EDILBERTO,28:29,28,29,
2,46,Elite Men - 80 Kg (EM-80kg),KULIIEV DZHAMAL,BEKTAS AZAMAT,3,SWE,BERNTZEN MATS,30:27,30,27,
2,46,Elite Men - 80 Kg (EM-80kg),KULIIEV DZHAMAL,BEKTAS AZAMAT,4,IND,NEELAM,28:29,28,29,
2,46,Elite Men - 80 Kg (EM-80kg),KULIIEV DZHAMAL,BEKTAS AZAMAT,5,ESP,ROMERO JOSE JUAN,28:29,28,29,
3,47,Elite Women - 48 Kg (EW-48kg),D´ALMEIDA GLORIA,RANI MANJU,1,UKR,SOKOLOV RUSLAN,27:30,27,30,
3,47,Elite Women - 48 Kg (EW-48kg),D´ALMEIDA GLORIA,RANI MANJU,2,ESP,MOYA FLORENTINO,27:30,27,30,
3,47,Elite Women - 48 Kg (EW-48kg),D´ALMEIDA GLORIA,RANI MANJU,3,ESP,FLORES SANTIAGO,27:30,27,30,
3,47,Elite Women - 48 Kg (EW-48kg),D´ALMEIDA GLORIA,RANI MANJU,4,ENG,KHAN KAMRAN,27:30,27,30,
3,47,Elite Women - 48 Kg (EW-48kg),D´ALMEIDA GLORIA,RANI MANJU,5,ESP,AVILA PRIETO FRANCISCO JOSE,27:30,27,30,
3,48,Elite Women - 51 Kg (EW-51kg),MARYNCHUK YAROSLAVA,WRIGHT MCKENZIE,1,ESP,FERNANDEZ FERNANDEZ JOSE RAMÓN,28:29,28,29,
3,48,Elite Women - 51 Kg (EW-51kg),MARYNCHUK YAROSLAVA,WRIGHT MCKENZIE,2,ENG,KHAN KAMRAN,27:30,27,30,
3,48,Elite Women - 51 Kg (EW-51kg),MARYNCHUK YAROSLAVA,WRIGHT MCKENZIE,3,ESP,FLORES SANTIAGO,28:29,28,29,
3,48,Elite Women - 51 Kg (EW-51kg),MARYNCHUK YAROSLAVA,WRIGHT MCKENZIE,4,FRA,FORGET ALAIN,27:30,27,30,
3,48,Elite Women - 51 Kg (EW-51kg),MARYNCHUK YAROSLAVA,WRIGHT MCKENZIE,5,KAZ,BATYROV NURBEK,28:29,28,29,
3,49,Elite Women - 51 Kg (EW-51kg),BARCELÓ CALDERÓN LAURA,NITU,1,KAZ,BATYROV NURBEK,-,,,
3,49,Elite Women - 51 Kg (EW-51kg),BARCELÓ CALDERÓN LAURA,NITU,2,UKR,SOKOLOV RUSLAN,-,,,
3,49,Elite Women - 51 Kg (EW-51kg),BARCELÓ CALDERÓN LAURA,NITU,3,ESP,MOYA FLORENTINO,-,,,
3,49,Elite Women - 51 Kg (EW-51kg),BARCELÓ CALDERÓN LAURA,NITU,4,ENG,KHAN KAMRAN,-,,,
3,49,Elite Women - 51 Kg (EW-51kg),BARCELÓ CALDERÓN LAURA,NITU,5,FRA,FORGET ALAIN,-,,,
3,50,Elite Women - 51 Kg (EW-51kg),ALCAÑIZ APARICI CLAUDIA,KUSUM,1,KAZ,BATYROV NURBEK,27:30,27,30,
3,50,Elite Women - 51 Kg (EW-51kg),ALCAÑIZ APARICI CLAUDIA,KUSUM,2,ENG,KHAN KAMRAN,28:29,28,29,
3,50,Elite Women - 51 Kg (EW-51kg),ALCAÑIZ APARICI CLAUDIA,KUSUM,3,FRA,FORGET ALAIN,27:30,27,30,
3,50,Elite Women - 51 Kg (EW-51kg),ALCAÑIZ APARICI CLAUDIA,KUSUM,4,UKR,SOKOLOV RUSLAN,27:30,27,30,
3,50,Elite Women - 51 Kg (EW-51kg),ALCAÑIZ APARICI CLAUDIA,KUSUM,5,ESP,FLORES SANTIAGO,29:28,29,28,
3,51,Elite Women - 51 Kg (EW-51kg),GUO YI-XUAN,RAKSAT CHUTHAMAT,1,KAZ,BATYROV NURBEK,27:30,27,30,
3,51,Elite Women - 51 Kg (EW-51kg),GUO YI-XUAN,RAKSAT CHUTHAMAT,2,ESP,AVILA PRIETO FRANCISCO JOSE,27:30,27,30,
3,51,Elite Women - 51 Kg (EW-51kg),GUO YI-XUAN,RAKSAT CHUTHAMAT,3,UKR,SOKOLOV RUSLAN,27:30,27,30,
3,51,Elite Women - 51 Kg (EW-51kg),GUO YI-XUAN,RAKSAT CHUTHAMAT,4,FRA,FORGET ALAIN,28:29,28,29,
3,51,Elite Women - 51 Kg (EW-51kg),GUO YI-XUAN,RAKSAT CHUTHAMAT,5,ENG,KHAN KAMRAN,27:30,27,30,
3,52,Elite Women - 70 Kg (EW-70kg),MARTINEZ MAS DUNIA,MONTEMIGLIO MAEVA,1,UKR,SOKOLOV RUSLAN,30:27,30,27,
3,52,Elite Women - 70 Kg (EW-70kg),MARTINEZ MAS DUNIA,MONTEMIGLIO MAEVA,2,FRA,FORGET ALAIN,28:29,28,29,
3,52,Elite Women - 70 Kg (EW-70kg),MARTINEZ MAS DUNIA,MONTEMIGLIO MAEVA,3,ESP,FLORES SANTIAGO,29:28,29,28,
3,52,Elite Women - 70 Kg (EW-70kg),MARTINEZ MAS DUNIA,MONTEMIGLIO MAEVA,4,ENG,KHAN KAMRAN,29:28,29,28,
3,52,Elite Women - 70 Kg (EW-70kg),MARTINEZ MAS DUNIA,MONTEMIGLIO MAEVA,5,KAZ,BATYROV NURBEK,30:27,30,27,
3,53,Elite Women - 70 Kg (EW-70kg),ISSINA AZIZA,CHOURDHARY ARUNDHATI,1,ESP,AVILA PRIETO FRANCISCO JOSE,27:30,27,30,
3,53,Elite Women - 70 Kg (EW-70kg),ISSINA AZIZA,CHOURDHARY ARUNDHATI,2,FRA,FORGET ALAIN,27:30,27,30,
3,53,Elite Women - 70 Kg (EW-70kg),ISSINA AZIZA,CHOURDHARY ARUNDHATI,3,ESP,FLORES SANTIAGO,27:30,27,30,
3,53,Elite Women - 70 Kg (EW-70kg),ISSINA AZIZA,CHOURDHARY ARUNDHATI,4,UKR,SOKOLOV RUSLAN,26:30,26,30,
3,53,Elite Women - 70 Kg (EW-70kg),ISSINA AZIZA,CHOURDHARY ARUNDHATI,5,ENG,KHAN KAMRAN,26:30,26,30,
3,54,Elite Women - 75 Kg (EW-75kg),SOKOLOVSKA ANASTASIYA,ECCLES ROSIE,1,KAZ,BATYROV NURBEK,27:30,27,30,
3,54,Elite Women - 75 Kg (EW-75kg),SOKOLOVSKA ANASTASIYA,ECCLES ROSIE,2,FRA,FORGET ALAIN,27:30,27,30,
3,54,Elite Women - 75 Kg (EW-75kg),SOKOLOVSKA ANASTASIYA,ECCLES ROSIE,3,UKR,SOKOLOV RUSLAN,27:30,27,30,
3,54,Elite Women - 75 Kg (EW-75kg),SOKOLOVSKA ANASTASIYA,ECCLES ROSIE,4,ENG,KHAN KAMRAN,27:30,27,30,
3,54,Elite Women - 75 Kg (EW-75kg),SOKOLOVSKA ANASTASIYA,ECCLES ROSIE,5,ESP,FERNANDEZ FERNANDEZ JOSE RAMÓN,27:30,27,30,
3,55,Elite Women - 75 Kg (EW-75kg),PYLYPCHUK OLHA,BORGOHAIN LOVLINA,1,KAZ,BATYROV NURBEK,27:30,27,30,
3,55,Elite Women - 75 Kg (EW-75kg),PYLYPCHUK OLHA,BORGOHAIN LOVLINA,2,ESP,AVILA PRIETO FRANCISCO JOSE,27:30,27,30,
3,55,Elite Women - 75 Kg (EW-75kg),PYLYPCHUK OLHA,BORGOHAIN LOVLINA,3,FRA,FORGET ALAIN,27:30,27,30,
3,55,Elite Women - 75 Kg (EW-75kg),PYLYPCHUK OLHA,BORGOHAIN LOVLINA,4,ESP,MOYA FLORENTINO,27:30,27,30,
3,55,Elite Women - 75 Kg (EW-75kg),PYLYPCHUK OLHA,BORGOHAIN LOVLINA,5,ENG,KHAN KAMRAN,27:30,27,30,
3,56,Elite Men - 50 Kg (EM-50kg),TASHKENBAY SANZHAR,SINGH RISHI,1,ESP,FERNANDEZ FERNANDEZ JOSE RAMÓN,29:28,29,28,
3,56,Elite Men - 50 Kg (EM-50kg),TASHKENBAY SANZHAR,SINGH RISHI,2,ESP,AVILA PRIETO FRANCISCO JOSE,28:29,28,29,
3,56,Elite Men - 50 Kg (EM-50kg),TASHKENBAY SANZHAR,SINGH RISHI,3,FRA,FORGET ALAIN,30:27,30,27,
3,56,Elite Men - 50 Kg (EM-50kg),TASHKENBAY SANZHAR,SINGH RISHI,4,ESP,FLORES SANTIAGO,30:27,30,27,
3,56,Elite Men - 50 Kg (EM-50kg),TASHKENBAY SANZHAR,SINGH RISHI,5,UKR,SOKOLOV RUSLAN,30:27,30,27,
3,57,Elite Men - 55 Kg (EM-55kg),TURBIDE ALEXIS,WANUKAGA ALVIN,1,ENG,KHAN KAMRAN,28:29,28,29,
3,57,Elite Men - 55 Kg (EM-55kg),TURBIDE ALEXIS,WANUKAGA ALVIN,2,ESP,FLORES SANTIAGO,28:28,28,28,
3,57,Elite Men - 55 Kg (EM-55kg),TURBIDE ALEXIS,WANUKAGA ALVIN,3,UKR,SOKOLOV RUSLAN,28:29,28,29,
3,57,Elite Men - 55 Kg (EM-55kg),TURBIDE ALEXIS,WANUKAGA ALVIN,4,ESP,FERNANDEZ FERNANDEZ JOSE RAMÓN,29:28,29,28,
3,57,Elite Men - 55 Kg (EM-55kg),TURBIDE ALEXIS,WANUKAGA ALVIN,5,KAZ,BATYROV NURBEK,28:29,28,29,
3,58,Elite Men - 55 Kg (EM-55kg),SABYRKHAN MAKHMUD,GAUCHER IZAYA,1,FRA,FORGET ALAIN,28:29,28,29,
3,58,Elite Men - 55 Kg (EM-55kg),SABYRKHAN MAKHMUD,GAUCHER IZAYA,2,UKR,SOKOLOV RUSLAN,29:28,29,28,
3,58,Elite Men - 55 Kg (EM-55kg),SABYRKHAN MAKHMUD,GAUCHER IZAYA,3,ENG,KHAN KAMRAN,29:28,29,28,
3,58,Elite Men - 55 Kg (EM-55kg),SABYRKHAN MAKHMUD,GAUCHER IZAYA,4,ESP,AVILA PRIETO FRANCISCO JOSE,30:27,30,27,
3,58,Elite Men - 55 Kg (EM-55kg),SABYRKHAN MAKHMUD,GAUCHER IZAYA,5,KAZ,BATYROV NURBEK,30:27,30,27,
3,59,Elite Men - 55 Kg (EM-55kg),PENG CHIA-FENG,CHULIACHEIEV OLEH,1,ESP,AVILA PRIETO FRANCISCO JOSE,29:28,29,28,
3,59,Elite Men - 55 Kg (EM-55kg),PENG CHIA-FENG,CHULIACHEIEV OLEH,2,KAZ,BATYROV NURBEK,30:27,30,27,
3,59,Elite Men - 55 Kg (EM-55kg),PENG CHIA-FENG,CHULIACHEIEV OLEH,3,ENG,KHAN KAMRAN,28:29,28,29,
3,59,Elite Men - 55 Kg (EM-55kg),PENG CHIA-FENG,CHULIACHEIEV OLEH,4,ESP,MOYA FLORENTINO,30:27,30,27,
3,59,Elite Men - 55 Kg (EM-55kg),PENG CHIA-FENG,CHULIACHEIEV OLEH,5,FRA,FORGET ALAIN,30:27,30,27,
3,60,Elite Men - 55 Kg (EM-55kg),MUKHAMMADIIEV SIIOVUSH,MANDENGBAM JADUMANI SINGH,1,ESP,FLORES SANTIAGO,27:30,27,30,
3,60,Elite Men - 55 Kg (EM-55kg),MUKHAMMADIIEV SIIOVUSH,MANDENGBAM JADUMANI SINGH,2,ESP,AVILA PRIETO FRANCISCO JOSE,29:28,29,28,
3,60,Elite Men - 55 Kg (EM-55kg),MUKHAMMADIIEV SIIOVUSH,MANDENGBAM JADUMANI SINGH,3,ENG,KHAN KAMRAN,27:30,27,30,
3,60,Elite Men - 55 Kg (EM-55kg),MUKHAMMADIIEV SIIOVUSH,MANDENGBAM JADUMANI SINGH,4,KAZ,BATYROV NURBEK,28:29,28,29,
3,60,Elite Men - 55 Kg (EM-55kg),MUKHAMMADIIEV SIIOVUSH,MANDENGBAM JADUMANI SINGH,5,FRA,FORGET ALAIN,28:29,28,29,
3,61,Elite Men - 70 Kg (EM-70kg),SANTORIELLO VINCENT,HITESH,1,FRA,FORGET ALAIN,28:29,28,29,
3,61,Elite Men - 70 Kg (EM-70kg),SANTORIELLO VINCENT,HITESH,2,UKR,SOKOLOV RUSLAN,27:30,27,30,
3,61,Elite Men - 70 Kg (EM-70kg),SANTORIELLO VINCENT,HITESH,3,KAZ,BATYROV NURBEK,27:30,27,30,
3,61,Elite Men - 70 Kg (EM-70kg),SANTORIELLO VINCENT,HITESH,4,ESP,FLORES SANTIAGO,28:29,28,29,
3,61,Elite Men - 70 Kg (EM-70kg),SANTORIELLO VINCENT,HITESH,5,ENG,KHAN KAMRAN,28:29,28,29,
3,62,Elite Men - 70 Kg (EM-70kg),MAYUOM KOUC,SABYRKHAN TOREKHAN,1,ESP,AVILA PRIETO FRANCISCO JOSE,27:30,27,30,
3,62,Elite Men - 70 Kg (EM-70kg),MAYUOM KOUC,SABYRKHAN TOREKHAN,2,FRA,FORGET ALAIN,28:29,28,29,
3,62,Elite Men - 70 Kg (EM-70kg),MAYUOM KOUC,SABYRKHAN TOREKHAN,3,UKR,SOKOLOV RUSLAN,27:30,27,30,
3,62,Elite Men - 70 Kg (EM-70kg),MAYUOM KOUC,SABYRKHAN TOREKHAN,4,ENG,KHAN KAMRAN,28:29,28,29,
3,62,Elite Men - 70 Kg (EM-70kg),MAYUOM KOUC,SABYRKHAN TOREKHAN,5,ESP,FERNANDEZ FERNANDEZ JOSE RAMÓN,28:29,28,29,
3,63,Elite Men - 80 Kg (EM-80kg),ILLIUSHA PAVLO,JONGJOHO WEERAPON,1,ESP,MOYA FLORENTINO,29:28,29,28,
3,63,Elite Men - 80 Kg (EM-80kg),ILLIUSHA PAVLO,JONGJOHO WEERAPON,2,FRA,FORGET ALAIN,27:30,27,30,
3,63,Elite Men - 80 Kg (EM-80kg),ILLIUSHA PAVLO,JONGJOHO WEERAPON,3,ESP,FLORES SANTIAGO,29:28,29,28,
3,63,Elite Men - 80 Kg (EM-80kg),ILLIUSHA PAVLO,JONGJOHO WEERAPON,4,ENG,KHAN KAMRAN,29:28,29,28,
3,63,Elite Men - 80 Kg (EM-80kg),ILLIUSHA PAVLO,JONGJOHO WEERAPON,5,KAZ,BATYROV NURBEK,30:27,30,27,
3,64,Elite Men - 80 Kg (EM-80kg),BEN OTHMEN RAYEN,COY BERNAL PABLO,1,UKR,SOKOLOV RUSLAN,28:29,28,29,
3,64,Elite Men - 80 Kg (EM-80kg),BEN OTHMEN RAYEN,COY BERNAL PABLO,2,FRA,FORGET ALAIN,28:29,28,29,
3,64,Elite Men - 80 Kg (EM-80kg),BEN OTHMEN RAYEN,COY BERNAL PABLO,3,KAZ,BATYROV NURBEK,28:29,28,29,
3,64,Elite Men - 80 Kg (EM-80kg),BEN OTHMEN RAYEN,COY BERNAL PABLO,4,ENG,KHAN KAMRAN,29:28,29,28,
3,64,Elite Men - 80 Kg (EM-80kg),BEN OTHMEN RAYEN,COY BERNAL PABLO,5,ESP,MOYA FLORENTINO,27:30,27,30,
3,65,Elite Men - 85 Kg (EM-85kg),FRESNEDA RICARDO ADRIAN,JUGNOO,1,KAZ,BATYROV NURBEK,30:27,30,27,
3,65,Elite Men - 85 Kg (EM-85kg),FRESNEDA RICARDO ADRIAN,JUGNOO,2,ESP,FERNANDEZ FERNANDEZ JOSE RAMÓN,29:28,29,28,
3,65,Elite Men - 85 Kg (EM-85kg),FRESNEDA RICARDO ADRIAN,JUGNOO,3,FRA,FORGET ALAIN,28:29,28,29,
3,65,Elite Men - 85 Kg (EM-85kg),FRESNEDA RICARDO ADRIAN,JUGNOO,4,UKR,SOKOLOV RUSLAN,30:27,30,27,
3,65,Elite Men - 85 Kg (EM-85kg),FRESNEDA RICARDO ADRIAN,JUGNOO,5,ENG,KHAN KAMRAN,30:27,30,27,
3,66,Elite Men - 85 Kg (EM-85kg),ORALBAY NURBEK,ZHASAN DANYLO,1,UKR,SOKOLOV RUSLAN,28:29,28,29,
3,66,Elite Men - 85 Kg (EM-85kg),ORALBAY NURBEK,ZHASAN DANYLO,2,FRA,FORGET ALAIN,28:29,28,29,
3,66,Elite Men - 85 Kg (EM-85kg),ORALBAY NURBEK,ZHASAN DANYLO,3,ENG,KHAN KAMRAN,29:28,29,28,
3,66,Elite Men - 85 Kg (EM-85kg),ORALBAY NURBEK,ZHASAN DANYLO,4,KAZ,BATYROV NURBEK,30:27,30,27,
3,66,Elite Men - 85 Kg (EM-85kg),ORALBAY NURBEK,ZHASAN DANYLO,5,ESP,AVILA PRIETO FRANCISCO JOSE,30:27,30,27,
3,67,Elite Men - 90 Kg (EM-90kg),RAKHMANOV ONGTALAP,KERMAS LEON,1,ESP,FLORES SANTIAGO,30:27,30,27,
3,67,Elite Men - 90 Kg (EM-90kg),RAKHMANOV ONGTALAP,KERMAS LEON,2,ENG,KHAN KAMRAN,30:27,30,27,
3,67,Elite Men - 90 Kg (EM-90kg),RAKHMANOV ONGTALAP,KERMAS LEON,3,FRA,FORGET ALAIN,30:27,30,27,
3,67,Elite Men - 90 Kg (EM-90kg),RAKHMANOV ONGTALAP,KERMAS LEON,4,UKR,SOKOLOV RUSLAN,30:27,30,27,
3,67,Elite Men - 90 Kg (EM-90kg),RAKHMANOV ONGTALAP,KERMAS LEON,5,ESP,FERNANDEZ FERNANDEZ JOSE RAMÓN,30:27,30,27,
3,68,Elite Men - 90 Kg (EM-90kg),CHOUDHARY HARSH,COLWELL BRYAN,1,UKR,SOKOLOV RUSLAN,30:27,30,27,
3,68,Elite Men - 90 Kg (EM-90kg),CHOUDHARY HARSH,COLWELL BRYAN,2,ESP,MOYA FLORENTINO,30:27,30,27,
3,68,Elite Men - 90 Kg (EM-90kg),CHOUDHARY HARSH,COLWELL BRYAN,3,KAZ,BATYROV NURBEK,30:27,30,27,
3,68,Elite Men - 90 Kg (EM-90kg),CHOUDHARY HARSH,COLWELL BRYAN,4,FRA,FORGET ALAIN,30:27,30,27,
3,68,Elite Men - 90 Kg (EM-90kg),CHOUDHARY HARSH,COLWELL BRYAN,5,ENG,KHAN KAMRAN,29:28,29,28,
4,70,Elite Women - 51 Kg (EW-51kg),GUTIERREZ SALMERON NOELIA,ABDUMEZHITOVA RAKHMINA,1,SWE,BERNTZEN MATS,29:28,29,28,
4,70,Elite Women - 51 Kg (EW-51kg),GUTIERREZ SALMERON NOELIA,ABDUMEZHITOVA RAKHMINA,2,IND,NEELAM,30:27,30,27,
4,70,Elite Women - 51 Kg (EW-51kg),GUTIERREZ SALMERON NOELIA,ABDUMEZHITOVA RAKHMINA,3,ESP,ROMERO JOSE JUAN,30:27,30,27,
4,70,Elite Women - 51 Kg (EW-51kg),GUTIERREZ SALMERON NOELIA,ABDUMEZHITOVA RAKHMINA,4,POR,TEIXEIRA SANDRA,30:27,30,27,
4,70,Elite Women - 51 Kg (EW-51kg),GUTIERREZ SALMERON NOELIA,ABDUMEZHITOVA RAKHMINA,5,KAZ,PARKHATOV MEIRKHAN,29:28,29,28,
4,71,Elite Women - 51 Kg (EW-51kg),OSTROVSKA TETIANA,BOUREGA MAYSSOUN,1,SWE,BERNTZEN MATS,27:29,27,29,
4,71,Elite Women - 51 Kg (EW-51kg),OSTROVSKA TETIANA,BOUREGA MAYSSOUN,2,KAZ,PARKHATOV MEIRKHAN,27:30,27,30,
4,71,Elite Women - 51 Kg (EW-51kg),OSTROVSKA TETIANA,BOUREGA MAYSSOUN,3,ESP,ALVAREZ IDAFE,27:30,27,30,
4,71,Elite Women - 51 Kg (EW-51kg),OSTROVSKA TETIANA,BOUREGA MAYSSOUN,4,POR,TEIXEIRA SANDRA,28:29,28,29,
4,71,Elite Women - 51 Kg (EW-51kg),OSTROVSKA TETIANA,BOUREGA MAYSSOUN,5,IND,NEELAM,27:30,27,30,
4,72,Elite Women - 51 Kg (EW-51kg),MOPIN KAELYA,POKUSAI TAISSIA,1,IND,NEELAM,28:29,28,29,
4,72,Elite Women - 51 Kg (EW-51kg),MOPIN KAELYA,POKUSAI TAISSIA,2,KAZ,PARKHATOV MEIRKHAN,28:29,28,29,
4,72,Elite Women - 51 Kg (EW-51kg),MOPIN KAELYA,POKUSAI TAISSIA,3,POR,TEIXEIRA SANDRA,29:28,29,28,
4,72,Elite Women - 51 Kg (EW-51kg),MOPIN KAELYA,POKUSAI TAISSIA,4,ESP,ROMERO JOSE JUAN,29:28,29,28,
4,72,Elite Women - 51 Kg (EW-51kg),MOPIN KAELYA,POKUSAI TAISSIA,5,SWE,BERNTZEN MATS,27:30,27,30,
4,73,Elite Women - 51 Kg (EW-51kg),OULKADI EL IDRISSI SARA,CHIU CHING-YU,1,POR,TEIXEIRA SANDRA,28:29,28,29,
4,73,Elite Women - 51 Kg (EW-51kg),OULKADI EL IDRISSI SARA,CHIU CHING-YU,2,IND,NEELAM,27:30,27,30,
4,73,Elite Women - 51 Kg (EW-51kg),OULKADI EL IDRISSI SARA,CHIU CHING-YU,3,SWE,BERNTZEN MATS,27:30,27,30,
4,73,Elite Women - 51 Kg (EW-51kg),OULKADI EL IDRISSI SARA,CHIU CHING-YU,4,KAZ,PARKHATOV MEIRKHAN,27:30,27,30,
4,73,Elite Women - 51 Kg (EW-51kg),OULKADI EL IDRISSI SARA,CHIU CHING-YU,5,ESP,ROMERO JOSE JUAN,27:30,27,30,
4,74,Elite Women - 70 Kg (EW-70kg),SNEHA,BADIN ANDREA,1,SWE,BERNTZEN MATS,29:28,29,28,
4,74,Elite Women - 70 Kg (EW-70kg),SNEHA,BADIN ANDREA,2,ESP,ACENDRA LOPEZ EDILBERTO,28:29,28,29,
4,74,Elite Women - 70 Kg (EW-70kg),SNEHA,BADIN ANDREA,3,ESP,ALVAREZ IDAFE,28:29,28,29,
4,74,Elite Women - 70 Kg (EW-70kg),SNEHA,BADIN ANDREA,4,POR,TEIXEIRA SANDRA,28:29,28,29,
4,74,Elite Women - 70 Kg (EW-70kg),SNEHA,BADIN ANDREA,5,KAZ,PARKHATOV MEIRKHAN,27:30,27,30,
4,75,Elite Women - 70 Kg (EW-70kg),TARAN ANASTASIIA,LOPEZ MOTA LORENA,1,POR,TEIXEIRA SANDRA,10:9,10,9,
4,75,Elite Women - 70 Kg (EW-70kg),TARAN ANASTASIIA,LOPEZ MOTA LORENA,2,IND,NEELAM,10:9,10,9,
4,75,Elite Women - 70 Kg (EW-70kg),TARAN ANASTASIIA,LOPEZ MOTA LORENA,3,ESP,ALVAREZ IDAFE,10:9,10,9,
4,75,Elite Women - 70 Kg (EW-70kg),TARAN ANASTASIIA,LOPEZ MOTA LORENA,4,KAZ,PARKHATOV MEIRKHAN,10:9,10,9,
4,75,Elite Women - 70 Kg (EW-70kg),TARAN ANASTASIIA,LOPEZ MOTA LORENA,5,SWE,BERNTZEN MATS,10:9,10,9,
4,76,Elite Women - 75 Kg (EW-75kg),THOKCHOM SANAMACHA CHANU,PENNEY VIKTORIA,1,ESP,ROMERO JOSE JUAN,30:27,30,27,
4,76,Elite Women - 75 Kg (EW-75kg),THOKCHOM SANAMACHA CHANU,PENNEY VIKTORIA,2,KAZ,PARKHATOV MEIRKHAN,28:29,28,29,
4,76,Elite Women - 75 Kg (EW-75kg),THOKCHOM SANAMACHA CHANU,PENNEY VIKTORIA,3,POR,TEIXEIRA SANDRA,29:28,29,28,
4,76,Elite Women - 75 Kg (EW-75kg),THOKCHOM SANAMACHA CHANU,PENNEY VIKTORIA,4,SWE,BERNTZEN MATS,29:28,29,28,
4,76,Elite Women - 75 Kg (EW-75kg),THOKCHOM SANAMACHA CHANU,PENNEY VIKTORIA,5,ESP,ACENDRA LOPEZ EDILBERTO,30:27,30,27,
4,77,Elite Women - 75 Kg (EW-75kg),SMITH MARY-KATE,GARCIA ADAME ALMA,1,SWE,BERNTZEN MATS,30:25,30,25,
4,77,Elite Women - 75 Kg (EW-75kg),SMITH MARY-KATE,GARCIA ADAME ALMA,2,IND,NEELAM,30:27,30,27,
4,77,Elite Women - 75 Kg (EW-75kg),SMITH MARY-KATE,GARCIA ADAME ALMA,3,ESP,ALVAREZ IDAFE,30:27,30,27,
4,77,Elite Women - 75 Kg (EW-75kg),SMITH MARY-KATE,GARCIA ADAME ALMA,4,POR,TEIXEIRA SANDRA,30:25,30,25,
4,77,Elite Women - 75 Kg (EW-75kg),SMITH MARY-KATE,GARCIA ADAME ALMA,5,KAZ,PARKHATOV MEIRKHAN,30:26,30,26,
4,78,Elite Men - 50 Kg (EM-50kg),ROCK ISAIAH,ONGAROV NURZAT,1,POR,TEIXEIRA SANDRA,27:30,27,30,
4,78,Elite Men - 50 Kg (EM-50kg),ROCK ISAIAH,ONGAROV NURZAT,2,SWE,BERNTZEN MATS,27:30,27,30,
4,78,Elite Men - 50 Kg (EM-50kg),ROCK ISAIAH,ONGAROV NURZAT,3,IND,NEELAM,27:30,27,30,
4,78,Elite Men - 50 Kg (EM-50kg),ROCK ISAIAH,ONGAROV NURZAT,4,ESP,ACENDRA LOPEZ EDILBERTO,27:30,27,30,
4,78,Elite Men - 50 Kg (EM-50kg),ROCK ISAIAH,ONGAROV NURZAT,5,ESP,ROMERO JOSE JUAN,27:30,27,30,
4,79,Elite Men - 50 Kg (EM-50kg),RUDYK MAKSYM,MAGHRAOUI FRYHAH ISMAEL,1,POR,TEIXEIRA SANDRA,20:18,20,18,
4,79,Elite Men - 50 Kg (EM-50kg),RUDYK MAKSYM,MAGHRAOUI FRYHAH ISMAEL,2,ESP,ROMERO JOSE JUAN,19:19,19,19,
4,79,Elite Men - 50 Kg (EM-50kg),RUDYK MAKSYM,MAGHRAOUI FRYHAH ISMAEL,3,KAZ,PARKHATOV MEIRKHAN,19:19,19,19,
4,79,Elite Men - 50 Kg (EM-50kg),RUDYK MAKSYM,MAGHRAOUI FRYHAH ISMAEL,4,SWE,BERNTZEN MATS,20:18,20,18,
4,79,Elite Men - 50 Kg (EM-50kg),RUDYK MAKSYM,MAGHRAOUI FRYHAH ISMAEL,5,IND,NEELAM,19:19,19,19,
4,80,Elite Men - 55 Kg (EM-55kg),BARTWAL PAWAN,SAENGPHET THANARAT,1,ESP,ROMERO JOSE JUAN,10:9,10,9,
4,80,Elite Men - 55 Kg (EM-55kg),BARTWAL PAWAN,SAENGPHET THANARAT,2,POR,TEIXEIRA SANDRA,10:9,10,9,
4,80,Elite Men - 55 Kg (EM-55kg),BARTWAL PAWAN,SAENGPHET THANARAT,3,KAZ,PARKHATOV MEIRKHAN,10:9,10,9,
4,80,Elite Men - 55 Kg (EM-55kg),BARTWAL PAWAN,SAENGPHET THANARAT,4,ESP,ACENDRA LOPEZ EDILBERTO,10:9,10,9,
4,80,Elite Men - 55 Kg (EM-55kg),BARTWAL PAWAN,SAENGPHET THANARAT,5,SWE,BERNTZEN MATS,10:9,10,9,
4,81,Elite Men - 55 Kg (EM-55kg),ZYMENKO MAKSYM,TROWBRIDGE ELLIS,1,ESP,ROMERO JOSE JUAN,28:28 *,28,28,YES
4,81,Elite Men - 55 Kg (EM-55kg),ZYMENKO MAKSYM,TROWBRIDGE ELLIS,2,KAZ,PARKHATOV MEIRKHAN,29:27,29,27,
4,81,Elite Men - 55 Kg (EM-55kg),ZYMENKO MAKSYM,TROWBRIDGE ELLIS,3,IND,NEELAM,28:28 *,28,28,YES
4,81,Elite Men - 55 Kg (EM-55kg),ZYMENKO MAKSYM,TROWBRIDGE ELLIS,4,ESP,ALVAREZ IDAFE,27:29,27,29,
4,81,Elite Men - 55 Kg (EM-55kg),ZYMENKO MAKSYM,TROWBRIDGE ELLIS,5,POR,TEIXEIRA SANDRA,28:28 *,28,28,YES
4,82,Elite Men - 55 Kg (EM-55kg),CULLEM AARON ANDREW,BORANBEK BEXULTAN,1,ESP,ALVAREZ IDAFE,27:30,27,30,
4,82,Elite Men - 55 Kg (EM-55kg),CULLEM AARON ANDREW,BORANBEK BEXULTAN,2,IND,NEELAM,28:29,28,29,
4,82,Elite Men - 55 Kg (EM-55kg),CULLEM AARON ANDREW,BORANBEK BEXULTAN,3,POR,TEIXEIRA SANDRA,28:29,28,29,
4,82,Elite Men - 55 Kg (EM-55kg),CULLEM AARON ANDREW,BORANBEK BEXULTAN,4,ESP,ROMERO JOSE JUAN,27:30,27,30,
4,82,Elite Men - 55 Kg (EM-55kg),CULLEM AARON ANDREW,BORANBEK BEXULTAN,5,SWE,BERNTZEN MATS,28:29,28,29,
4,83,Elite Men - 55 Kg (EM-55kg),MOLINA SALVADOR MARTIN,TOMINES MAXIMUS,1,KAZ,PARKHATOV MEIRKHAN,28:29,28,29,
4,83,Elite Men - 55 Kg (EM-55kg),MOLINA SALVADOR MARTIN,TOMINES MAXIMUS,2,IND,NEELAM,27:30,27,30,
4,83,Elite Men - 55 Kg (EM-55kg),MOLINA SALVADOR MARTIN,TOMINES MAXIMUS,3,POR,TEIXEIRA SANDRA,27:30,27,30,
4,83,Elite Men - 55 Kg (EM-55kg),MOLINA SALVADOR MARTIN,TOMINES MAXIMUS,4,SWE,BERNTZEN MATS,27:30,27,30,
4,83,Elite Men - 55 Kg (EM-55kg),MOLINA SALVADOR MARTIN,TOMINES MAXIMUS,5,ESP,ROMERO JOSE JUAN,27:30,27,30,
4,84,Elite Men - 70 Kg (EM-70kg),MURSAL NURBEK,MATIAKUBOV BOZORBOI,1,,,-,,,
4,84,Elite Men - 70 Kg (EM-70kg),MURSAL NURBEK,MATIAKUBOV BOZORBOI,2,,,-,,,
4,85,Elite Men - 70 Kg (EM-70kg),DEEPAK,ROSALÉN PRIETO DAVID EDEÑEL,1,ESP,ALVAREZ IDAFE,29:28,29,28,
4,85,Elite Men - 70 Kg (EM-70kg),DEEPAK,ROSALÉN PRIETO DAVID EDEÑEL,2,IND,NEELAM,30:27,30,27,
4,85,Elite Men - 70 Kg (EM-70kg),DEEPAK,ROSALÉN PRIETO DAVID EDEÑEL,3,KAZ,PARKHATOV MEIRKHAN,30:27,30,27,
4,85,Elite Men - 70 Kg (EM-70kg),DEEPAK,ROSALÉN PRIETO DAVID EDEÑEL,4,POR,TEIXEIRA SANDRA,29:28,29,28,
4,85,Elite Men - 70 Kg (EM-70kg),DEEPAK,ROSALÉN PRIETO DAVID EDEÑEL,5,SWE,BERNTZEN MATS,30:27,30,27,
4,86,Elite Men - 80 Kg (EM-80kg),ANKUSH,ZHAKPEKOV YERASSYL,1,ESP,ACENDRA LOPEZ EDILBERTO,30:27,30,27,
4,86,Elite Men - 80 Kg (EM-80kg),ANKUSH,ZHAKPEKOV YERASSYL,2,POR,TEIXEIRA SANDRA,29:28,29,28,
4,86,Elite Men - 80 Kg (EM-80kg),ANKUSH,ZHAKPEKOV YERASSYL,3,KAZ,PARKHATOV MEIRKHAN,27:30,27,30,
4,86,Elite Men - 80 Kg (EM-80kg),ANKUSH,ZHAKPEKOV YERASSYL,4,SWE,BERNTZEN MATS,28:29,28,29,
4,86,Elite Men - 80 Kg (EM-80kg),ANKUSH,ZHAKPEKOV YERASSYL,5,IND,NEELAM,29:28,29,28,
4,87,Elite Men - 80 Kg (EM-80kg),BEKTAS AZAMAT,CARCAMO UMAR,1,POR,TEIXEIRA SANDRA,29:28,29,28,
4,87,Elite Men - 80 Kg (EM-80kg),BEKTAS AZAMAT,CARCAMO UMAR,2,SWE,BERNTZEN MATS,30:27,30,27,
4,87,Elite Men - 80 Kg (EM-80kg),BEKTAS AZAMAT,CARCAMO UMAR,3,ESP,ACENDRA LOPEZ EDILBERTO,30:27,30,27,
4,87,Elite Men - 80 Kg (EM-80kg),BEKTAS AZAMAT,CARCAMO UMAR,4,ESP,ALVAREZ IDAFE,29:28,29,28,
4,87,Elite Men - 80 Kg (EM-80kg),BEKTAS AZAMAT,CARCAMO UMAR,5,IND,NEELAM,30:27,30,27,
4,88,Elite Men - 85 Kg (EM-85kg),RAZHBA MATVII,PANAH ARYAN SAED,1,ESP,ACENDRA LOPEZ EDILBERTO,27:30,27,30,
4,88,Elite Men - 85 Kg (EM-85kg),RAZHBA MATVII,PANAH ARYAN SAED,2,IND,NEELAM,27:30,27,30,
4,88,Elite Men - 85 Kg (EM-85kg),RAZHBA MATVII,PANAH ARYAN SAED,3,SWE,BERNTZEN MATS,27:30,27,30,
4,88,Elite Men - 85 Kg (EM-85kg),RAZHBA MATVII,PANAH ARYAN SAED,4,ESP,ALVAREZ IDAFE,27:30,27,30,
4,88,Elite Men - 85 Kg (EM-85kg),RAZHBA MATVII,PANAH ARYAN SAED,5,KAZ,PARKHATOV MEIRKHAN,27:30,27,30,
4,89,Elite Men - 85 Kg (EM-85kg),LAKTIONOV MYKOLA,IBAÑEZ MATAIX RUBEN,1,KAZ,PARKHATOV MEIRKHAN,10:9,10,9,
4,89,Elite Men - 85 Kg (EM-85kg),LAKTIONOV MYKOLA,IBAÑEZ MATAIX RUBEN,2,SWE,BERNTZEN MATS,10:9,10,9,
4,89,Elite Men - 85 Kg (EM-85kg),LAKTIONOV MYKOLA,IBAÑEZ MATAIX RUBEN,3,ESP,ROMERO JOSE JUAN,10:9,10,9,
4,89,Elite Men - 85 Kg (EM-85kg),LAKTIONOV MYKOLA,IBAÑEZ MATAIX RUBEN,4,POR,TEIXEIRA SANDRA,10:9,10,9,
4,89,Elite Men - 85 Kg (EM-85kg),LAKTIONOV MYKOLA,IBAÑEZ MATAIX RUBEN,5,IND,NEELAM,10:9,10,9,
4,90,Elite Men - 90 Kg (EM-90kg),SOUKOUNA KANDORO,TANWAR NAMAN,1,POR,TEIXEIRA SANDRA,30:27,30,27,
4,90,Elite Men - 90 Kg (EM-90kg),SOUKOUNA KANDORO,TANWAR NAMAN,2,ESP,ALVAREZ IDAFE,29:28,29,28,
4,90,Elite Men - 90 Kg (EM-90kg),SOUKOUNA KANDORO,TANWAR NAMAN,3,ESP,ROMERO JOSE JUAN,29:28,29,28,
4,90,Elite Men - 90 Kg (EM-90kg),SOUKOUNA KANDORO,TANWAR NAMAN,4,SWE,BERNTZEN MATS,28:29,28,29,
4,90,Elite Men - 90 Kg (EM-90kg),SOUKOUNA KANDORO,TANWAR NAMAN,5,KAZ,PARKHATOV MEIRKHAN,29:28,29,28,
4,91,Elite Men - 90 Kg (EM-90kg),BELEZIKA ELWIN,PALAU CONTINENTE GUILLERMO,1,ESP,ALVAREZ IDAFE,30:27,30,27,
4,91,Elite Men - 90 Kg (EM-90kg),BELEZIKA ELWIN,PALAU CONTINENTE GUILLERMO,2,POR,TEIXEIRA SANDRA,30:27,30,27,
4,91,Elite Men - 90 Kg (EM-90kg),BELEZIKA ELWIN,PALAU CONTINENTE GUILLERMO,3,KAZ,PARKHATOV MEIRKHAN,30:27,30,27,
4,91,Elite Men - 90 Kg (EM-90kg),BELEZIKA ELWIN,PALAU CONTINENTE GUILLERMO,4,IND,NEELAM,29:28,29,28,
4,91,Elite Men - 90 Kg (EM-90kg),BELEZIKA ELWIN,PALAU CONTINENTE GUILLERMO,5,SWE,BERNTZEN MATS,30:27,30,27,
5,92,Elite Women - 51 Kg (EW-51kg),WRIGHT MCKENZIE,NITU,1,ENG,KHAN KAMRAN,26:30,26,30,
5,92,Elite Women - 51 Kg (EW-51kg),WRIGHT MCKENZIE,NITU,2,ESP,FERNANDEZ FERNANDEZ JOSE RAMÓN,26:30,26,30,
5,92,Elite Women - 51 Kg (EW-51kg),WRIGHT MCKENZIE,NITU,3,UKR,SOKOLOV RUSLAN,26:30,26,30,
5,92,Elite Women - 51 Kg (EW-51kg),WRIGHT MCKENZIE,NITU,4,KAZ,BATYROV NURBEK,26:30,26,30,
5,92,Elite Women - 51 Kg (EW-51kg),WRIGHT MCKENZIE,NITU,5,ESP,AVILA PRIETO FRANCISCO JOSE,26:30,26,30,
5,93,Elite Women - 51 Kg (EW-51kg),KUSUM,RAKSAT CHUTHAMAT,1,KAZ,BATYROV NURBEK,27:30,27,30,
5,93,Elite Women - 51 Kg (EW-51kg),KUSUM,RAKSAT CHUTHAMAT,2,UKR,SOKOLOV RUSLAN,27:30,27,30,
5,93,Elite Women - 51 Kg (EW-51kg),KUSUM,RAKSAT CHUTHAMAT,3,ESP,MOYA FLORENTINO,28:29,28,29,
5,93,Elite Women - 51 Kg (EW-51kg),KUSUM,RAKSAT CHUTHAMAT,4,ENG,KHAN KAMRAN,27:30,27,30,
5,93,Elite Women - 51 Kg (EW-51kg),KUSUM,RAKSAT CHUTHAMAT,5,FRA,FORGET ALAIN,27:30,27,30,
5,94,Elite Women - 54 Kg (EW-54kg),GONZALEZ CACERES MARIA,PREETI,1,UKR,SOKOLOV RUSLAN,19:19,19,19,
5,94,Elite Women - 54 Kg (EW-54kg),GONZALEZ CACERES MARIA,PREETI,2,ENG,KHAN KAMRAN,18:20,18,20,
5,94,Elite Women - 54 Kg (EW-54kg),GONZALEZ CACERES MARIA,PREETI,3,ESP,AVILA PRIETO FRANCISCO JOSE,19:19,19,19,
5,94,Elite Women - 54 Kg (EW-54kg),GONZALEZ CACERES MARIA,PREETI,4,FRA,FORGET ALAIN,18:20,18,20,
5,94,Elite Women - 54 Kg (EW-54kg),GONZALEZ CACERES MARIA,PREETI,5,KAZ,BATYROV NURBEK,19:19,19,19,
5,95,Elite Women - 54 Kg (EW-54kg),SHKEUL VICTORIIA,HAMDI AYA,1,KAZ,BATYROV NURBEK,28:29,28,29,
5,95,Elite Women - 54 Kg (EW-54kg),SHKEUL VICTORIIA,HAMDI AYA,2,FRA,FORGET ALAIN,27:30,27,30,
5,95,Elite Women - 54 Kg (EW-54kg),SHKEUL VICTORIIA,HAMDI AYA,3,ESP,FLORES SANTIAGO,27:30,27,30,
5,95,Elite Women - 54 Kg (EW-54kg),SHKEUL VICTORIIA,HAMDI AYA,4,UKR,SOKOLOV RUSLAN,29:28,29,28,
5,95,Elite Women - 54 Kg (EW-54kg),SHKEUL VICTORIIA,HAMDI AYA,5,ENG,KHAN KAMRAN,27:30,27,30,
5,96,Elite Women - 57 Kg (EW-57kg),CARDENAS FERNANDEZ ANDREA,WEERHEIM GABRIELLA,1,FRA,FORGET ALAIN,27:30,27,30,
5,96,Elite Women - 57 Kg (EW-57kg),CARDENAS FERNANDEZ ANDREA,WEERHEIM GABRIELLA,2,UKR,SOKOLOV RUSLAN,27:30,27,30,
5,96,Elite Women - 57 Kg (EW-57kg),CARDENAS FERNANDEZ ANDREA,WEERHEIM GABRIELLA,3,KAZ,BATYROV NURBEK,27:30,27,30,
5,96,Elite Women - 57 Kg (EW-57kg),CARDENAS FERNANDEZ ANDREA,WEERHEIM GABRIELLA,4,ENG,KHAN KAMRAN,27:30,27,30,
5,96,Elite Women - 57 Kg (EW-57kg),CARDENAS FERNANDEZ ANDREA,WEERHEIM GABRIELLA,5,ESP,FERNANDEZ FERNANDEZ JOSE RAMÓN,27:30,27,30,
5,97,Elite Women - 57 Kg (EW-57kg),PRACHI,PARSONS VIVIEN,1,UKR,SOKOLOV RUSLAN,27:29,27,29,
5,97,Elite Women - 57 Kg (EW-57kg),PRACHI,PARSONS VIVIEN,2,FRA,FORGET ALAIN,26:30,26,30,
5,97,Elite Women - 57 Kg (EW-57kg),PRACHI,PARSONS VIVIEN,3,ESP,MOYA FLORENTINO,27:29,27,29,
5,97,Elite Women - 57 Kg (EW-57kg),PRACHI,PARSONS VIVIEN,4,ESP,FERNANDEZ FERNANDEZ JOSE RAMÓN,28:28,28,28,
5,97,Elite Women - 57 Kg (EW-57kg),PRACHI,PARSONS VIVIEN,5,ESP,AVILA PRIETO FRANCISCO JOSE,28:28,28,28,
5,98,Elite Women - 60 Kg (EW-60kg),GALANO LOPEZ LAURA,PRIYA,1,ESP,MOYA FLORENTINO,25:30,25,30,
5,98,Elite Women - 60 Kg (EW-60kg),GALANO LOPEZ LAURA,PRIYA,2,KAZ,BATYROV NURBEK,27:30,27,30,
5,98,Elite Women - 60 Kg (EW-60kg),GALANO LOPEZ LAURA,PRIYA,3,FRA,FORGET ALAIN,27:30,27,30,
5,98,Elite Women - 60 Kg (EW-60kg),GALANO LOPEZ LAURA,PRIYA,4,UKR,SOKOLOV RUSLAN,27:30,27,30,
5,98,Elite Women - 60 Kg (EW-60kg),GALANO LOPEZ LAURA,PRIYA,5,ENG,KHAN KAMRAN,26:30,26,30,
5,99,Elite Women - 60 Kg (EW-60kg),van der TOORN MAUD,GRAFEYEVA YEVGENIYA,1,ESP,AVILA PRIETO FRANCISCO JOSE,30:27,30,27,
5,99,Elite Women - 60 Kg (EW-60kg),van der TOORN MAUD,GRAFEYEVA YEVGENIYA,2,ESP,FERNANDEZ FERNANDEZ JOSE RAMÓN,28:28,28,28,
5,99,Elite Women - 60 Kg (EW-60kg),van der TOORN MAUD,GRAFEYEVA YEVGENIYA,3,UKR,SOKOLOV RUSLAN,30:27,30,27,
5,99,Elite Women - 60 Kg (EW-60kg),van der TOORN MAUD,GRAFEYEVA YEVGENIYA,4,ESP,FLORES SANTIAGO,30:27,30,27,
5,99,Elite Women - 60 Kg (EW-60kg),van der TOORN MAUD,GRAFEYEVA YEVGENIYA,5,ENG,KHAN KAMRAN,30:27,30,27,
5,100,Elite Women - 65 Kg (EW-65kg),YADAV PRANJAL,JILKOVÁ VIKTORIE,1,KAZ,BATYROV NURBEK,30:27,30,27,
5,100,Elite Women - 65 Kg (EW-65kg),YADAV PRANJAL,JILKOVÁ VIKTORIE,2,UKR,SOKOLOV RUSLAN,30:27,30,27,
5,100,Elite Women - 65 Kg (EW-65kg),YADAV PRANJAL,JILKOVÁ VIKTORIE,3,ENG,KHAN KAMRAN,29:28,29,28,
5,100,Elite Women - 65 Kg (EW-65kg),YADAV PRANJAL,JILKOVÁ VIKTORIE,4,FRA,FORGET ALAIN,30:27,30,27,
5,100,Elite Women - 65 Kg (EW-65kg),YADAV PRANJAL,JILKOVÁ VIKTORIE,5,ESP,FERNANDEZ FERNANDEZ JOSE RAMÓN,30:27,30,27,
5,101,Elite Women - 65 Kg (EW-65kg),SERIK NAZERKE,SOTO TORRES MARIANA,1,KAZ,BATYROV NURBEK,29:28,29,28,
5,101,Elite Women - 65 Kg (EW-65kg),SERIK NAZERKE,SOTO TORRES MARIANA,2,FRA,FORGET ALAIN,29:28,29,28,
5,101,Elite Women - 65 Kg (EW-65kg),SERIK NAZERKE,SOTO TORRES MARIANA,3,UKR,SOKOLOV RUSLAN,29:28,29,28,
5,101,Elite Women - 65 Kg (EW-65kg),SERIK NAZERKE,SOTO TORRES MARIANA,4,ENG,KHAN KAMRAN,27:30,27,30,
5,101,Elite Women - 65 Kg (EW-65kg),SERIK NAZERKE,SOTO TORRES MARIANA,5,ESP,AVILA PRIETO FRANCISCO JOSE,28:29,28,29,
5,102,Elite Men - 55 Kg (EM-55kg),WANUKAGA ALVIN,SABYRKHAN MAKHMUD,1,ESP,FERNANDEZ FERNANDEZ JOSE RAMÓN,27:30,27,30,
5,102,Elite Men - 55 Kg (EM-55kg),WANUKAGA ALVIN,SABYRKHAN MAKHMUD,2,FRA,FORGET ALAIN,27:30,27,30,
5,102,Elite Men - 55 Kg (EM-55kg),WANUKAGA ALVIN,SABYRKHAN MAKHMUD,3,ENG,KHAN KAMRAN,27:30,27,30,
5,102,Elite Men - 55 Kg (EM-55kg),WANUKAGA ALVIN,SABYRKHAN MAKHMUD,4,ESP,MOYA FLORENTINO,27:30,27,30,
5,102,Elite Men - 55 Kg (EM-55kg),WANUKAGA ALVIN,SABYRKHAN MAKHMUD,5,UKR,SOKOLOV RUSLAN,27:30,27,30,
5,103,Elite Men - 55 Kg (EM-55kg),PENG CHIA-FENG,MANDENGBAM JADUMANI SINGH,1,KAZ,BATYROV NURBEK,28:29,28,29,
5,103,Elite Men - 55 Kg (EM-55kg),PENG CHIA-FENG,MANDENGBAM JADUMANI SINGH,2,ESP,FLORES SANTIAGO,27:30,27,30,
5,103,Elite Men - 55 Kg (EM-55kg),PENG CHIA-FENG,MANDENGBAM JADUMANI SINGH,3,FRA,FORGET ALAIN,28:29,28,29,
5,103,Elite Men - 55 Kg (EM-55kg),PENG CHIA-FENG,MANDENGBAM JADUMANI SINGH,4,UKR,SOKOLOV RUSLAN,28:29,28,29,
5,103,Elite Men - 55 Kg (EM-55kg),PENG CHIA-FENG,MANDENGBAM JADUMANI SINGH,5,ENG,KHAN KAMRAN,28:29,28,29,
5,104,Elite Men - 60 Kg (EM-60kg),TEMIRZHANOV SERIK,AL AHMADIEH KEOMA-ALI,1,FRA,FORGET ALAIN,29:28,29,28,
5,104,Elite Men - 60 Kg (EM-60kg),TEMIRZHANOV SERIK,AL AHMADIEH KEOMA-ALI,2,UKR,SOKOLOV RUSLAN,29:28,29,28,
5,104,Elite Men - 60 Kg (EM-60kg),TEMIRZHANOV SERIK,AL AHMADIEH KEOMA-ALI,3,ESP,MOYA FLORENTINO,28:29,28,29,
5,104,Elite Men - 60 Kg (EM-60kg),TEMIRZHANOV SERIK,AL AHMADIEH KEOMA-ALI,4,ESP,AVILA PRIETO FRANCISCO JOSE,27:30,27,30,
5,104,Elite Men - 60 Kg (EM-60kg),TEMIRZHANOV SERIK,AL AHMADIEH KEOMA-ALI,5,ESP,FLORES SANTIAGO,27:30,27,30,
5,105,Elite Men - 60 Kg (EM-60kg),MOHAMMED HUSSAM UDDIN,DAHLY ALI,1,ESP,MOYA FLORENTINO,30:27,30,27,
5,105,Elite Men - 60 Kg (EM-60kg),MOHAMMED HUSSAM UDDIN,DAHLY ALI,2,ESP,AVILA PRIETO FRANCISCO JOSE,29:28,29,28,
5,105,Elite Men - 60 Kg (EM-60kg),MOHAMMED HUSSAM UDDIN,DAHLY ALI,3,FRA,FORGET ALAIN,29:28,29,28,
5,105,Elite Men - 60 Kg (EM-60kg),MOHAMMED HUSSAM UDDIN,DAHLY ALI,4,ESP,FERNANDEZ FERNANDEZ JOSE RAMÓN,30:27,30,27,
5,105,Elite Men - 60 Kg (EM-60kg),MOHAMMED HUSSAM UDDIN,DAHLY ALI,5,ENG,KHAN KAMRAN,30:27,30,27,
5,106,Elite Men - 65 Kg (EM-65kg),RAGA LEWAS JOAN MARCEL,PIDNUCH KHUNATIP,1,ENG,KHAN KAMRAN,28:29,28,29,
5,106,Elite Men - 65 Kg (EM-65kg),RAGA LEWAS JOAN MARCEL,PIDNUCH KHUNATIP,2,UKR,SOKOLOV RUSLAN,27:30,27,30,
5,106,Elite Men - 65 Kg (EM-65kg),RAGA LEWAS JOAN MARCEL,PIDNUCH KHUNATIP,3,FRA,FORGET ALAIN,27:30,27,30,
5,106,Elite Men - 65 Kg (EM-65kg),RAGA LEWAS JOAN MARCEL,PIDNUCH KHUNATIP,4,ESP,AVILA PRIETO FRANCISCO JOSE,28:29,28,29,
5,106,Elite Men - 65 Kg (EM-65kg),RAGA LEWAS JOAN MARCEL,PIDNUCH KHUNATIP,5,KAZ,BATYROV NURBEK,27:30,27,30,
5,107,Elite Men - 65 Kg (EM-65kg),OUNAI MOHAMED,TURNER JOE,1,FRA,FORGET ALAIN,-,,,
5,107,Elite Men - 65 Kg (EM-65kg),OUNAI MOHAMED,TURNER JOE,2,UKR,SOKOLOV RUSLAN,-,,,
5,107,Elite Men - 65 Kg (EM-65kg),OUNAI MOHAMED,TURNER JOE,3,ENG,KHAN KAMRAN,-,,,
5,107,Elite Men - 65 Kg (EM-65kg),OUNAI MOHAMED,TURNER JOE,4,KAZ,BATYROV NURBEK,-,,,
5,108,Elite Men - 75 Kg (EM-75kg),NURSEITOV TIMUR,SHAW-TULLIN KYLE,1,ESP,MOYA FLORENTINO,29:28,29,28,
5,108,Elite Men - 75 Kg (EM-75kg),NURSEITOV TIMUR,SHAW-TULLIN KYLE,2,ENG,KHAN KAMRAN,27:30,27,30,
5,108,Elite Men - 75 Kg (EM-75kg),NURSEITOV TIMUR,SHAW-TULLIN KYLE,3,KAZ,BATYROV NURBEK,30:27,30,27,
5,108,Elite Men - 75 Kg (EM-75kg),NURSEITOV TIMUR,SHAW-TULLIN KYLE,4,ESP,FERNANDEZ FERNANDEZ JOSE RAMÓN,29:28,29,28,
5,108,Elite Men - 75 Kg (EM-75kg),NURSEITOV TIMUR,SHAW-TULLIN KYLE,5,UKR,SOKOLOV RUSLAN,30:27,30,27,
5,109,Elite Men - 75 Kg (EM-75kg),AKASH,SAEZ CAÑERO JOSE LUIS,1,KAZ,BATYROV NURBEK,30:27,30,27,
5,109,Elite Men - 75 Kg (EM-75kg),AKASH,SAEZ CAÑERO JOSE LUIS,2,ENG,KHAN KAMRAN,30:27,30,27,
5,109,Elite Men - 75 Kg (EM-75kg),AKASH,SAEZ CAÑERO JOSE LUIS,3,FRA,FORGET ALAIN,29:28,29,28,
5,109,Elite Men - 75 Kg (EM-75kg),AKASH,SAEZ CAÑERO JOSE LUIS,4,UKR,SOKOLOV RUSLAN,30:27,30,27,
5,109,Elite Men - 75 Kg (EM-75kg),AKASH,SAEZ CAÑERO JOSE LUIS,5,ESP,FLORES SANTIAGO,28:29,28,29,
5,110,Elite Men - 90 Kg (EM-90kg),REYES PLA ENMANUEL,RAKHMANOV ONGTALAP,1,FRA,FORGET ALAIN,30:27,30,27,
5,110,Elite Men - 90 Kg (EM-90kg),REYES PLA ENMANUEL,RAKHMANOV ONGTALAP,2,KAZ,BATYROV NURBEK,30:27,30,27,
5,110,Elite Men - 90 Kg (EM-90kg),REYES PLA ENMANUEL,RAKHMANOV ONGTALAP,3,UKR,SOKOLOV RUSLAN,30:27,30,27,
5,110,Elite Men - 90 Kg (EM-90kg),REYES PLA ENMANUEL,RAKHMANOV ONGTALAP,4,ENG,KHAN KAMRAN,30:27,30,27,
5,110,Elite Men - 90 Kg (EM-90kg),REYES PLA ENMANUEL,RAKHMANOV ONGTALAP,5,ESP,AVILA PRIETO FRANCISCO JOSE,30:25,30,25,
5,111,Elite Men - 90 Kg (EM-90kg),CHOUDHARY HARSH,OKOH ISSAC,1,ESP,FERNANDEZ FERNANDEZ JOSE RAMÓN,27:30,27,30,
5,111,Elite Men - 90 Kg (EM-90kg),CHOUDHARY HARSH,OKOH ISSAC,2,KAZ,BATYROV NURBEK,27:30,27,30,
5,111,Elite Men - 90 Kg (EM-90kg),CHOUDHARY HARSH,OKOH ISSAC,3,FRA,FORGET ALAIN,27:30,27,30,
5,111,Elite Men - 90 Kg (EM-90kg),CHOUDHARY HARSH,OKOH ISSAC,4,ESP,FLORES SANTIAGO,27:30,27,30,
5,111,Elite Men - 90 Kg (EM-90kg),CHOUDHARY HARSH,OKOH ISSAC,5,UKR,SOKOLOV RUSLAN,27:30,27,30,
5,112,Elite Men + 90 Kg (EM+90kg),ASSYLKHAN NURASSYL,GILL SAWAN,1,ESP,FLORES SANTIAGO,30:27,30,27,
5,112,Elite Men + 90 Kg (EM+90kg),ASSYLKHAN NURASSYL,GILL SAWAN,2,FRA,FORGET ALAIN,30:27,30,27,
5,112,Elite Men + 90 Kg (EM+90kg),ASSYLKHAN NURASSYL,GILL SAWAN,3,UKR,SOKOLOV RUSLAN,30:27,30,27,
5,112,Elite Men + 90 Kg (EM+90kg),ASSYLKHAN NURASSYL,GILL SAWAN,4,ENG,KHAN KAMRAN,30:27,30,27,
5,112,Elite Men + 90 Kg (EM+90kg),ASSYLKHAN NURASSYL,GILL SAWAN,5,ESP,AVILA PRIETO FRANCISCO JOSE,30:27,30,27,
5,113,Elite Men + 90 Kg (EM+90kg),EL KHATTABI ZAGHDAD ABDEL MONIM,LOVCHYNSKYI DMYTRO,1,ENG,KHAN KAMRAN,18:20,18,20,
5,113,Elite Men + 90 Kg (EM+90kg),EL KHATTABI ZAGHDAD ABDEL MONIM,LOVCHYNSKYI DMYTRO,2,FRA,FORGET ALAIN,18:20,18,20,
5,113,Elite Men + 90 Kg (EM+90kg),EL KHATTABI ZAGHDAD ABDEL MONIM,LOVCHYNSKYI DMYTRO,3,KAZ,BATYROV NURBEK,18:20,18,20,
5,113,Elite Men + 90 Kg (EM+90kg),EL KHATTABI ZAGHDAD ABDEL MONIM,LOVCHYNSKYI DMYTRO,4,UKR,SOKOLOV RUSLAN,18:20,18,20,
5,113,Elite Men + 90 Kg (EM+90kg),EL KHATTABI ZAGHDAD ABDEL MONIM,LOVCHYNSKYI DMYTRO,5,ESP,FERNANDEZ FERNANDEZ JOSE RAMÓN,19:19,19,19,
6,114,Elite Women - 51 Kg (EW-51kg),GUTIERREZ SALMERON NOELIA,BOUREGA MAYSSOUN,1,KAZ,PARAKHATOV MEIRKHAN,30:27,30,27,
6,114,Elite Women - 51 Kg (EW-51kg),GUTIERREZ SALMERON NOELIA,BOUREGA MAYSSOUN,2,ESP,ROMERO JOSE JUAN,30:27,30,27,
6,114,Elite Women - 51 Kg (EW-51kg),GUTIERREZ SALMERON NOELIA,BOUREGA MAYSSOUN,3,IND,NEELAM,30:27,30,27,
6,114,Elite Women - 51 Kg (EW-51kg),GUTIERREZ SALMERON NOELIA,BOUREGA MAYSSOUN,4,POR,TEIXEIRA SANDRA,29:28,29,28,
6,114,Elite Women - 51 Kg (EW-51kg),GUTIERREZ SALMERON NOELIA,BOUREGA MAYSSOUN,5,SWE,BERNTZEN MATS,30:27,30,27,
6,115,Elite Women - 51 Kg (EW-51kg),POKUSAI TAISSIA,CHIU CHING-YU,1,POR,TEIXEIRA SANDRA,29:28,29,28,
6,115,Elite Women - 51 Kg (EW-51kg),POKUSAI TAISSIA,CHIU CHING-YU,2,ESP,ROMERO JOSE JUAN,27:30,27,30,
6,115,Elite Women - 51 Kg (EW-51kg),POKUSAI TAISSIA,CHIU CHING-YU,3,IND,NEELAM,29:28,29,28,
6,115,Elite Women - 51 Kg (EW-51kg),POKUSAI TAISSIA,CHIU CHING-YU,4,SWE,BERNTZEN MATS,29:28,29,28,
6,115,Elite Women - 51 Kg (EW-51kg),POKUSAI TAISSIA,CHIU CHING-YU,5,ESP,ALVAREZ IDAFE,29:28,29,28,
6,116,Elite Women - 54 Kg (EW-54kg),de FELICE ANGELA,SMITH IVY-JANE,1,IND,NEELAM,26:30,26,30,
6,116,Elite Women - 54 Kg (EW-54kg),de FELICE ANGELA,SMITH IVY-JANE,2,ESP,ROMERO JOSE JUAN,27:30,27,30,
6,116,Elite Women - 54 Kg (EW-54kg),de FELICE ANGELA,SMITH IVY-JANE,3,KAZ,PARAKHATOV MEIRKHAN,27:30,27,30,
6,116,Elite Women - 54 Kg (EW-54kg),de FELICE ANGELA,SMITH IVY-JANE,4,ESP,ACENDRA LOPEZ EDILBERTO,25:30,25,30,
6,116,Elite Women - 54 Kg (EW-54kg),de FELICE ANGELA,SMITH IVY-JANE,5,POR,TEIXEIRA SANDRA,25:30,25,30,
6,117,Elite Women - 54 Kg (EW-54kg),CHONGPRONGKLANG NATNICHA,POONAM,1,ESP,ROMERO JOSE JUAN,28:29,28,29,
6,117,Elite Women - 54 Kg (EW-54kg),CHONGPRONGKLANG NATNICHA,POONAM,2,ESP,ACENDRA LOPEZ EDILBERTO,27:30,27,30,
6,117,Elite Women - 54 Kg (EW-54kg),CHONGPRONGKLANG NATNICHA,POONAM,3,SWE,BERNTZEN MATS,28:29,28,29,
6,117,Elite Women - 54 Kg (EW-54kg),CHONGPRONGKLANG NATNICHA,POONAM,4,KAZ,PARAKHATOV MEIRKHAN,28:29,28,29,
6,117,Elite Women - 54 Kg (EW-54kg),CHONGPRONGKLANG NATNICHA,POONAM,5,POR,TEIXEIRA SANDRA,28:29,28,29,
6,118,Elite Women - 57 Kg (EW-57kg),VINKA,RUENROS PUNRAWEE,1,KAZ,PARAKHATOV MEIRKHAN,27:30,27,30,
6,118,Elite Women - 57 Kg (EW-57kg),VINKA,RUENROS PUNRAWEE,2,SWE,BERNTZEN MATS,27:30,27,30,
6,118,Elite Women - 57 Kg (EW-57kg),VINKA,RUENROS PUNRAWEE,3,ESP,ROMERO JOSE JUAN,27:30,27,30,
6,118,Elite Women - 57 Kg (EW-57kg),VINKA,RUENROS PUNRAWEE,4,POR,TEIXEIRA SANDRA,27:30,27,30,
6,118,Elite Women - 57 Kg (EW-57kg),VINKA,RUENROS PUNRAWEE,5,ESP,ALVAREZ IDAFE,27:30,27,30,
6,119,Elite Women - 57 Kg (EW-57kg),AL AHMADIEH MARIE,HUTARINA DARIA-OLHA,1,SWE,BERNTZEN MATS,29:28,29,28,
6,119,Elite Women - 57 Kg (EW-57kg),AL AHMADIEH MARIE,HUTARINA DARIA-OLHA,2,KAZ,PARAKHATOV MEIRKHAN,30:27,30,27,
6,119,Elite Women - 57 Kg (EW-57kg),AL AHMADIEH MARIE,HUTARINA DARIA-OLHA,3,ESP,ALVAREZ IDAFE,30:27,30,27,
6,119,Elite Women - 57 Kg (EW-57kg),AL AHMADIEH MARIE,HUTARINA DARIA-OLHA,4,POR,TEIXEIRA SANDRA,29:28,29,28,
6,119,Elite Women - 57 Kg (EW-57kg),AL AHMADIEH MARIE,HUTARINA DARIA-OLHA,5,IND,NEELAM,28:29,28,29,
6,120,Elite Women - 60 Kg (EW-60kg),BAIDUKOVA VIKTORIYA,DOVHAL TETIANA,1,IND,NEELAM,28:29,28,29,
6,120,Elite Women - 60 Kg (EW-60kg),BAIDUKOVA VIKTORIYA,DOVHAL TETIANA,2,POR,TEIXEIRA SANDRA,27:30,27,30,
6,120,Elite Women - 60 Kg (EW-60kg),BAIDUKOVA VIKTORIYA,DOVHAL TETIANA,3,ESP,ROMERO JOSE JUAN,27:30,27,30,
6,120,Elite Women - 60 Kg (EW-60kg),BAIDUKOVA VIKTORIYA,DOVHAL TETIANA,4,ESP,ACENDRA LOPEZ EDILBERTO,27:30,27,30,
6,120,Elite Women - 60 Kg (EW-60kg),BAIDUKOVA VIKTORIYA,DOVHAL TETIANA,5,ESP,ALVAREZ IDAFE,27:30,27,30,
6,121,Elite Women - 60 Kg (EW-60kg),SOMNUEK THANANYA,PATIL DISHA VIJAY,1,SWE,BERNTZEN MATS,18:19,18,19,
6,121,Elite Women - 60 Kg (EW-60kg),SOMNUEK THANANYA,PATIL DISHA VIJAY,2,POR,TEIXEIRA SANDRA,18:19,18,19,
6,121,Elite Women - 60 Kg (EW-60kg),SOMNUEK THANANYA,PATIL DISHA VIJAY,3,KAZ,PARAKHATOV MEIRKHAN,20:17,20,17,
6,121,Elite Women - 60 Kg (EW-60kg),SOMNUEK THANANYA,PATIL DISHA VIJAY,4,ESP,ROMERO JOSE JUAN,18:19,18,19,
6,121,Elite Women - 60 Kg (EW-60kg),SOMNUEK THANANYA,PATIL DISHA VIJAY,5,ESP,ACENDRA LOPEZ EDILBERTO,19:18,19,18,
6,122,Elite Women - 65 Kg (EW-65kg),MERINOVA NATALIIA,ALLEN KAYLA,1,IND,NEELAM,17:20,17,20,
6,122,Elite Women - 65 Kg (EW-65kg),MERINOVA NATALIIA,ALLEN KAYLA,2,SWE,BERNTZEN MATS,16:20,16,20,
6,122,Elite Women - 65 Kg (EW-65kg),MERINOVA NATALIIA,ALLEN KAYLA,3,KAZ,PARAKHATOV MEIRKHAN,15:20,15,20,
6,122,Elite Women - 65 Kg (EW-65kg),MERINOVA NATALIIA,ALLEN KAYLA,4,POR,TEIXEIRA SANDRA,16:20,16,20,
6,122,Elite Women - 65 Kg (EW-65kg),MERINOVA NATALIIA,ALLEN KAYLA,5,ESP,ACENDRA LOPEZ EDILBERTO,17:20,17,20,
6,123,Elite Women - 65 Kg (EW-65kg),KAJAL,ICHSHANOVA AKNAR,1,IND,NEELAM,30:27,30,27,
6,123,Elite Women - 65 Kg (EW-65kg),KAJAL,ICHSHANOVA AKNAR,2,ESP,ROMERO JOSE JUAN,30:27,30,27,
6,123,Elite Women - 65 Kg (EW-65kg),KAJAL,ICHSHANOVA AKNAR,3,KAZ,PARAKHATOV MEIRKHAN,28:29,28,29,
6,123,Elite Women - 65 Kg (EW-65kg),KAJAL,ICHSHANOVA AKNAR,4,ESP,ALVAREZ IDAFE,30:27,30,27,
6,123,Elite Women - 65 Kg (EW-65kg),KAJAL,ICHSHANOVA AKNAR,5,SWE,BERNTZEN MATS,30:27,30,27,
6,124,Elite Men - 55 Kg (EM-55kg),BARTWAL PAWAN,TROWBRIDGE ELLIS,1,ESP,ROMERO JOSE JUAN,28:29,28,29,
6,124,Elite Men - 55 Kg (EM-55kg),BARTWAL PAWAN,TROWBRIDGE ELLIS,2,SWE,BERNTZEN MATS,26:30,26,30,
6,124,Elite Men - 55 Kg (EM-55kg),BARTWAL PAWAN,TROWBRIDGE ELLIS,3,KAZ,PARAKHATOV MEIRKHAN,27:30,27,30,
6,124,Elite Men - 55 Kg (EM-55kg),BARTWAL PAWAN,TROWBRIDGE ELLIS,4,ESP,ALVAREZ IDAFE,30:27,30,27,
6,124,Elite Men - 55 Kg (EM-55kg),BARTWAL PAWAN,TROWBRIDGE ELLIS,5,POR,TEIXEIRA SANDRA,30:27,30,27,
6,125,Elite Men - 55 Kg (EM-55kg),BORANBEK BEXULTAN,TOMINES MAXIMUS,1,ESP,ROMERO JOSE JUAN,28:29,28,29,
6,125,Elite Men - 55 Kg (EM-55kg),BORANBEK BEXULTAN,TOMINES MAXIMUS,2,ESP,ACENDRA LOPEZ EDILBERTO,28:29,28,29,
6,125,Elite Men - 55 Kg (EM-55kg),BORANBEK BEXULTAN,TOMINES MAXIMUS,3,SWE,BERNTZEN MATS,29:28,29,28,
6,125,Elite Men - 55 Kg (EM-55kg),BORANBEK BEXULTAN,TOMINES MAXIMUS,4,IND,NEELAM,29:28,29,28,
6,125,Elite Men - 55 Kg (EM-55kg),BORANBEK BEXULTAN,TOMINES MAXIMUS,5,POR,TEIXEIRA SANDRA,28:29,28,29,
6,126,Elite Men - 60 Kg (EM-60kg),ABDURAIMOV AIDER,SACHIN,1,POR,TEIXEIRA SANDRA,28:29,28,29,
6,126,Elite Men - 60 Kg (EM-60kg),ABDURAIMOV AIDER,SACHIN,2,ESP,ALVAREZ IDAFE,30:27,30,27,
6,126,Elite Men - 60 Kg (EM-60kg),ABDURAIMOV AIDER,SACHIN,3,SWE,BERNTZEN MATS,28:29,28,29,
6,126,Elite Men - 60 Kg (EM-60kg),ABDURAIMOV AIDER,SACHIN,4,KAZ,PARAKHATOV MEIRKHAN,29:28,29,28,
6,126,Elite Men - 60 Kg (EM-60kg),ABDURAIMOV AIDER,SACHIN,5,ESP,ACENDRA LOPEZ EDILBERTO,28:29,28,29,
6,127,Elite Men - 60 Kg (EM-60kg),MELKUMIAN GEORGES BENIK,DRYDEN JACK,1,POR,TEIXEIRA SANDRA,28:29,28,29,
6,127,Elite Men - 60 Kg (EM-60kg),MELKUMIAN GEORGES BENIK,DRYDEN JACK,2,ESP,ROMERO JOSE JUAN,27:30,27,30,
6,127,Elite Men - 60 Kg (EM-60kg),MELKUMIAN GEORGES BENIK,DRYDEN JACK,3,KAZ,PARAKHATOV MEIRKHAN,26:30,26,30,
6,127,Elite Men - 60 Kg (EM-60kg),MELKUMIAN GEORGES BENIK,DRYDEN JACK,4,IND,NEELAM,27:29,27,29,
6,127,Elite Men - 60 Kg (EM-60kg),MELKUMIAN GEORGES BENIK,DRYDEN JACK,5,ESP,ACENDRA LOPEZ EDILBERTO,26:30,26,30,
6,128,Elite Men - 65 Kg (EM-65kg),JAMWAL ABHINASH,ALIIEV ELVIN,1,ESP,ALVAREZ IDAFE,28:29,28,29,
6,128,Elite Men - 65 Kg (EM-65kg),JAMWAL ABHINASH,ALIIEV ELVIN,2,ESP,ACENDRA LOPEZ EDILBERTO,29:28,29,28,
6,128,Elite Men - 65 Kg (EM-65kg),JAMWAL ABHINASH,ALIIEV ELVIN,3,KAZ,PARAKHATOV MEIRKHAN,28:29,28,29,
6,128,Elite Men - 65 Kg (EM-65kg),JAMWAL ABHINASH,ALIIEV ELVIN,4,ESP,ROMERO JOSE JUAN,27:30,27,30,
6,128,Elite Men - 65 Kg (EM-65kg),JAMWAL ABHINASH,ALIIEV ELVIN,5,SWE,BERNTZEN MATS,27:30,27,30,
6,129,Elite Men - 65 Kg (EM-65kg),LABRIE GABRIEL ALY,IBARRECHE CONDE OIER,1,ESP,ROMERO JOSE JUAN,27:30,27,30,
6,129,Elite Men - 65 Kg (EM-65kg),LABRIE GABRIEL ALY,IBARRECHE CONDE OIER,2,SWE,BERNTZEN MATS,30:26,30,26,
6,129,Elite Men - 65 Kg (EM-65kg),LABRIE GABRIEL ALY,IBARRECHE CONDE OIER,3,POR,TEIXEIRA SANDRA,28:29,28,29,
6,129,Elite Men - 65 Kg (EM-65kg),LABRIE GABRIEL ALY,IBARRECHE CONDE OIER,4,KAZ,PARAKHATOV MEIRKHAN,28:29,28,29,
6,129,Elite Men - 65 Kg (EM-65kg),LABRIE GABRIEL ALY,IBARRECHE CONDE OIER,5,IND,NEELAM,28:29,28,29,
6,130,Elite Men - 75 Kg (EM-75kg),ZAKHARIEIEV YURII,SALAS MANUEL BENI,1,SWE,BERNTZEN MATS,30:26,30,26,
6,130,Elite Men - 75 Kg (EM-75kg),ZAKHARIEIEV YURII,SALAS MANUEL BENI,2,ESP,ALVAREZ IDAFE,30:27,30,27,
6,130,Elite Men - 75 Kg (EM-75kg),ZAKHARIEIEV YURII,SALAS MANUEL BENI,3,KAZ,PARAKHATOV MEIRKHAN,30:27,30,27,
6,130,Elite Men - 75 Kg (EM-75kg),ZAKHARIEIEV YURII,SALAS MANUEL BENI,4,IND,NEELAM,30:26,30,26,
6,130,Elite Men - 75 Kg (EM-75kg),ZAKHARIEIEV YURII,SALAS MANUEL BENI,5,ESP,ROMERO JOSE JUAN,30:27,30,27,
6,131,Elite Men - 75 Kg (EM-75kg),KONSBEKOV AMAN,EL QADMI HASSANA,1,SWE,BERNTZEN MATS,30:25,30,25,
6,131,Elite Men - 75 Kg (EM-75kg),KONSBEKOV AMAN,EL QADMI HASSANA,2,POR,TEIXEIRA SANDRA,30:26,30,26,
6,131,Elite Men - 75 Kg (EM-75kg),KONSBEKOV AMAN,EL QADMI HASSANA,3,ESP,ACENDRA LOPEZ EDILBERTO,30:27,30,27,
6,131,Elite Men - 75 Kg (EM-75kg),KONSBEKOV AMAN,EL QADMI HASSANA,4,ESP,ALVAREZ IDAFE,30:27,30,27,
6,131,Elite Men - 75 Kg (EM-75kg),KONSBEKOV AMAN,EL QADMI HASSANA,5,ESP,ROMERO JOSE JUAN,30:27,30,27,
6,132,Elite Men - 90 Kg (EM-90kg),TOGAMBAY SAGYNDYK,SOUKOUNA KANDORO,1,ESP,ROMERO JOSE JUAN,30:26,30,26,
6,132,Elite Men - 90 Kg (EM-90kg),TOGAMBAY SAGYNDYK,SOUKOUNA KANDORO,2,IND,NEELAM,30:27,30,27,
6,132,Elite Men - 90 Kg (EM-90kg),TOGAMBAY SAGYNDYK,SOUKOUNA KANDORO,3,POR,TEIXEIRA SANDRA,30:27,30,27,
6,132,Elite Men - 90 Kg (EM-90kg),TOGAMBAY SAGYNDYK,SOUKOUNA KANDORO,4,ESP,ACENDRA LOPEZ EDILBERTO,30:27,30,27,
6,132,Elite Men - 90 Kg (EM-90kg),TOGAMBAY SAGYNDYK,SOUKOUNA KANDORO,5,SWE,BERNTZEN MATS,30:27,30,27,
6,133,Elite Men - 90 Kg (EM-90kg),BELEZIKA ELWIN,MICHKOVSKYI PAVLO,1,ESP,ALVAREZ IDAFE,26:30,26,30,
6,133,Elite Men - 90 Kg (EM-90kg),BELEZIKA ELWIN,MICHKOVSKYI PAVLO,2,IND,NEELAM,27:29,27,29,
6,133,Elite Men - 90 Kg (EM-90kg),BELEZIKA ELWIN,MICHKOVSKYI PAVLO,3,KAZ,PARAKHATOV MEIRKHAN,28:28,28,28,
6,133,Elite Men - 90 Kg (EM-90kg),BELEZIKA ELWIN,MICHKOVSKYI PAVLO,4,ESP,ACENDRA LOPEZ EDILBERTO,26:30,26,30,
6,133,Elite Men - 90 Kg (EM-90kg),BELEZIKA ELWIN,MICHKOVSKYI PAVLO,5,ESP,ROMERO JOSE JUAN,26:30,26,30,
6,134,Elite Men + 90 Kg (EM+90kg),KHALETSKYI ANDRII,GLADOSEV DMITRI,1,SWE,BERNTZEN MATS,30:27,30,27,
6,134,Elite Men + 90 Kg (EM+90kg),KHALETSKYI ANDRII,GLADOSEV DMITRI,2,POR,TEIXEIRA SANDRA,29:28,29,28,
6,134,Elite Men + 90 Kg (EM+90kg),KHALETSKYI ANDRII,GLADOSEV DMITRI,3,ESP,ALVAREZ IDAFE,30:27,30,27,
6,134,Elite Men + 90 Kg (EM+90kg),KHALETSKYI ANDRII,GLADOSEV DMITRI,4,KAZ,PARAKHATOV MEIRKHAN,30:27,30,27,
6,134,Elite Men + 90 Kg (EM+90kg),KHALETSKYI ANDRII,GLADOSEV DMITRI,5,IND,NEELAM,29:28,29,28,
6,135,Elite Men + 90 Kg (EM+90kg),WILLIAMS MATT,ORALBAY AIBEK,1,POR,TEIXEIRA SANDRA,27:30,27,30,
6,135,Elite Men + 90 Kg (EM+90kg),WILLIAMS MATT,ORALBAY AIBEK,2,ESP,ROMERO JOSE JUAN,28:29,28,29,
6,135,Elite Men + 90 Kg (EM+90kg),WILLIAMS MATT,ORALBAY AIBEK,3,ESP,ACENDRA LOPEZ EDILBERTO,27:30,27,30,
6,135,Elite Men + 90 Kg (EM+90kg),WILLIAMS MATT,ORALBAY AIBEK,4,ESP,ALVAREZ IDAFE,30:27,30,27,
6,135,Elite Men + 90 Kg (EM+90kg),WILLIAMS MATT,ORALBAY AIBEK,5,IND,NEELAM,28:29,28,29,
7,136,Elite Women - 48 Kg (EW-48kg),LYNIV SOLOMIIA,RANI MANJU,1,ESP,AVILA PRIETO FRANCISCO JOSE,27:30,27,30,
7,136,Elite Women - 48 Kg (EW-48kg),LYNIV SOLOMIIA,RANI MANJU,2,ENG,KHAN KAMRAN,28:29,28,29,
7,136,Elite Women - 48 Kg (EW-48kg),LYNIV SOLOMIIA,RANI MANJU,3,KAZ,BATYROV NURBEK,27:30,27,30,
7,136,Elite Women - 48 Kg (EW-48kg),LYNIV SOLOMIIA,RANI MANJU,4,ESP,MOYA FLORENTINO,27:30,27,30,
7,136,Elite Women - 48 Kg (EW-48kg),LYNIV SOLOMIIA,RANI MANJU,5,ESP,FLORES SANTIAGO,28:29,28,29,
7,137,Elite Women - 51 Kg (EW-51kg),NITU,RAKSAT CHUTHAMAT,1,ESP,AVILA PRIETO FRANCISCO JOSE,30:27,30,27,
7,137,Elite Women - 51 Kg (EW-51kg),NITU,RAKSAT CHUTHAMAT,2,ESP,FERNANDEZ FERNANDEZ JOSE RAMÓN,30:27,30,27,
7,137,Elite Women - 51 Kg (EW-51kg),NITU,RAKSAT CHUTHAMAT,3,KAZ,BATYROV NURBEK,29:28,29,28,
7,137,Elite Women - 51 Kg (EW-51kg),NITU,RAKSAT CHUTHAMAT,4,FRA,FORGET ALAIN,30:27,30,27,
7,137,Elite Women - 51 Kg (EW-51kg),NITU,RAKSAT CHUTHAMAT,5,ENG,KHAN KAMRAN,30:27,30,27,
7,138,Elite Women - 54 Kg (EW-54kg),PREETI,HAMDI AYA,1,ENG,KHAN KAMRAN,30:27,30,27,
7,138,Elite Women - 54 Kg (EW-54kg),PREETI,HAMDI AYA,2,KAZ,BATYROV NURBEK,30:27,30,27,
7,138,Elite Women - 54 Kg (EW-54kg),PREETI,HAMDI AYA,3,ESP,MOYA FLORENTINO,30:27,30,27,
7,138,Elite Women - 54 Kg (EW-54kg),PREETI,HAMDI AYA,4,UKR,SOKOLOV RUSLAN,30:27,30,27,
7,138,Elite Women - 54 Kg (EW-54kg),PREETI,HAMDI AYA,5,ESP,FLORES SANTIAGO,30:27,30,27,
7,139,Elite Women - 57 Kg (EW-57kg),WEERHEIM GABRIELLA,PARSONS VIVIEN,1,KAZ,BATYROV NURBEK,30:27,30,27,
7,139,Elite Women - 57 Kg (EW-57kg),WEERHEIM GABRIELLA,PARSONS VIVIEN,2,ESP,MOYA FLORENTINO,28:29,28,29,
7,139,Elite Women - 57 Kg (EW-57kg),WEERHEIM GABRIELLA,PARSONS VIVIEN,3,UKR,SOKOLOV RUSLAN,30:27,30,27,
7,139,Elite Women - 57 Kg (EW-57kg),WEERHEIM GABRIELLA,PARSONS VIVIEN,4,ESP,AVILA PRIETO FRANCISCO JOSE,30:27,30,27,
7,139,Elite Women - 57 Kg (EW-57kg),WEERHEIM GABRIELLA,PARSONS VIVIEN,5,FRA,FORGET ALAIN,29:28,29,28,
7,140,Elite Women - 60 Kg (EW-60kg),PRIYA,van der TOORN MAUD,1,ESP,MOYA FLORENTINO,30:27,30,27,
7,140,Elite Women - 60 Kg (EW-60kg),PRIYA,van der TOORN MAUD,2,ESP,FERNANDEZ FERNANDEZ JOSE RAMÓN,30:27,30,27,
7,140,Elite Women - 60 Kg (EW-60kg),PRIYA,van der TOORN MAUD,3,FRA,FORGET ALAIN,30:27,30,27,
7,140,Elite Women - 60 Kg (EW-60kg),PRIYA,van der TOORN MAUD,4,UKR,SOKOLOV RUSLAN,30:27,30,27,
7,140,Elite Women - 60 Kg (EW-60kg),PRIYA,van der TOORN MAUD,5,ENG,KHAN KAMRAN,30:27,30,27,
7,141,Elite Women - 65 Kg (EW-65kg),YADAV PRANJAL,SERIK NAZERKE,1,ESP,FLORES SANTIAGO,27:26,27,26,
7,141,Elite Women - 65 Kg (EW-65kg),YADAV PRANJAL,SERIK NAZERKE,2,FRA,FORGET ALAIN,26:27,26,27,
7,141,Elite Women - 65 Kg (EW-65kg),YADAV PRANJAL,SERIK NAZERKE,3,ESP,AVILA PRIETO FRANCISCO JOSE,26:27,26,27,
7,141,Elite Women - 65 Kg (EW-65kg),YADAV PRANJAL,SERIK NAZERKE,4,ENG,KHAN KAMRAN,26:27,26,27,
7,141,Elite Women - 65 Kg (EW-65kg),YADAV PRANJAL,SERIK NAZERKE,5,ESP,MOYA FLORENTINO,27:26,27,26,
7,142,Elite Women - 70 Kg (EW-70kg),MARTINEZ MAS DUNIA,CHOURDHARY ARUNDHATI,1,KAZ,BATYROV NURBEK,27:29,27,29,
7,142,Elite Women - 70 Kg (EW-70kg),MARTINEZ MAS DUNIA,CHOURDHARY ARUNDHATI,2,FRA,FORGET ALAIN,26:30,26,30,
7,142,Elite Women - 70 Kg (EW-70kg),MARTINEZ MAS DUNIA,CHOURDHARY ARUNDHATI,3,UKR,SOKOLOV RUSLAN,27:29,27,29,
7,142,Elite Women - 70 Kg (EW-70kg),MARTINEZ MAS DUNIA,CHOURDHARY ARUNDHATI,4,ESP,FERNANDEZ FERNANDEZ JOSE RAMÓN,26:30,26,30,
7,142,Elite Women - 70 Kg (EW-70kg),MARTINEZ MAS DUNIA,CHOURDHARY ARUNDHATI,5,ENG,KHAN KAMRAN,26:30,26,30,
7,143,Elite Women - 75 Kg (EW-75kg),ECCLES ROSIE,BORGOHAIN LOVLINA,1,UKR,SOKOLOV RUSLAN,28:29,28,29,
7,143,Elite Women - 75 Kg (EW-75kg),ECCLES ROSIE,BORGOHAIN LOVLINA,2,FRA,FORGET ALAIN,27:30,27,30,
7,143,Elite Women - 75 Kg (EW-75kg),ECCLES ROSIE,BORGOHAIN LOVLINA,3,ESP,MOYA FLORENTINO,28:29,28,29,
7,143,Elite Women - 75 Kg (EW-75kg),ECCLES ROSIE,BORGOHAIN LOVLINA,4,ESP,FLORES SANTIAGO,27:30,27,30,
7,143,Elite Women - 75 Kg (EW-75kg),ECCLES ROSIE,BORGOHAIN LOVLINA,5,KAZ,BATYROV NURBEK,28:29,28,29,
7,144,Elite Women - 80 Kg (EW-80kg),NAINA,SADYKOVA GUZAL,1,ENG,KHAN KAMRAN,29:28,29,28,
7,144,Elite Women - 80 Kg (EW-80kg),NAINA,SADYKOVA GUZAL,2,ESP,FLORES SANTIAGO,30:27,30,27,
7,144,Elite Women - 80 Kg (EW-80kg),NAINA,SADYKOVA GUZAL,3,FRA,FORGET ALAIN,29:28,29,28,
7,144,Elite Women - 80 Kg (EW-80kg),NAINA,SADYKOVA GUZAL,4,ESP,FERNANDEZ FERNANDEZ JOSE RAMÓN,29:28,29,28,
7,144,Elite Women - 80 Kg (EW-80kg),NAINA,SADYKOVA GUZAL,5,ESP,MOYA FLORENTINO,29:28,29,28,
7,145,Elite Women + 80 Kg (EW+80kg),SADYKOVA UMIDA,MANKIRAT KAUR,1,UKR,SOKOLOV RUSLAN,-,,,
7,145,Elite Women + 80 Kg (EW+80kg),SADYKOVA UMIDA,MANKIRAT KAUR,2,ENG,KHAN KAMRAN,-,,,
7,145,Elite Women + 80 Kg (EW+80kg),SADYKOVA UMIDA,MANKIRAT KAUR,3,ESP,AVILA PRIETO FRANCISCO JOSE,-,,,
7,145,Elite Women + 80 Kg (EW+80kg),SADYKOVA UMIDA,MANKIRAT KAUR,4,FRA,FORGET ALAIN,-,,,
7,145,Elite Women + 80 Kg (EW+80kg),SADYKOVA UMIDA,MANKIRAT KAUR,5,ESP,FLORES SANTIAGO,-,,,
7,146,Elite Men - 50 Kg (EM-50kg),DIAZ LOPEZ CARLOS,TASHKENBAY SANZHAR,1,ESP,MOYA FLORENTINO,28:29,28,29,
7,146,Elite Men - 50 Kg (EM-50kg),DIAZ LOPEZ CARLOS,TASHKENBAY SANZHAR,2,ENG,KHAN KAMRAN,27:30,27,30,
7,146,Elite Men - 50 Kg (EM-50kg),DIAZ LOPEZ CARLOS,TASHKENBAY SANZHAR,3,UKR,SOKOLOV RUSLAN,27:30,27,30,
7,146,Elite Men - 50 Kg (EM-50kg),DIAZ LOPEZ CARLOS,TASHKENBAY SANZHAR,4,FRA,FORGET ALAIN,28:29,28,29,
7,146,Elite Men - 50 Kg (EM-50kg),DIAZ LOPEZ CARLOS,TASHKENBAY SANZHAR,5,KAZ,BATYROV NURBEK,27:30,27,30,
7,147,Elite Men - 55 Kg (EM-55kg),SABYRKHAN MAKHMUD,MANDENGBAM JADUMANI SINGH,1,ESP,FLORES SANTIAGO,30:27,30,27,
7,147,Elite Men - 55 Kg (EM-55kg),SABYRKHAN MAKHMUD,MANDENGBAM JADUMANI SINGH,2,ESP,FERNANDEZ FERNANDEZ JOSE RAMÓN,30:27,30,27,
7,147,Elite Men - 55 Kg (EM-55kg),SABYRKHAN MAKHMUD,MANDENGBAM JADUMANI SINGH,3,FRA,FORGET ALAIN,30:27,30,27,
7,147,Elite Men - 55 Kg (EM-55kg),SABYRKHAN MAKHMUD,MANDENGBAM JADUMANI SINGH,4,UKR,SOKOLOV RUSLAN,30:27,30,27,
7,147,Elite Men - 55 Kg (EM-55kg),SABYRKHAN MAKHMUD,MANDENGBAM JADUMANI SINGH,5,ENG,KHAN KAMRAN,30:27,30,27,
7,148,Elite Men - 60 Kg (EM-60kg),AL AHMADIEH KEOMA-ALI,MOHAMMED HUSSAM UDDIN,1,ESP,MOYA FLORENTINO,30:27,30,27,
7,148,Elite Men - 60 Kg (EM-60kg),AL AHMADIEH KEOMA-ALI,MOHAMMED HUSSAM UDDIN,2,FRA,FORGET ALAIN,30:27,30,27,
7,148,Elite Men - 60 Kg (EM-60kg),AL AHMADIEH KEOMA-ALI,MOHAMMED HUSSAM UDDIN,3,UKR,SOKOLOV RUSLAN,30:27,30,27,
7,148,Elite Men - 60 Kg (EM-60kg),AL AHMADIEH KEOMA-ALI,MOHAMMED HUSSAM UDDIN,4,ESP,AVILA PRIETO FRANCISCO JOSE,30:27,30,27,
7,148,Elite Men - 60 Kg (EM-60kg),AL AHMADIEH KEOMA-ALI,MOHAMMED HUSSAM UDDIN,5,ENG,KHAN KAMRAN,30:27,30,27,
7,149,Elite Men - 65 Kg (EM-65kg),PIDNUCH KHUNATIP,OUNAI MOHAMED,1,KAZ,BATYROV NURBEK,18:20,18,20,
7,149,Elite Men - 65 Kg (EM-65kg),PIDNUCH KHUNATIP,OUNAI MOHAMED,2,ESP,AVILA PRIETO FRANCISCO JOSE,18:20,18,20,
7,149,Elite Men - 65 Kg (EM-65kg),PIDNUCH KHUNATIP,OUNAI MOHAMED,3,ENG,KHAN KAMRAN,18:20,18,20,
7,149,Elite Men - 65 Kg (EM-65kg),PIDNUCH KHUNATIP,OUNAI MOHAMED,4,ESP,FERNANDEZ FERNANDEZ JOSE RAMÓN,20:18,20,18,
7,149,Elite Men - 65 Kg (EM-65kg),PIDNUCH KHUNATIP,OUNAI MOHAMED,5,UKR,SOKOLOV RUSLAN,18:20,18,20,
7,150,Elite Men - 70 Kg (EM-70kg),HITESH,SABYRKHAN TOREKHAN,1,ESP,FLORES SANTIAGO,28:29,28,29,
7,150,Elite Men - 70 Kg (EM-70kg),HITESH,SABYRKHAN TOREKHAN,2,ESP,FERNANDEZ FERNANDEZ JOSE RAMÓN,27:30,27,30,
7,150,Elite Men - 70 Kg (EM-70kg),HITESH,SABYRKHAN TOREKHAN,3,ESP,MOYA FLORENTINO,27:30,27,30,
7,150,Elite Men - 70 Kg (EM-70kg),HITESH,SABYRKHAN TOREKHAN,4,UKR,SOKOLOV RUSLAN,28:29,28,29,
7,150,Elite Men - 70 Kg (EM-70kg),HITESH,SABYRKHAN TOREKHAN,5,FRA,FORGET ALAIN,27:30,27,30,
7,151,Elite Men - 75 Kg (EM-75kg),NURSEITOV TIMUR,AKASH,1,ESP,AVILA PRIETO FRANCISCO JOSE,28:29,28,29,
7,151,Elite Men - 75 Kg (EM-75kg),NURSEITOV TIMUR,AKASH,2,ESP,MOYA FLORENTINO,28:29,28,29,
7,151,Elite Men - 75 Kg (EM-75kg),NURSEITOV TIMUR,AKASH,3,UKR,SOKOLOV RUSLAN,29:28,29,28,
7,151,Elite Men - 75 Kg (EM-75kg),NURSEITOV TIMUR,AKASH,4,FRA,FORGET ALAIN,27:30,27,30,
7,151,Elite Men - 75 Kg (EM-75kg),NURSEITOV TIMUR,AKASH,5,ENG,KHAN KAMRAN,28:29,28,29,
7,152,Elite Men - 80 Kg (EM-80kg),ILLIUSHA PAVLO,COY BERNAL PABLO,1,ENG,KHAN KAMRAN,29:28,29,28,
7,152,Elite Men - 80 Kg (EM-80kg),ILLIUSHA PAVLO,COY BERNAL PABLO,2,ESP,AVILA PRIETO FRANCISCO JOSE,29:28,29,28,
7,152,Elite Men - 80 Kg (EM-80kg),ILLIUSHA PAVLO,COY BERNAL PABLO,3,UKR,SOKOLOV RUSLAN,30:27,30,27,
7,152,Elite Men - 80 Kg (EM-80kg),ILLIUSHA PAVLO,COY BERNAL PABLO,4,FRA,FORGET ALAIN,28:29,28,29,
7,152,Elite Men - 80 Kg (EM-80kg),ILLIUSHA PAVLO,COY BERNAL PABLO,5,KAZ,BATYROV NURBEK,30:27,30,27,
7,153,Elite Men - 85 Kg (EM-85kg),FRESNEDA RICARDO ADRIAN,ORALBAY NURBEK,1,KAZ,BATYROV NURBEK,28:29,28,29,
7,153,Elite Men - 85 Kg (EM-85kg),FRESNEDA RICARDO ADRIAN,ORALBAY NURBEK,2,FRA,FORGET ALAIN,27:30,27,30,
7,153,Elite Men - 85 Kg (EM-85kg),FRESNEDA RICARDO ADRIAN,ORALBAY NURBEK,3,ESP,MOYA FLORENTINO,30:27,30,27,
7,153,Elite Men - 85 Kg (EM-85kg),FRESNEDA RICARDO ADRIAN,ORALBAY NURBEK,4,UKR,SOKOLOV RUSLAN,28:29,28,29,
7,153,Elite Men - 85 Kg (EM-85kg),FRESNEDA RICARDO ADRIAN,ORALBAY NURBEK,5,ENG,KHAN KAMRAN,29:28,29,28,
7,154,Elite Men - 90 Kg (EM-90kg),REYES PLA ENMANUEL,OKOH ISSAC,1,KAZ,BATYROV NURBEK,30:27,30,27,
7,154,Elite Men - 90 Kg (EM-90kg),REYES PLA ENMANUEL,OKOH ISSAC,2,ESP,FLORES SANTIAGO,29:28,29,28,
7,154,Elite Men - 90 Kg (EM-90kg),REYES PLA ENMANUEL,OKOH ISSAC,3,ENG,KHAN KAMRAN,27:30,27,30,
7,154,Elite Men - 90 Kg (EM-90kg),REYES PLA ENMANUEL,OKOH ISSAC,4,UKR,SOKOLOV RUSLAN,30:27,30,27,
7,154,Elite Men - 90 Kg (EM-90kg),REYES PLA ENMANUEL,OKOH ISSAC,5,FRA,FORGET ALAIN,28:29,28,29,
7,155,Elite Men + 90 Kg (EM+90kg),ASSYLKHAN NURASSYL,LOVCHYNSKYI DMYTRO,1,KAZ,BATYROV NURBEK,30:27,30,27,
7,155,Elite Men + 90 Kg (EM+90kg),ASSYLKHAN NURASSYL,LOVCHYNSKYI DMYTRO,2,ESP,FLORES SANTIAGO,29:28,29,28,
7,155,Elite Men + 90 Kg (EM+90kg),ASSYLKHAN NURASSYL,LOVCHYNSKYI DMYTRO,3,UKR,SOKOLOV RUSLAN,27:30,27,30,
7,155,Elite Men + 90 Kg (EM+90kg),ASSYLKHAN NURASSYL,LOVCHYNSKYI DMYTRO,4,ENG,KHAN KAMRAN,29:28,29,28,
7,155,Elite Men + 90 Kg (EM+90kg),ASSYLKHAN NURASSYL,LOVCHYNSKYI DMYTRO,5,FRA,FORGET ALAIN,29:28,29,28,
8,156,Elite Women - 48 Kg (EW-48kg),TURGANOVA YELYANUR,LOPEZ DEL ARBOL MARTA,1,ESP,ACENDRA LOPEZ EDILBERTO,27:30,27,30,
8,156,Elite Women - 48 Kg (EW-48kg),TURGANOVA YELYANUR,LOPEZ DEL ARBOL MARTA,2,IND,NEELAM,27:30,27,30,
8,156,Elite Women - 48 Kg (EW-48kg),TURGANOVA YELYANUR,LOPEZ DEL ARBOL MARTA,3,POR,TEIXEIRA SANDRA,27:30,27,30,
8,156,Elite Women - 48 Kg (EW-48kg),TURGANOVA YELYANUR,LOPEZ DEL ARBOL MARTA,4,KAZ,PARAKHATOV MEIRKHAN,27:30,27,30,
8,156,Elite Women - 48 Kg (EW-48kg),TURGANOVA YELYANUR,LOPEZ DEL ARBOL MARTA,5,SWE,BERNTZEN MATS,27:30,27,30,
8,157,Elite Women - 51 Kg (EW-51kg),GUTIERREZ SALMERON NOELIA,POKUSAI TAISSIA,1,KAZ,PARAKHATOV MEIRKHAN,30:27,30,27,
8,157,Elite Women - 51 Kg (EW-51kg),GUTIERREZ SALMERON NOELIA,POKUSAI TAISSIA,2,ESP,ROMERO JOSE JUAN,30:27,30,27,
8,157,Elite Women - 51 Kg (EW-51kg),GUTIERREZ SALMERON NOELIA,POKUSAI TAISSIA,3,SWE,BERNTZEN MATS,30:27,30,27,
8,157,Elite Women - 51 Kg (EW-51kg),GUTIERREZ SALMERON NOELIA,POKUSAI TAISSIA,4,POR,TEIXEIRA SANDRA,30:27,30,27,
8,157,Elite Women - 51 Kg (EW-51kg),GUTIERREZ SALMERON NOELIA,POKUSAI TAISSIA,5,IND,NEELAM,29:28,29,28,
8,158,Elite Women - 54 Kg (EW-54kg),SMITH IVY-JANE,POONAM,1,POR,TEIXEIRA SANDRA,28:25,28,25,
8,158,Elite Women - 54 Kg (EW-54kg),SMITH IVY-JANE,POONAM,2,SWE,BERNTZEN MATS,25:28,25,28,
8,158,Elite Women - 54 Kg (EW-54kg),SMITH IVY-JANE,POONAM,3,ESP,ALVAREZ IDAFE,26:27,26,27,
8,158,Elite Women - 54 Kg (EW-54kg),SMITH IVY-JANE,POONAM,4,KAZ,PARAKHATOV MEIRKHAN,26:27,26,27,
8,158,Elite Women - 54 Kg (EW-54kg),SMITH IVY-JANE,POONAM,5,ESP,ACENDRA LOPEZ EDILBERTO,25:28,25,28,
8,159,Elite Women - 57 Kg (EW-57kg),RUENROS PUNRAWEE,AL AHMADIEH MARIE,1,ESP,ACENDRA LOPEZ EDILBERTO,30:27,30,27,
8,159,Elite Women - 57 Kg (EW-57kg),RUENROS PUNRAWEE,AL AHMADIEH MARIE,2,POR,TEIXEIRA SANDRA,29:28,29,28,
8,159,Elite Women - 57 Kg (EW-57kg),RUENROS PUNRAWEE,AL AHMADIEH MARIE,3,SWE,BERNTZEN MATS,30:27,30,27,
8,159,Elite Women - 57 Kg (EW-57kg),RUENROS PUNRAWEE,AL AHMADIEH MARIE,4,IND,NEELAM,29:28,29,28,
8,159,Elite Women - 57 Kg (EW-57kg),RUENROS PUNRAWEE,AL AHMADIEH MARIE,5,KAZ,PARAKHATOV MEIRKHAN,30:27,30,27,
8,160,Elite Women - 60 Kg (EW-60kg),DOVHAL TETIANA,SOMNUEK THANANYA,1,KAZ,PARAKHATOV MEIRKHAN,27:29,27,29,
8,160,Elite Women - 60 Kg (EW-60kg),DOVHAL TETIANA,SOMNUEK THANANYA,2,ESP,ROMERO JOSE JUAN,* 28:28,28,28,YES
8,160,Elite Women - 60 Kg (EW-60kg),DOVHAL TETIANA,SOMNUEK THANANYA,3,SWE,BERNTZEN MATS,29:27,29,27,
8,160,Elite Women - 60 Kg (EW-60kg),DOVHAL TETIANA,SOMNUEK THANANYA,4,IND,NEELAM,* 28:28,28,28,YES
8,160,Elite Women - 60 Kg (EW-60kg),DOVHAL TETIANA,SOMNUEK THANANYA,5,POR,TEIXEIRA SANDRA,27:29,27,29,
8,161,Elite Women - 65 Kg (EW-65kg),ALLEN KAYLA,KAJAL,1,ESP,ALVAREZ IDAFE,30:27,30,27,
8,161,Elite Women - 65 Kg (EW-65kg),ALLEN KAYLA,KAJAL,2,SWE,BERNTZEN MATS,30:27,30,27,
8,161,Elite Women - 65 Kg (EW-65kg),ALLEN KAYLA,KAJAL,3,ESP,ROMERO JOSE JUAN,29:28,29,28,
8,161,Elite Women - 65 Kg (EW-65kg),ALLEN KAYLA,KAJAL,4,KAZ,PARAKHATOV MEIRKHAN,30:27,30,27,
8,161,Elite Women - 65 Kg (EW-65kg),ALLEN KAYLA,KAJAL,5,POR,TEIXEIRA SANDRA,29:28,29,28,
8,162,Elite Women - 70 Kg (EW-70kg),BADIN ANDREA,TARAN ANASTASIIA,1,SWE,BERNTZEN MATS,28:29,28,29,
8,162,Elite Women - 70 Kg (EW-70kg),BADIN ANDREA,TARAN ANASTASIIA,2,ESP,ROMERO JOSE JUAN,27:30,27,30,
8,162,Elite Women - 70 Kg (EW-70kg),BADIN ANDREA,TARAN ANASTASIIA,3,KAZ,PARAKHATOV MEIRKHAN,27:30,27,30,
8,162,Elite Women - 70 Kg (EW-70kg),BADIN ANDREA,TARAN ANASTASIIA,4,IND,NEELAM,27:30,27,30,
8,162,Elite Women - 70 Kg (EW-70kg),BADIN ANDREA,TARAN ANASTASIIA,5,ESP,ALVAREZ IDAFE,27:30,27,30,
8,163,Elite Women - 75 Kg (EW-75kg),THOKCHOM SANAMACHA CHANU,SMITH MARY-KATE,1,KAZ,PARAKHATOV MEIRKHAN,25:30,25,30,
8,163,Elite Women - 75 Kg (EW-75kg),THOKCHOM SANAMACHA CHANU,SMITH MARY-KATE,2,SWE,BERNTZEN MATS,27:29,27,29,
8,163,Elite Women - 75 Kg (EW-75kg),THOKCHOM SANAMACHA CHANU,SMITH MARY-KATE,3,IND,NEELAM,28:28,28,28,
8,163,Elite Women - 75 Kg (EW-75kg),THOKCHOM SANAMACHA CHANU,SMITH MARY-KATE,4,ESP,ALVAREZ IDAFE,26:30,26,30,
8,163,Elite Women - 75 Kg (EW-75kg),THOKCHOM SANAMACHA CHANU,SMITH MARY-KATE,5,POR,TEIXEIRA SANDRA,27:29,27,29,
8,164,Elite Women + 80 Kg (EW+80kg),GULLEN ORTIZ TINDAYA LUCIA,SEIITKAHNKYZY PANAR,1,KAZ,PARAKHATOV MEIRKHAN,26:30,26,30,
8,164,Elite Women + 80 Kg (EW+80kg),GULLEN ORTIZ TINDAYA LUCIA,SEIITKAHNKYZY PANAR,2,POR,TEIXEIRA SANDRA,28:29,28,29,
8,164,Elite Women + 80 Kg (EW+80kg),GULLEN ORTIZ TINDAYA LUCIA,SEIITKAHNKYZY PANAR,3,IND,NEELAM,28:29,28,29,
8,164,Elite Women + 80 Kg (EW+80kg),GULLEN ORTIZ TINDAYA LUCIA,SEIITKAHNKYZY PANAR,4,ESP,ACENDRA LOPEZ EDILBERTO,27:30,27,30,
8,164,Elite Women + 80 Kg (EW+80kg),GULLEN ORTIZ TINDAYA LUCIA,SEIITKAHNKYZY PANAR,5,SWE,BERNTZEN MATS,27:30,27,30,
8,165,Elite Men - 50 Kg (EM-50kg),ONGAROV NURZAT,MAGHRAOUI FRYHAH ISMAEL,1,ESP,ACENDRA LOPEZ EDILBERTO,27:30,27,30,
8,165,Elite Men - 50 Kg (EM-50kg),ONGAROV NURZAT,MAGHRAOUI FRYHAH ISMAEL,2,SWE,BERNTZEN MATS,28:29,28,29,
8,165,Elite Men - 50 Kg (EM-50kg),ONGAROV NURZAT,MAGHRAOUI FRYHAH ISMAEL,3,KAZ,PARAKHATOV MEIRKHAN,30:27,30,27,
8,165,Elite Men - 50 Kg (EM-50kg),ONGAROV NURZAT,MAGHRAOUI FRYHAH ISMAEL,4,POR,TEIXEIRA SANDRA,28:29,28,29,
8,165,Elite Men - 50 Kg (EM-50kg),ONGAROV NURZAT,MAGHRAOUI FRYHAH ISMAEL,5,IND,NEELAM,28:29,28,29,
8,166,Elite Men - 55 Kg (EM-55kg),TROWBRIDGE ELLIS,TOMINES MAXIMUS,1,ESP,ALVAREZ IDAFE,29:28,29,28,
8,166,Elite Men - 55 Kg (EM-55kg),TROWBRIDGE ELLIS,TOMINES MAXIMUS,2,ESP,ROMERO JOSE JUAN,30:27,30,27,
8,166,Elite Men - 55 Kg (EM-55kg),TROWBRIDGE ELLIS,TOMINES MAXIMUS,3,POR,TEIXEIRA SANDRA,28:29,28,29,
8,166,Elite Men - 55 Kg (EM-55kg),TROWBRIDGE ELLIS,TOMINES MAXIMUS,4,IND,NEELAM,28:29,28,29,
8,166,Elite Men - 55 Kg (EM-55kg),TROWBRIDGE ELLIS,TOMINES MAXIMUS,5,KAZ,PARAKHATOV MEIRKHAN,29:28,29,28,
8,167,Elite Men - 60 Kg (EM-60kg),SACHIN,DRYDEN JACK,1,SWE,BERNTZEN MATS,27:30,27,30,
8,167,Elite Men - 60 Kg (EM-60kg),SACHIN,DRYDEN JACK,2,ESP,ROMERO JOSE JUAN,29:28,29,28,
8,167,Elite Men - 60 Kg (EM-60kg),SACHIN,DRYDEN JACK,3,ESP,ACENDRA LOPEZ EDILBERTO,29:28,29,28,
8,167,Elite Men - 60 Kg (EM-60kg),SACHIN,DRYDEN JACK,4,IND,NEELAM,29:28,29,28,
8,167,Elite Men - 60 Kg (EM-60kg),SACHIN,DRYDEN JACK,5,POR,TEIXEIRA SANDRA,30:27,30,27,
8,168,Elite Men - 65 Kg (EM-65kg),ALIIEV ELVIN,IBARRECHE CONDE OIER,1,POR,TEIXEIRA SANDRA,10:9,10,9,
8,168,Elite Men - 65 Kg (EM-65kg),ALIIEV ELVIN,IBARRECHE CONDE OIER,2,ESP,ROMERO JOSE JUAN,10:8,10,8,
8,168,Elite Men - 65 Kg (EM-65kg),ALIIEV ELVIN,IBARRECHE CONDE OIER,3,KAZ,PARAKHATOV MEIRKHAN,10:8,10,8,
8,168,Elite Men - 65 Kg (EM-65kg),ALIIEV ELVIN,IBARRECHE CONDE OIER,4,SWE,BERNTZEN MATS,10:8,10,8,
8,168,Elite Men - 65 Kg (EM-65kg),ALIIEV ELVIN,IBARRECHE CONDE OIER,5,IND,NEELAM,10:9,10,9,
8,169,Elite Men - 70 Kg (EM-70kg),MURSAL NURBEK,DEEPAK,1,KAZ,PARAKHATOV MEIRKHAN,-,,,
8,169,Elite Men - 70 Kg (EM-70kg),MURSAL NURBEK,DEEPAK,2,POR,TEIXEIRA SANDRA,-,,,
8,169,Elite Men - 70 Kg (EM-70kg),MURSAL NURBEK,DEEPAK,3,SWE,BERNTZEN MATS,-,,,
8,169,Elite Men - 70 Kg (EM-70kg),MURSAL NURBEK,DEEPAK,4,ESP,ROMERO JOSE JUAN,-,,,
8,169,Elite Men - 70 Kg (EM-70kg),MURSAL NURBEK,DEEPAK,5,IND,NEELAM,-,,,
8,170,Elite Men - 75 Kg (EM-75kg),ZAKHARIEIEV YURII,KONSBEKOV AMAN,1,SWE,BERNTZEN MATS,27:29,27,29,
8,170,Elite Men - 75 Kg (EM-75kg),ZAKHARIEIEV YURII,KONSBEKOV AMAN,2,ESP,ACENDRA LOPEZ EDILBERTO,27:29,27,29,
8,170,Elite Men - 75 Kg (EM-75kg),ZAKHARIEIEV YURII,KONSBEKOV AMAN,3,POR,TEIXEIRA SANDRA,27:29,27,29,
8,170,Elite Men - 75 Kg (EM-75kg),ZAKHARIEIEV YURII,KONSBEKOV AMAN,4,IND,NEELAM,27:29,27,29,
8,170,Elite Men - 75 Kg (EM-75kg),ZAKHARIEIEV YURII,KONSBEKOV AMAN,5,ESP,ALVAREZ IDAFE,28:28,28,28,
8,171,Elite Men - 80 Kg (EM-80kg),ANKUSH,BEKTAS AZAMAT,1,KAZ,PARAKHATOV MEIRKHAN,28:28,28,28,
8,171,Elite Men - 80 Kg (EM-80kg),ANKUSH,BEKTAS AZAMAT,2,ESP,ALVAREZ IDAFE,30:26,30,26,
8,171,Elite Men - 80 Kg (EM-80kg),ANKUSH,BEKTAS AZAMAT,3,POR,TEIXEIRA SANDRA,29:27,29,27,
8,171,Elite Men - 80 Kg (EM-80kg),ANKUSH,BEKTAS AZAMAT,4,ESP,ACENDRA LOPEZ EDILBERTO,29:27,29,27,
8,171,Elite Men - 80 Kg (EM-80kg),ANKUSH,BEKTAS AZAMAT,5,IND,NEELAM,30:26,30,26,
8,172,Elite Men - 85 Kg (EM-85kg),PANAH ARYAN SAED,LAKTIONOV MYKOLA,1,SWE,BERNTZEN MATS,29:28,29,28,
8,172,Elite Men - 85 Kg (EM-85kg),PANAH ARYAN SAED,LAKTIONOV MYKOLA,2,IND,NEELAM,29:28,29,28,
8,172,Elite Men - 85 Kg (EM-85kg),PANAH ARYAN SAED,LAKTIONOV MYKOLA,3,KAZ,PARAKHATOV MEIRKHAN,28:29,28,29,
8,172,Elite Men - 85 Kg (EM-85kg),PANAH ARYAN SAED,LAKTIONOV MYKOLA,4,ESP,ROMERO JOSE JUAN,28:29,28,29,
8,172,Elite Men - 85 Kg (EM-85kg),PANAH ARYAN SAED,LAKTIONOV MYKOLA,5,POR,TEIXEIRA SANDRA,29:28,29,28,
8,173,Elite Men - 90 Kg (EM-90kg),TOGAMBAY SAGYNDYK,MICHKOVSKYI PAVLO,1,IND,NEELAM,30:27,30,27,
8,173,Elite Men - 90 Kg (EM-90kg),TOGAMBAY SAGYNDYK,MICHKOVSKYI PAVLO,2,ESP,ACENDRA LOPEZ EDILBERTO,29:28,29,28,
8,173,Elite Men - 90 Kg (EM-90kg),TOGAMBAY SAGYNDYK,MICHKOVSKYI PAVLO,3,ESP,ROMERO JOSE JUAN,30:26,30,26,
8,173,Elite Men - 90 Kg (EM-90kg),TOGAMBAY SAGYNDYK,MICHKOVSKYI PAVLO,4,ESP,ALVAREZ IDAFE,29:27,29,27,
8,173,Elite Men - 90 Kg (EM-90kg),TOGAMBAY SAGYNDYK,MICHKOVSKYI PAVLO,5,POR,TEIXEIRA SANDRA,29:28,29,28,
8,174,Elite Men + 90 Kg (EM+90kg),KHALETSKYI ANDRII,ORALBAY AIBEK,1,ESP,ALVAREZ IDAFE,27:30,27,30,
8,174,Elite Men + 90 Kg (EM+90kg),KHALETSKYI ANDRII,ORALBAY AIBEK,2,IND,NEELAM,27:30,27,30,
8,174,Elite Men + 90 Kg (EM+90kg),KHALETSKYI ANDRII,ORALBAY AIBEK,3,POR,TEIXEIRA SANDRA,28:29,28,29,
8,174,Elite Men + 90 Kg (EM+90kg),KHALETSKYI ANDRII,ORALBAY AIBEK,4,SWE,BERNTZEN MATS,28:29,28,29,
8,174,Elite Men + 90 Kg (EM+90kg),KHALETSKYI ANDRII,ORALBAY AIBEK,5,ESP,ACENDRA LOPEZ EDILBERTO,27:30,27,30,
9,175,Elite Women - 48 Kg (EW-48kg),RANI MANJU,LOPEZ DEL ARBOL MARTA,1,KAZ,PARAKHATOV MEIRKHAN,30:27,30,27,
9,175,Elite Women - 48 Kg (EW-48kg),RANI MANJU,LOPEZ DEL ARBOL MARTA,2,SWE,BERNTZEN MATS,29:28,29,28,
9,175,Elite Women - 48 Kg (EW-48kg),RANI MANJU,LOPEZ DEL ARBOL MARTA,3,UKR,SOKOLOV RUSLAN,30:27,30,27,
9,175,Elite Women - 48 Kg (EW-48kg),RANI MANJU,LOPEZ DEL ARBOL MARTA,4,ENG,KHAN KAMRAN,29:28,29,28,
9,175,Elite Women - 48 Kg (EW-48kg),RANI MANJU,LOPEZ DEL ARBOL MARTA,5,KAZ,BATYROV NURBEK,30:27,30,27,
9,176,Elite Women - 51 Kg (EW-51kg),NITU,GUTIERREZ SALMERON NOELIA,1,SWE,BERNTZEN MATS,30:27,30,27,
9,176,Elite Women - 51 Kg (EW-51kg),NITU,GUTIERREZ SALMERON NOELIA,2,ENG,KHAN KAMRAN,30:27,30,27,
9,176,Elite Women - 51 Kg (EW-51kg),NITU,GUTIERREZ SALMERON NOELIA,3,POR,TEIXEIRA SANDRA,29:28,29,28,
9,176,Elite Women - 51 Kg (EW-51kg),NITU,GUTIERREZ SALMERON NOELIA,4,FRA,FORGET ALAIN,30:27,30,27,
9,176,Elite Women - 51 Kg (EW-51kg),NITU,GUTIERREZ SALMERON NOELIA,5,UKR,SOKOLOV RUSLAN,30:27,30,27,
9,177,Elite Women - 54 Kg (EW-54kg),PREETI,POONAM,1,ESP,ACENDRA LOPEZ EDILBERTO,27:30,27,30,
9,177,Elite Women - 54 Kg (EW-54kg),PREETI,POONAM,2,ESP,AVILA PRIETO FRANCISCO JOSE,28:29,28,29,
9,177,Elite Women - 54 Kg (EW-54kg),PREETI,POONAM,3,ESP,MOYA FLORENTINO,28:29,28,29,
9,177,Elite Women - 54 Kg (EW-54kg),PREETI,POONAM,4,ESP,FERNANDEZ FERNANDEZ JOSE RAMÓN,27:30,27,30,
9,177,Elite Women - 54 Kg (EW-54kg),PREETI,POONAM,5,KAZ,PARAKHATOV MEIRKHAN,30:27,30,27,
9,178,Elite Women - 57 Kg (EW-57kg),WEERHEIM GABRIELLA,RUENROS PUNRAWEE,1,ESP,FLORES SANTIAGO,27:30,27,30,
9,178,Elite Women - 57 Kg (EW-57kg),WEERHEIM GABRIELLA,RUENROS PUNRAWEE,2,ESP,ALVAREZ IDAFE,27:30,27,30,
9,178,Elite Women - 57 Kg (EW-57kg),WEERHEIM GABRIELLA,RUENROS PUNRAWEE,3,UKR,SOKOLOV RUSLAN,27:30,27,30,
9,178,Elite Women - 57 Kg (EW-57kg),WEERHEIM GABRIELLA,RUENROS PUNRAWEE,4,ENG,KHAN KAMRAN,27:30,27,30,
9,178,Elite Women - 57 Kg (EW-57kg),WEERHEIM GABRIELLA,RUENROS PUNRAWEE,5,POR,TEIXEIRA SANDRA,27:30,27,30,
9,179,Elite Women - 60 Kg (EW-60kg),PRIYA,DOVHAL TETIANA,1,ENG,KHAN KAMRAN,29:28,29,28,
9,179,Elite Women - 60 Kg (EW-60kg),PRIYA,DOVHAL TETIANA,2,SWE,BERNTZEN MATS,30:27,30,27,
9,179,Elite Women - 60 Kg (EW-60kg),PRIYA,DOVHAL TETIANA,3,KAZ,BATYROV NURBEK,30:27,30,27,
9,179,Elite Women - 60 Kg (EW-60kg),PRIYA,DOVHAL TETIANA,4,ESP,FERNANDEZ FERNANDEZ JOSE RAMÓN,30:27,30,27,
9,179,Elite Women - 60 Kg (EW-60kg),PRIYA,DOVHAL TETIANA,5,ESP,ROMERO JOSE JUAN,30:27,30,27,
9,180,Elite Women - 65 Kg (EW-65kg),SERIK NAZERKE,ALLEN KAYLA,1,IND,NEELAM,28:27,28,27,
9,180,Elite Women - 65 Kg (EW-65kg),SERIK NAZERKE,ALLEN KAYLA,2,ESP,ROMERO JOSE JUAN,27:28,27,28,
9,180,Elite Women - 65 Kg (EW-65kg),SERIK NAZERKE,ALLEN KAYLA,3,ESP,ALVAREZ IDAFE,26:29,26,29,
9,180,Elite Women - 65 Kg (EW-65kg),SERIK NAZERKE,ALLEN KAYLA,4,POR,TEIXEIRA SANDRA,26:29,26,29,
9,180,Elite Women - 65 Kg (EW-65kg),SERIK NAZERKE,ALLEN KAYLA,5,ESP,MOYA FLORENTINO,29:26,29,26,
9,181,Elite Women - 70 Kg (EW-70kg),CHOURDHARY ARUNDHATI,TARAN ANASTASIIA,1,ESP,MOYA FLORENTINO,30:26,30,26,
9,181,Elite Women - 70 Kg (EW-70kg),CHOURDHARY ARUNDHATI,TARAN ANASTASIIA,2,ENG,KHAN KAMRAN,30:27,30,27,
9,181,Elite Women - 70 Kg (EW-70kg),CHOURDHARY ARUNDHATI,TARAN ANASTASIIA,3,KAZ,BATYROV NURBEK,30:27,30,27,
9,181,Elite Women - 70 Kg (EW-70kg),CHOURDHARY ARUNDHATI,TARAN ANASTASIIA,4,KAZ,PARAKHATOV MEIRKHAN,30:27,30,27,
9,181,Elite Women - 70 Kg (EW-70kg),CHOURDHARY ARUNDHATI,TARAN ANASTASIIA,5,ESP,FERNANDEZ FERNANDEZ JOSE RAMÓN,30:26,30,26,
9,182,Elite Women - 75 Kg (EW-75kg),BORGOHAIN LOVLINA,SMITH MARY-KATE,1,UKR,SOKOLOV RUSLAN,29:28,29,28,
9,182,Elite Women - 75 Kg (EW-75kg),BORGOHAIN LOVLINA,SMITH MARY-KATE,2,ESP,ALVAREZ IDAFE,29:28,29,28,
9,182,Elite Women - 75 Kg (EW-75kg),BORGOHAIN LOVLINA,SMITH MARY-KATE,3,SWE,BERNTZEN MATS,28:29,28,29,
9,182,Elite Women - 75 Kg (EW-75kg),BORGOHAIN LOVLINA,SMITH MARY-KATE,4,ESP,AVILA PRIETO FRANCISCO JOSE,30:27,30,27,
9,182,Elite Women - 75 Kg (EW-75kg),BORGOHAIN LOVLINA,SMITH MARY-KATE,5,FRA,FORGET ALAIN,30:27,30,27,
9,183,Elite Women - 80 Kg (EW-80kg),PISKUN RAISA,NAINA,1,ESP,ALVAREZ IDAFE,27:30,27,30,
9,183,Elite Women - 80 Kg (EW-80kg),PISKUN RAISA,NAINA,2,ESP,ACENDRA LOPEZ EDILBERTO,28:29,28,29,
9,183,Elite Women - 80 Kg (EW-80kg),PISKUN RAISA,NAINA,3,POR,TEIXEIRA SANDRA,28:29,28,29,
9,183,Elite Women - 80 Kg (EW-80kg),PISKUN RAISA,NAINA,4,ESP,MOYA FLORENTINO,28:29,28,29,
9,183,Elite Women - 80 Kg (EW-80kg),PISKUN RAISA,NAINA,5,ESP,ROMERO JOSE JUAN,29:28,29,28,
9,184,Elite Women + 80 Kg (EW+80kg),SADYKOVA UMIDA,SEIITKAHNKYZY PANAR,1,UKR,SOKOLOV RUSLAN,-,,,
9,184,Elite Women + 80 Kg (EW+80kg),SADYKOVA UMIDA,SEIITKAHNKYZY PANAR,2,ESP,ALVAREZ IDAFE,-,,,
9,184,Elite Women + 80 Kg (EW+80kg),SADYKOVA UMIDA,SEIITKAHNKYZY PANAR,3,ENG,KHAN KAMRAN,-,,,
9,184,Elite Women + 80 Kg (EW+80kg),SADYKOVA UMIDA,SEIITKAHNKYZY PANAR,4,ESP,AVILA PRIETO FRANCISCO JOSE,-,,,
9,184,Elite Women + 80 Kg (EW+80kg),SADYKOVA UMIDA,SEIITKAHNKYZY PANAR,5,ESP,ACENDRA LOPEZ EDILBERTO,-,,,
9,185,Elite Men - 50 Kg (EM-50kg),TASHKENBAY SANZHAR,MAGHRAOUI FRYHAH ISMAEL,1,POR,TEIXEIRA SANDRA,29:28,29,28,
9,185,Elite Men - 50 Kg (EM-50kg),TASHKENBAY SANZHAR,MAGHRAOUI FRYHAH ISMAEL,2,UKR,SOKOLOV RUSLAN,30:27,30,27,
9,185,Elite Men - 50 Kg (EM-50kg),TASHKENBAY SANZHAR,MAGHRAOUI FRYHAH ISMAEL,3,IND,NEELAM,29:28,29,28,
9,185,Elite Men - 50 Kg (EM-50kg),TASHKENBAY SANZHAR,MAGHRAOUI FRYHAH ISMAEL,4,ENG,KHAN KAMRAN,30:27,30,27,
9,185,Elite Men - 50 Kg (EM-50kg),TASHKENBAY SANZHAR,MAGHRAOUI FRYHAH ISMAEL,5,FRA,FORGET ALAIN,30:27,30,27,
9,186,Elite Men - 55 Kg (EM-55kg),SABYRKHAN MAKHMUD,TROWBRIDGE ELLIS,1,ESP,MOYA FLORENTINO,10:9,10,9,
9,186,Elite Men - 55 Kg (EM-55kg),SABYRKHAN MAKHMUD,TROWBRIDGE ELLIS,2,ESP,AVILA PRIETO FRANCISCO JOSE,10:9,10,9,
9,186,Elite Men - 55 Kg (EM-55kg),SABYRKHAN MAKHMUD,TROWBRIDGE ELLIS,3,ESP,FLORES SANTIAGO,10:9,10,9,
9,186,Elite Men - 55 Kg (EM-55kg),SABYRKHAN MAKHMUD,TROWBRIDGE ELLIS,4,IND,NEELAM,9:10,9,10,
9,186,Elite Men - 55 Kg (EM-55kg),SABYRKHAN MAKHMUD,TROWBRIDGE ELLIS,5,POR,TEIXEIRA SANDRA,9:10,9,10,
9,187,Elite Men - 60 Kg (EM-60kg),AL AHMADIEH KEOMA-ALI,SACHIN,1,SWE,BERNTZEN MATS,28:29,28,29,
9,187,Elite Men - 60 Kg (EM-60kg),AL AHMADIEH KEOMA-ALI,SACHIN,2,KAZ,PARAKHATOV MEIRKHAN,29:28,29,28,
9,187,Elite Men - 60 Kg (EM-60kg),AL AHMADIEH KEOMA-ALI,SACHIN,3,KAZ,BATYROV NURBEK,29:28,29,28,
9,187,Elite Men - 60 Kg (EM-60kg),AL AHMADIEH KEOMA-ALI,SACHIN,4,ESP,FERNANDEZ FERNANDEZ JOSE RAMÓN,27:30,27,30,
9,187,Elite Men - 60 Kg (EM-60kg),AL AHMADIEH KEOMA-ALI,SACHIN,5,ESP,ACENDRA LOPEZ EDILBERTO,27:30,27,30,
9,188,Elite Men - 65 Kg (EM-65kg),OUNAI MOHAMED,ALIIEV ELVIN,1,SWE,BERNTZEN MATS,-,,,
9,188,Elite Men - 65 Kg (EM-65kg),OUNAI MOHAMED,ALIIEV ELVIN,2,ENG,KHAN KAMRAN,-,,,
9,188,Elite Men - 65 Kg (EM-65kg),OUNAI MOHAMED,ALIIEV ELVIN,3,IND,NEELAM,-,,,
9,188,Elite Men - 65 Kg (EM-65kg),OUNAI MOHAMED,ALIIEV ELVIN,4,KAZ,BATYROV NURBEK,-,,,
9,188,Elite Men - 65 Kg (EM-65kg),OUNAI MOHAMED,ALIIEV ELVIN,5,POR,TEIXEIRA SANDRA,-,,,
9,189,Elite Men - 70 Kg (EM-70kg),SABYRKHAN TOREKHAN,DEEPAK,1,ENG,KHAN KAMRAN,29:27,29,27,
9,189,Elite Men - 70 Kg (EM-70kg),SABYRKHAN TOREKHAN,DEEPAK,2,UKR,SOKOLOV RUSLAN,29:27,29,27,
9,189,Elite Men - 70 Kg (EM-70kg),SABYRKHAN TOREKHAN,DEEPAK,3,ESP,MOYA FLORENTINO,29:27,29,27,
9,189,Elite Men - 70 Kg (EM-70kg),SABYRKHAN TOREKHAN,DEEPAK,4,FRA,FORGET ALAIN,27:29,27,29,
9,189,Elite Men - 70 Kg (EM-70kg),SABYRKHAN TOREKHAN,DEEPAK,5,SWE,BERNTZEN MATS,29:27,29,27,
9,190,Elite Men - 75 Kg (EM-75kg),AKASH,KONSBEKOV AMAN,1,ESP,FLORES SANTIAGO,29:28,29,28,
9,190,Elite Men - 75 Kg (EM-75kg),AKASH,KONSBEKOV AMAN,2,ESP,ALVAREZ IDAFE,29:28,29,28,
9,190,Elite Men - 75 Kg (EM-75kg),AKASH,KONSBEKOV AMAN,3,ESP,MOYA FLORENTINO,28:29,28,29,
9,190,Elite Men - 75 Kg (EM-75kg),AKASH,KONSBEKOV AMAN,4,ESP,AVILA PRIETO FRANCISCO JOSE,28:29,28,29,
9,190,Elite Men - 75 Kg (EM-75kg),AKASH,KONSBEKOV AMAN,5,POR,TEIXEIRA SANDRA,29:28,29,28,
9,191,Elite Men - 80 Kg (EM-80kg),ILLIUSHA PAVLO,ANKUSH,1,ESP,ACENDRA LOPEZ EDILBERTO,29:28,29,28,
9,191,Elite Men - 80 Kg (EM-80kg),ILLIUSHA PAVLO,ANKUSH,2,ESP,FERNANDEZ FERNANDEZ JOSE RAMÓN,29:28,29,28,
9,191,Elite Men - 80 Kg (EM-80kg),ILLIUSHA PAVLO,ANKUSH,3,FRA,FORGET ALAIN,29:28,29,28,
9,191,Elite Men - 80 Kg (EM-80kg),ILLIUSHA PAVLO,ANKUSH,4,KAZ,PARAKHATOV MEIRKHAN,29:28,29,28,
9,191,Elite Men - 80 Kg (EM-80kg),ILLIUSHA PAVLO,ANKUSH,5,SWE,BERNTZEN MATS,30:27,30,27,
9,192,Elite Men - 85 Kg (EM-85kg),ORALBAY NURBEK,PANAH ARYAN SAED,1,ESP,AVILA PRIETO FRANCISCO JOSE,29:28,29,28,
9,192,Elite Men - 85 Kg (EM-85kg),ORALBAY NURBEK,PANAH ARYAN SAED,2,UKR,SOKOLOV RUSLAN,30:27,30,27,
9,192,Elite Men - 85 Kg (EM-85kg),ORALBAY NURBEK,PANAH ARYAN SAED,3,IND,NEELAM,29:28,29,28,
9,192,Elite Men - 85 Kg (EM-85kg),ORALBAY NURBEK,PANAH ARYAN SAED,4,POR,TEIXEIRA SANDRA,29:28,29,28,
9,192,Elite Men - 85 Kg (EM-85kg),ORALBAY NURBEK,PANAH ARYAN SAED,5,SWE,BERNTZEN MATS,30:27,30,27,
9,193,Elite Men - 90 Kg (EM-90kg),REYES PLA ENMANUEL,TOGAMBAY SAGYNDYK,1,POR,TEIXEIRA SANDRA,29:28,29,28,
9,193,Elite Men - 90 Kg (EM-90kg),REYES PLA ENMANUEL,TOGAMBAY SAGYNDYK,2,IND,NEELAM,29:28,29,28,
9,193,Elite Men - 90 Kg (EM-90kg),REYES PLA ENMANUEL,TOGAMBAY SAGYNDYK,3,ENG,KHAN KAMRAN,27:30,27,30,
9,193,Elite Men - 90 Kg (EM-90kg),REYES PLA ENMANUEL,TOGAMBAY SAGYNDYK,4,SWE,BERNTZEN MATS,27:30,27,30,
9,193,Elite Men - 90 Kg (EM-90kg),REYES PLA ENMANUEL,TOGAMBAY SAGYNDYK,5,FRA,FORGET ALAIN,29:28,29,28,
9,194,Elite Men + 90 Kg (EM+90kg),ASSYLKHAN NURASSYL,ORALBAY AIBEK,1,POR,TEIXEIRA SANDRA,26:30,26,30,
9,194,Elite Men + 90 Kg (EM+90kg),ASSYLKHAN NURASSYL,ORALBAY AIBEK,2,ESP,ACENDRA LOPEZ EDILBERTO,27:30,27,30,
9,194,Elite Men + 90 Kg (EM+90kg),ASSYLKHAN NURASSYL,ORALBAY AIBEK,3,ESP,FERNANDEZ FERNANDEZ JOSE RAMÓN,27:30,27,30,
9,194,Elite Men + 90 Kg (EM+90kg),ASSYLKHAN NURASSYL,ORALBAY AIBEK,4,ESP,ALVAREZ IDAFE,27:30,27,30,
9,194,Elite Men + 90 Kg (EM+90kg),ASSYLKHAN NURASSYL,ORALBAY AIBEK,5,ESP,MOYA FLORENTINO,25:30,25,30,
